account_id,BRANCH_CODE,customer_id,ACCOUNT_TYPE,balance,status
1,19012,1,SBBAS2,427000,ACTIVE
2,00612,1,SBGEN,271900,ACTIVE
3,21792,2,TD001,1622000,ACTIVE
4,50782,2,SBODS4,169900,ACTIVE
5,16959,2,TD002,633000,ACTIVE
6,00212,2,SBODS4,7600,ACTIVE
7,00782,2,TD001,1122000,BLOCKED
8,14158,3,CACOL,3207000,ACTIVE
9,00613,3,SBBAS2,413700,ACTIVE
10,11234,3,TD001,1509000,ACTIVE
11,21424,3,CA0033,2292000,ACTIVE
12,00912,3,TD001,361000,ACTIVE
13,50782,4,TD002,789000,ACTIVE
14,09012,4,SBBAS2,6600,ACTIVE
15,16789,4,TD001,1850000,ACTIVE
16,00836,4,TD003,1840000,ACTIVE
17,00201,5,SB101,144400,ACTIVE
18,00212,5,TD001,1513000,ACTIVE
19,20123,5,CACOL,1725000,ACTIVE
20,20815,5,TD003,446000,ACTIVE
21,18849,6,SBGEN,39300,ACTIVE
22,61020,6,SB101,116000,ACTIVE
23,21061,6,CAGEN,694000,ACTIVE
24,01245,6,CAGEN,94500,ACTIVE
25,00656,7,TD002,1290000,ACTIVE
26,00156,7,TD002,1590000,BLOCKED
27,00255,7,TD003,1027000,ACTIVE
28,14567,8,TD001,74000,ACTIVE
29,13279,8,CA0033,3913000,ACTIVE
30,01378,8,TD001,1184000,ACTIVE
31,21240,9,CAGEN,775500,ACTIVE
32,08901,9,SBCHQ,142400,ACTIVE
33,00656,10,TD003,416000,ACTIVE
34,01012,10,SBBAS2,120300,ACTIVE
35,21291,10,TD001,1986000,ACTIVE
36,00334,11,SBGEN,194600,ACTIVE
37,14166,11,SBGEN,415600,ACTIVE
38,1195,11,SBBAS2,420000,ACTIVE
39,20998,11,CAGEN,556000,ACTIVE
40,11723,11,CAGEN,647000,ACTIVE
41,00311,12,SBGEN,400700,ACTIVE
42,21240,12,TD002,677000,ACTIVE
43,00823,12,CA0033,3619000,ACTIVE
44,20847,12,CAGEN,399500,ACTIVE
45,00267,12,SB101,95500,BLOCKED
46,14826,13,SBGEN,34200,ACTIVE
47,00212,13,CA0033,4734000,ACTIVE
48,00998,13,SBGEN,162600,ACTIVE
49,00542,13,TD003,1652000,ACTIVE
50,00334,13,TD001,505000,ACTIVE
51,2714,14,SBCHQ,182600,ACTIVE
52,14681,14,SBCHQ,219700,ACTIVE
53,20998,14,SBCHQ,386200,ACTIVE
54,60156,14,CAGEN,283000,ACTIVE
55,6854,15,SBODS4,160100,ACTIVE
56,00711,16,TD001,346000,ACTIVE
57,00432,16,SBCHQ,224200,ACTIVE
58,04567,16,CAGEN,44000,ACTIVE
59,00691,17,SB101,15400,ACTIVE
60,1195,17,CAGEN,372000,ACTIVE
61,00692,17,TD001,464000,ACTIVE
62,20998,17,CACOL,151000,ACTIVE
63,01012,17,SBBAS2,108100,ACTIVE
64,00234,18,CAGEN,198500,ACTIVE
65,03456,19,SB101,162100,ACTIVE
66,21554,19,TD002,223000,BLOCKED
67,21210,20,SBCHQ,310700,ACTIVE
68,00293,21,CACOL,2483000,ACTIVE
69,00844,22,SBCHQ,179200,ACTIVE
70,03093,22,SBCHQ,253400,ACTIVE
71,01512,22,SBCHQ,367500,ACTIVE
72,19012,23,TD001,1578000,ACTIVE
73,18779,23,TD001,121000,ACTIVE
74,00782,23,TD003,186000,ACTIVE
75,01173,23,TD003,1601000,ACTIVE
76,21861,24,SB101,73500,BLOCKED
77,01412,24,SBGEN,259300,ACTIVE
78,21205,24,SBBAS2,258200,ACTIVE
79,20847,24,TD002,1494000,BLOCKED
80,60148,25,SBBAS2,318300,BLOCKED
81,20854,26,SBCHQ,279200,ACTIVE
82,08901,26,SBBAS2,149800,ACTIVE
83,11234,26,SBCHQ,91900,ACTIVE
84,00945,26,TD001,1020000,ACTIVE
85,60159,26,CAGEN,125500,ACTIVE
86,20795,27,SB101,243900,ACTIVE
87,21205,27,SBBAS2,218900,ACTIVE
88,14826,27,TD001,642000,ACTIVE
89,21184,27,CAGEN,49000,ACTIVE
90,21752,27,SBGEN,58300,ACTIVE
91,00534,28,TD001,244000,ACTIVE
92,00711,28,SBGEN,23400,ACTIVE
93,00334,28,SBCHQ,244800,BLOCKED
94,01212,29,TD001,401000,ACTIVE
95,01512,29,SBGEN,300400,ACTIVE
96,12960,29,TD001,1026000,ACTIVE
97,21061,30,SBCHQ,461000,ACTIVE
98,20795,30,SBGEN,93000,ACTIVE
99,20847,30,SB101,15400,ACTIVE
100,20984,30,TD001,1154000,ACTIVE
101,21240,31,TD001,332000,ACTIVE
102,21210,31,CAGEN,157500,ACTIVE
103,00836,31,SBCHQ,47000,ACTIVE
104,01234,31,SBBAS2,191600,ACTIVE
105,20854,32,TD003,1749000,ACTIVE
106,02796,32,CACOL,1272000,ACTIVE
107,15069,32,SB101,8200,ACTIVE
108,00977,33,TD002,1910000,ACTIVE
109,31277,33,TD003,1719000,ACTIVE
110,00112,34,SBODS4,18800,ACTIVE
111,00867,34,TD001,132000,ACTIVE
112,08901,34,TD003,1292000,ACTIVE
113,00654,35,SBCHQ,264600,ACTIVE
114,15071,35,TD001,499000,ACTIVE
115,00123,36,SBGEN,328400,ACTIVE
116,70649,36,SBGEN,407600,ACTIVE
117,00941,36,SBBAS2,83800,ACTIVE
118,00255,36,SB101,60200,ACTIVE
119,01478,36,CAGEN,276500,ACTIVE
120,21205,37,SBGEN,131200,ACTIVE
121,21210,37,TD003,642000,ACTIVE
122,21291,37,SBCHQ,181200,ACTIVE
123,05744,37,TD001,984000,ACTIVE
124,00454,37,SBBAS2,274200,ACTIVE
125,20984,38,TD001,595000,ACTIVE
126,21752,38,CACOL,3254000,ACTIVE
127,01412,38,TD002,1710000,ACTIVE
128,21279,39,SBBAS2,41200,ACTIVE
129,21625,39,SBGEN,289800,ACTIVE
130,50782,39,CAGEN,305500,ACTIVE
131,1675,39,SBGEN,316100,ACTIVE
132,00836,39,TD001,868000,ACTIVE
133,00123,40,TD001,1159000,ACTIVE
134,01512,40,TD001,992000,ACTIVE
135,00551,40,SB101,68800,ACTIVE
136,00213,40,SBBAS2,76600,ACTIVE
137,00691,40,SBCHQ,66900,ACTIVE
138,21792,41,TD001,1325000,BLOCKED
139,00373,41,SBGEN,232000,ACTIVE
140,21424,42,TD003,985000,ACTIVE
141,00889,43,TD003,1788000,ACTIVE
142,01012,44,TD001,1898000,ACTIVE
143,05364,45,TD001,424000,ACTIVE
144,01112,45,TD001,1159000,ACTIVE
145,21554,46,CAGEN,204000,ACTIVE
146,05744,46,CAGEN,296000,ACTIVE
147,00844,46,TD001,1454000,ACTIVE
148,00634,47,SBCHQ,108900,ACTIVE
149,50782,47,TD003,226000,ACTIVE
150,01278,48,TD001,1231000,ACTIVE
151,01112,48,SBGEN,207200,ACTIVE
152,00941,48,SBGEN,219600,ACTIVE
153,00182,48,SBGEN,203100,ACTIVE
154,01345,49,SB101,225300,ACTIVE
155,21240,49,SBBAS2,387600,ACTIVE
156,17890,49,SBCHQ,117400,ACTIVE
157,21523,49,SBCHQ,54200,ACTIVE
158,21213,50,TD002,53000,ACTIVE
159,18901,51,SBODS4,147100,ACTIVE
160,00182,51,TD002,1111000,ACTIVE
161,20507,51,SBCHQ,115100,ACTIVE
162,00800,51,TD001,216000,ACTIVE
163,15071,52,SBCHQ,125700,ACTIVE
164,18901,52,TD001,1623000,ACTIVE
165,00678,52,TD001,361000,ACTIVE
166,50784,53,SBODS4,184300,ACTIVE
167,00691,53,SBGEN,483500,ACTIVE
168,01512,53,TD001,1927000,ACTIVE
169,40769,54,SB101,130000,ACTIVE
170,21612,54,SBCHQ,287800,ACTIVE
171,00799,54,TD001,1546000,ACTIVE
172,05744,54,SBCHQ,209500,ACTIVE
173,17921,55,TD003,210000,ACTIVE
174,01045,56,SBGEN,176100,ACTIVE
175,00901,56,TD001,1530000,ACTIVE
176,00432,56,SBCHQ,48000,ACTIVE
177,1195,56,TD001,1875000,ACTIVE
178,1980,57,TD001,1052000,ACTIVE
179,40769,57,SBGEN,4500,ACTIVE
180,00255,57,SBCHQ,484400,ACTIVE
181,00382,58,SB101,169500,ACTIVE
182,01212,58,CACOL,3617000,ACTIVE
183,00751,58,SBBAS2,467100,ACTIVE
184,00432,58,SBODS4,61100,BLOCKED
185,20795,58,TD001,867000,ACTIVE
186,01445,59,SB101,159100,ACTIVE
187,17890,60,SB101,63200,ACTIVE
188,00941,60,CAGEN,446000,ACTIVE
189,00399,60,SBGEN,260600,ACTIVE
190,1195,60,CAGEN,718000,ACTIVE
191,14166,61,TD001,728000,ACTIVE
192,01212,62,SBCHQ,106900,ACTIVE
193,00301,62,TD001,681000,ACTIVE
194,00788,63,SBBAS2,492600,ACTIVE
195,21284,63,SBGEN,23400,ACTIVE
196,00421,63,TD003,373000,ACTIVE
197,21651,64,SBBAS2,244600,ACTIVE
198,07890,64,CACOL,884000,ACTIVE
199,21651,64,SBGEN,117700,ACTIVE
200,11660,65,TD001,1138000,ACTIVE
201,00891,65,TD003,827000,ACTIVE
202,16383,65,TD001,280000,ACTIVE
203,00692,65,SBBAS2,91400,ACTIVE
204,20123,65,TD003,1354000,ACTIVE
205,00342,66,SBCHQ,479800,ACTIVE
206,21291,67,TD001,1277000,ACTIVE
207,02796,67,SB101,46100,ACTIVE
208,14171,67,SBCHQ,181000,ACTIVE
209,20998,67,CAGEN,594000,ACTIVE
210,02696,68,SBBAS2,422400,ACTIVE
211,3026,68,SBBAS2,130200,ACTIVE
212,19012,69,SB101,143700,ACTIVE
213,15678,69,CA0033,2375000,ACTIVE
214,00382,70,SBBAS2,172900,ACTIVE
215,18294,71,SBCHQ,333500,ACTIVE
216,70649,72,CACOL,3130000,ACTIVE
217,14567,72,SBGEN,267600,ACTIVE
218,00382,73,CACOL,272000,ACTIVE
219,21007,73,SBGEN,85900,ACTIVE
220,00342,73,SBBAS2,324900,ACTIVE
221,00844,73,SB101,131500,ACTIVE
222,00267,73,TD001,401000,ACTIVE
223,31346,74,SBCHQ,499200,ACTIVE
224,04816,74,SBGEN,145700,ACTIVE
225,01178,74,SB101,230000,ACTIVE
226,3026,74,TD002,1073000,ACTIVE
227,11119,74,TD003,1647000,ACTIVE
228,00478,75,SBBAS2,473800,ACTIVE
229,20123,75,SBODS4,206800,ACTIVE
230,00678,75,SB101,141400,ACTIVE
231,30142,76,TD001,1265000,ACTIVE
232,01112,76,SBBAS2,415100,ACTIVE
233,21067,77,TD003,776000,ACTIVE
234,00311,78,SBODS4,226300,ACTIVE
235,00432,79,SBBAS2,169100,ACTIVE
236,21861,80,SBGEN,382300,ACTIVE
237,01045,80,TD001,414000,ACTIVE
238,00311,80,TD001,841000,ACTIVE
239,00788,81,SBBAS2,167100,ACTIVE
240,50784,81,SBBAS2,137200,ACTIVE
241,01178,81,SBBAS2,37000,ACTIVE
242,41024,82,TD003,963000,ACTIVE
243,17890,82,SBGEN,397000,ACTIVE
244,00454,82,TD003,1667000,ACTIVE
245,00901,82,SB101,121500,ACTIVE
246,01234,82,TD003,798000,BLOCKED
247,11121,83,TD003,1414000,ACTIVE
248,05061,83,SB101,15500,ACTIVE
249,00998,83,SBCHQ,83000,ACTIVE
250,21523,83,TD002,1306000,ACTIVE
251,13456,84,TD001,445000,ACTIVE
252,20984,85,TD003,313000,ACTIVE
253,21523,86,CAGEN,651000,ACTIVE
254,14158,86,TD003,1129000,ACTIVE
255,00001,87,TD001,1562000,ACTIVE
256,16528,87,CAGEN,377000,ACTIVE
257,00691,88,SBCHQ,182000,ACTIVE
258,01245,88,TD001,1841000,ACTIVE
259,00156,88,SBBAS2,447500,ACTIVE
260,00912,88,TD001,188000,ACTIVE
261,02345,88,SBCHQ,63100,ACTIVE
262,11660,89,TD001,1308000,ACTIVE
263,00901,89,TD001,1050000,ACTIVE
264,20123,90,CAGEN,224000,ACTIVE
265,00823,91,CACOL,3503000,ACTIVE
266,18901,91,SB101,120600,ACTIVE
267,00800,91,SBGEN,407800,ACTIVE
268,00977,91,CAGEN,300500,ACTIVE
269,00912,91,CAGEN,706000,ACTIVE
270,21612,92,SB101,88800,ACTIVE
271,00282,92,CAGEN,629500,ACTIVE
272,07890,92,CACOL,4948000,ACTIVE
273,01045,92,TD002,1778000,ACTIVE
274,6854,93,SB101,231600,ACTIVE
275,00844,93,SBGEN,279000,ACTIVE
276,00112,94,TD001,1875000,ACTIVE
277,21400,94,SBGEN,444500,ACTIVE
278,05678,94,CA0033,2397000,ACTIVE
279,15678,94,SBBAS2,464700,BLOCKED
280,21651,94,TD001,968000,ACTIVE
281,1195,95,TD003,1184000,ACTIVE
282,16789,95,TD001,1067000,ACTIVE
283,00599,95,SBCHQ,345200,ACTIVE
284,16383,96,SB101,238000,ACTIVE
285,16383,96,TD003,1118000,ACTIVE
286,00244,96,TD002,258000,ACTIVE
287,04816,96,SB101,71000,ACTIVE
288,13456,97,SBCHQ,343500,BLOCKED
289,03093,97,SBODS4,59500,BLOCKED
290,18901,97,SBCHQ,428200,ACTIVE
291,21210,97,SBGEN,44600,ACTIVE
292,20984,97,SB101,89000,ACTIVE
293,05678,98,CAGEN,82500,ACTIVE
294,11723,99,TD001,1886000,ACTIVE
295,00382,99,SBCHQ,448300,ACTIVE
296,20795,99,SB101,37700,ACTIVE
297,00745,100,SBGEN,149300,ACTIVE
298,00301,101,TD003,472000,ACTIVE
299,1675,101,SBCHQ,386200,ACTIVE
300,00945,102,CAGEN,230500,ACTIVE
301,13456,102,SBGEN,266200,ACTIVE
302,20963,102,SB101,35800,ACTIVE
303,00255,103,TD001,121000,ACTIVE
304,20507,103,SBCHQ,494400,ACTIVE
305,20820,104,SBGEN,32800,ACTIVE
306,60156,104,TD001,1554000,ACTIVE
307,31277,104,TD003,941000,ACTIVE
308,16528,105,SBCHQ,463900,ACTIVE
309,04816,105,SBODS4,142400,ACTIVE
310,00891,105,SBGEN,25900,ACTIVE
311,21752,105,SBCHQ,441300,ACTIVE
312,01478,106,SBGEN,306700,ACTIVE
313,00311,106,CACOL,2435000,ACTIVE
314,15306,106,TD002,1215000,ACTIVE
315,40769,106,SBGEN,456600,ACTIVE
316,00998,106,SB101,27000,BLOCKED
317,01312,107,SBCHQ,59800,ACTIVE
318,20507,107,SBCHQ,202900,ACTIVE
319,20854,107,TD003,1412000,ACTIVE
320,21205,107,SBODS4,23000,ACTIVE
321,00234,108,TD001,1532000,ACTIVE
322,00876,108,SBGEN,172500,ACTIVE
323,00765,109,CAGEN,12000,ACTIVE
324,14158,110,SBODS4,89500,ACTIVE
325,20123,110,SBBAS2,415700,ACTIVE
326,00751,110,TD001,1131000,ACTIVE
327,20963,111,SBGEN,310000,BLOCKED
328,00234,111,CA0033,2007000,ACTIVE
329,04567,111,SBBAS2,5400,ACTIVE
330,17921,112,TD001,292000,ACTIVE
331,01345,112,SB101,30900,ACTIVE
332,14826,112,CACOL,4341000,ACTIVE
333,01045,112,SBCHQ,498500,ACTIVE
334,21205,112,TD001,542000,ACTIVE
335,00692,113,SBGEN,446600,ACTIVE
336,16383,113,SBODS4,87200,ACTIVE
337,10123,113,TD001,1592000,ACTIVE
338,00412,113,TD001,1075000,ACTIVE
339,00212,114,SBGEN,342400,BLOCKED
340,10123,114,TD003,291000,ACTIVE
341,09012,114,TD001,98000,ACTIVE
342,00182,115,SBBAS2,14600,ACTIVE
343,00432,115,SBGEN,315800,ACTIVE
344,00977,115,TD001,128000,ACTIVE
345,21400,115,SBCHQ,167900,ACTIVE
346,70649,115,TD001,1442000,ACTIVE
347,02786,116,CAGEN,837000,ACTIVE
348,11234,116,TD001,1722000,ACTIVE
349,60159,117,TD002,485000,ACTIVE
350,00454,117,SBGEN,401900,ACTIVE
351,14567,118,SBGEN,467900,ACTIVE
352,00599,118,SBCHQ,296000,ACTIVE
353,30142,118,TD001,128000,ACTIVE
354,00891,118,SBGEN,358800,ACTIVE
355,16383,119,SBCHQ,267200,ACTIVE
356,00282,119,TD001,1991000,ACTIVE
357,00691,119,SBBAS2,129700,ACTIVE
358,02696,119,CAGEN,688500,ACTIVE
359,00691,119,SBGEN,81500,BLOCKED
360,15069,120,TD003,588000,ACTIVE
361,00373,120,SBBAS2,495900,ACTIVE
362,00342,121,TD003,1238000,ACTIVE
363,00788,121,TD002,1110000,BLOCKED
364,00001,121,TD001,222000,ACTIVE
365,13456,121,SBGEN,18300,ACTIVE
366,05364,122,CAGEN,918500,ACTIVE
367,01145,122,TD003,720000,ACTIVE
368,14681,122,TD001,1316000,ACTIVE
369,21752,123,CAGEN,785000,ACTIVE
370,20963,123,SB101,228100,ACTIVE
371,20507,123,SBODS4,109800,BLOCKED
372,21205,124,SBCHQ,88400,ACTIVE
373,14171,124,TD001,670000,ACTIVE
374,00912,124,SBGEN,378700,ACTIVE
375,01441,124,TD001,244000,ACTIVE
376,00551,124,TD001,809000,ACTIVE
377,21516,125,TD001,1133000,ACTIVE
378,21651,125,SBCHQ,326400,ACTIVE
379,20123,125,SBGEN,440600,ACTIVE
380,21213,126,SBCHQ,308500,ACTIVE
381,14166,126,CACOL,3921000,ACTIVE
382,17890,126,TD001,746000,ACTIVE
383,09012,127,TD002,431000,ACTIVE
384,11660,127,SBCHQ,442700,ACTIVE
385,00889,127,SBCHQ,321600,ACTIVE
386,07890,127,TD003,241000,ACTIVE
387,21284,128,TD002,1551000,ACTIVE
388,11660,129,TD003,1887000,ACTIVE
389,20963,129,TD001,858000,ACTIVE
390,00534,129,SBGEN,347000,ACTIVE
391,00325,129,SBCHQ,389100,ACTIVE
392,00867,130,SB101,134600,ACTIVE
393,11121,130,CAGEN,986500,ACTIVE
394,00454,130,TD003,1920000,ACTIVE
395,21792,130,SBBAS2,15400,BLOCKED
396,21516,130,TD003,288000,ACTIVE
397,21240,131,SBCHQ,79000,ACTIVE
398,00325,131,SB101,22900,ACTIVE
399,21400,132,TD002,1774000,ACTIVE
400,50784,132,SBBAS2,439300,ACTIVE
401,31277,132,SBCHQ,37700,ACTIVE
402,00765,132,SBCHQ,318100,ACTIVE
403,30142,132,TD001,1451000,ACTIVE
404,00567,133,SBODS4,128500,ACTIVE
405,21213,133,SB101,128500,ACTIVE
406,14826,133,SBCHQ,14600,ACTIVE
407,70649,134,SBCHQ,35700,ACTIVE
408,00751,135,TD001,1120000,ACTIVE
409,00213,135,SBGEN,178300,ACTIVE
410,03093,135,TD001,134000,ACTIVE
411,00823,135,TD002,347000,ACTIVE
412,00255,135,SBBAS2,231400,ACTIVE
413,70649,136,TD003,813000,ACTIVE
414,21612,137,CACOL,1257000,ACTIVE
415,00692,137,CAGEN,474500,ACTIVE
416,11234,137,CACOL,1675000,ACTIVE
417,40769,137,SB101,12700,ACTIVE
418,00543,138,SBBAS2,25200,ACTIVE
419,21249,138,CAGEN,606000,ACTIVE
420,02786,138,CACOL,511000,ACTIVE
421,04567,139,CAGEN,943500,ACTIVE
422,1675,139,SBCHQ,260400,ACTIVE
423,00399,140,TD003,140000,ACTIVE
424,00751,140,TD001,1320000,ACTIVE
425,01278,140,TD001,668000,ACTIVE
426,01178,140,TD002,745000,ACTIVE
427,01145,140,TD002,1889000,ACTIVE
428,16383,141,SBCHQ,389600,ACTIVE
429,01345,141,SBCHQ,336000,ACTIVE
430,02786,141,CAGEN,229500,ACTIVE
431,16789,141,SBBAS2,60900,ACTIVE
432,15678,142,SBGEN,304300,ACTIVE
433,16383,142,SBODS4,13500,ACTIVE
434,00244,142,TD003,1529000,ACTIVE
435,00182,142,SBGEN,276900,ACTIVE
436,00978,143,TD001,99000,ACTIVE
437,20854,143,TD001,1502000,ACTIVE
438,20815,143,SBCHQ,333600,ACTIVE
439,21752,143,SBCHQ,223300,ACTIVE
440,1675,144,SB101,102500,ACTIVE
441,00244,144,TD001,1077000,ACTIVE
442,05678,145,SBGEN,474300,ACTIVE
443,00977,146,CAGEN,14500,ACTIVE
444,00876,146,SB101,107600,ACTIVE
445,21184,146,TD003,901000,ACTIVE
446,3026,146,SBGEN,359500,ACTIVE
447,21213,146,TD001,1665000,ACTIVE
448,00765,147,SBGEN,49800,ACTIVE
449,40769,147,TD003,1039000,ACTIVE
450,00692,148,SBGEN,292800,BLOCKED
451,00267,149,CAGEN,933500,ACTIVE
452,20123,149,TD001,325000,ACTIVE
453,00432,149,SBGEN,219500,ACTIVE
454,21861,149,TD001,1865000,ACTIVE
455,00156,149,SBGEN,131000,ACTIVE
456,01245,150,TD001,1595000,ACTIVE
457,1980,150,CACOL,991000,ACTIVE
458,00512,150,CAGEN,649500,ACTIVE
459,00542,150,TD002,1934000,ACTIVE
460,00491,150,CAGEN,690000,ACTIVE
461,12345,151,SBGEN,113500,ACTIVE
462,00255,152,TD001,1515000,ACTIVE
463,07890,152,SBBAS2,468600,ACTIVE
464,05364,152,SBODS4,190800,ACTIVE
465,00491,153,SBBAS2,410800,ACTIVE
466,00234,153,SBGEN,96700,ACTIVE
467,00691,153,TD003,1812000,ACTIVE
468,01445,153,SBCHQ,472800,ACTIVE
469,04816,153,SBGEN,339100,ACTIVE
470,01178,154,CA0033,2013000,ACTIVE
471,05678,155,SBGEN,13600,ACTIVE
472,21249,155,SB101,101500,ACTIVE
473,01234,155,CAGEN,981500,ACTIVE
474,00613,155,TD001,561000,ACTIVE
475,00542,156,SBGEN,157300,ACTIVE
476,00123,156,TD001,1193000,ACTIVE
477,21205,156,SB101,230300,ACTIVE
478,00678,156,SBCHQ,48200,ACTIVE
479,15071,157,SBGEN,340200,ACTIVE
480,00823,157,SB101,192500,ACTIVE
481,1980,157,SB101,16900,ACTIVE
482,00412,157,SBGEN,467500,ACTIVE
483,21400,158,TD001,1941000,ACTIVE
484,00945,158,TD002,551000,ACTIVE
485,12345,158,TD002,1726000,ACTIVE
486,60007,159,TD001,1991000,ACTIVE
487,20815,159,CAGEN,913500,ACTIVE
488,00901,159,SBCHQ,88400,ACTIVE
489,50782,159,SBODS4,241600,ACTIVE
490,01045,159,TD001,326000,ACTIVE
491,21861,160,SBBAS2,340400,ACTIVE
492,00201,160,TD001,1131000,ACTIVE
493,50869,160,SBCHQ,195500,ACTIVE
494,00656,161,TD001,1265000,ACTIVE
495,14166,161,TD001,55000,ACTIVE
496,17890,162,SBODS4,30000,ACTIVE
497,21213,162,SBCHQ,19200,ACTIVE
498,21400,162,SBGEN,148200,ACTIVE
499,21249,163,CAGEN,377500,BLOCKED
500,00634,163,TD002,665000,ACTIVE
501,01312,163,TD003,1604000,ACTIVE
502,21213,163,TD002,1543000,ACTIVE
503,01278,163,SBGEN,100300,ACTIVE
504,18779,164,CACOL,1579000,ACTIVE
505,18779,164,TD001,748000,ACTIVE
506,21861,165,TD001,928000,ACTIVE
507,60156,165,TD002,730000,ACTIVE
508,30142,165,SB101,222600,ACTIVE
509,01378,166,CACOL,4620000,ACTIVE
510,00692,167,CACOL,2214000,ACTIVE
511,18849,168,SBBAS2,286500,ACTIVE
512,00267,168,TD002,1707000,ACTIVE
513,00491,168,SBCHQ,284800,ACTIVE
514,04187,168,TD001,1143000,ACTIVE
515,3026,169,SBGEN,187700,ACTIVE
516,00543,169,TD001,1443000,ACTIVE
517,15678,170,SBCHQ,137300,ACTIVE
518,11660,171,CAGEN,428500,ACTIVE
519,17890,171,TD002,1968000,ACTIVE
520,00356,172,SB101,16500,ACTIVE
521,00856,172,TD001,1128000,BLOCKED
522,00567,172,TD003,1399000,ACTIVE
523,06789,173,TD002,1601000,ACTIVE
524,00342,173,TD003,1147000,ACTIVE
525,00123,173,SBGEN,489900,ACTIVE
526,00889,173,TD001,476000,ACTIVE
527,21523,173,CA0033,776000,ACTIVE
528,50782,174,TD001,683000,BLOCKED
529,04187,174,SB101,203900,ACTIVE
530,00812,174,SBBAS2,291900,ACTIVE
531,00399,174,SBCHQ,152100,ACTIVE
532,21651,175,SBGEN,227700,ACTIVE
533,60159,175,TD001,783000,ACTIVE
534,21651,175,TD001,80000,BLOCKED
535,00356,175,TD002,754000,ACTIVE
536,00765,175,TD001,1926000,ACTIVE
537,21406,176,TD003,1879000,ACTIVE
538,18901,176,SBGEN,22100,ACTIVE
539,20123,177,SBBAS2,104700,ACTIVE
540,14171,177,SBCHQ,347300,ACTIVE
541,19012,178,TD002,576000,ACTIVE
542,21067,178,SBGEN,499000,ACTIVE
543,01441,178,TD003,1821000,ACTIVE
544,21279,179,TD001,849000,ACTIVE
545,14567,179,CAGEN,849000,ACTIVE
546,21067,179,SBBAS2,169100,ACTIVE
547,00301,180,SBCHQ,413900,ACTIVE
548,01178,181,TD001,993000,ACTIVE
549,01245,181,CAGEN,639500,ACTIVE
550,60159,181,SB101,33200,ACTIVE
551,00765,182,SBGEN,179200,ACTIVE
552,21406,182,SBCHQ,116900,ACTIVE
553,21424,182,SB101,1100,ACTIVE
554,14826,182,TD003,1271000,ACTIVE
555,21205,182,TD003,1915000,ACTIVE
556,00212,183,TD001,172000,ACTIVE
557,01212,184,SBBAS2,394100,ACTIVE
558,18294,185,SBBAS2,59500,ACTIVE
559,20998,185,CA0033,2828000,ACTIVE
560,18779,185,SBCHQ,142400,BLOCKED
561,20963,185,TD003,332000,BLOCKED
562,14567,185,SB101,127800,ACTIVE
563,21067,186,SBGEN,32800,ACTIVE
564,02696,186,TD001,1232000,ACTIVE
565,20963,187,CAGEN,621000,ACTIVE
566,00941,187,CAGEN,719500,ACTIVE
567,3026,188,SBGEN,422500,BLOCKED
568,50869,188,SBGEN,81600,ACTIVE
569,15678,188,TD001,317000,ACTIVE
570,00978,189,SBODS4,200100,ACTIVE
571,00201,189,SBBAS2,347000,ACTIVE
572,01173,190,SBCHQ,369900,ACTIVE
573,01345,191,SBGEN,471100,ACTIVE
574,1980,191,SBBAS2,35900,ACTIVE
575,3026,191,CA0033,2332000,ACTIVE
576,12345,192,TD002,645000,ACTIVE
577,00356,192,TD001,1256000,ACTIVE
578,01512,193,TD001,399000,BLOCKED
579,00293,193,SBGEN,45100,ACTIVE
580,00711,193,SBBAS2,320600,ACTIVE
581,31346,193,SBBAS2,286100,ACTIVE
582,00800,194,SB101,26600,ACTIVE
583,18294,195,CAGEN,824500,ACTIVE
584,12345,195,SB101,116000,ACTIVE
585,6854,195,TD001,860000,BLOCKED
586,00255,195,TD003,1687000,ACTIVE
587,21284,196,TD001,411000,ACTIVE
588,50784,196,TD001,768000,ACTIVE
589,00282,197,SBBAS2,41600,ACTIVE
590,21210,197,TD003,424000,BLOCKED
591,12960,197,SBBAS2,434000,ACTIVE
592,00691,198,SBGEN,385900,ACTIVE
593,01245,198,TD001,979000,ACTIVE
594,00978,198,SB101,72800,ACTIVE
595,21251,199,TD001,1599000,ACTIVE
596,21067,199,CACOL,4339000,ACTIVE
597,20984,199,TD003,746000,BLOCKED
598,00788,200,SBODS4,111800,ACTIVE
599,70649,200,TD003,840000,ACTIVE
600,21651,201,CAGEN,666000,ACTIVE
601,00691,202,SBGEN,381800,ACTIVE
602,40769,203,TD003,1534000,ACTIVE
603,00112,204,CAGEN,132000,ACTIVE
604,1980,204,CAGEN,810500,ACTIVE
605,40769,204,SBGEN,472300,ACTIVE
606,00412,204,SBCHQ,89700,ACTIVE
607,00412,204,TD001,273000,ACTIVE
608,12345,205,SB101,89700,ACTIVE
609,20591,205,SBBAS2,22100,ACTIVE
610,30142,205,SBCHQ,158000,ACTIVE
611,31346,206,SBODS4,148200,ACTIVE
612,01145,206,SBGEN,263500,ACTIVE
613,01145,206,TD001,850000,ACTIVE
614,20847,206,SBCHQ,367700,ACTIVE
615,15071,206,CACOL,1531000,ACTIVE
616,21205,207,CA0033,859000,ACTIVE
617,00876,208,TD001,576000,ACTIVE
618,18849,208,SBBAS2,229200,ACTIVE
619,04567,209,SBGEN,457500,ACTIVE
620,01445,209,TD001,739000,ACTIVE
621,17980,210,CAGEN,117000,ACTIVE
622,05678,210,TD003,1581000,ACTIVE
623,01412,211,SBCHQ,229900,ACTIVE
624,21523,212,SBBAS2,322200,ACTIVE
625,20847,212,SBODS4,197900,ACTIVE
626,00823,212,TD001,677000,ACTIVE
627,00945,213,TD003,1384000,ACTIVE
628,00599,213,SBCHQ,87400,ACTIVE
629,21516,214,SB101,233000,ACTIVE
630,00478,214,CAGEN,108500,ACTIVE
631,01045,214,TD001,1167000,ACTIVE
632,00412,214,TD001,1892000,ACTIVE
633,00325,215,TD001,1369000,ACTIVE
634,00599,216,TD003,276000,ACTIVE
635,14158,216,SBCHQ,323600,ACTIVE
636,15678,217,TD003,1375000,ACTIVE
637,00234,218,SBGEN,147900,ACTIVE
638,00765,218,SBCHQ,141300,ACTIVE
639,21067,219,TD001,233000,ACTIVE
640,15306,219,CAGEN,418500,BLOCKED
641,21792,220,TD002,243000,ACTIVE
642,61020,220,SBCHQ,190100,ACTIVE
643,01345,221,CAGEN,722500,ACTIVE
644,00751,221,SBBAS2,464000,ACTIVE
645,00634,221,TD002,1434000,ACTIVE
646,20984,222,TD001,1673000,ACTIVE
647,21792,222,TD003,1871000,ACTIVE
648,00412,222,TD003,608000,ACTIVE
649,00542,222,SBCHQ,368300,BLOCKED
650,11119,222,TD002,1421000,ACTIVE
651,20820,223,SBODS4,99300,ACTIVE
652,21210,223,TD003,332000,ACTIVE
653,6854,223,SBCHQ,436600,ACTIVE
654,30142,223,SBBAS2,489800,ACTIVE
655,00889,223,TD003,1859000,ACTIVE
656,15248,224,SBGEN,431000,ACTIVE
657,31346,224,SBBAS2,480400,ACTIVE
658,20984,224,SBCHQ,261600,ACTIVE
659,00512,225,SBGEN,152500,BLOCKED
660,00912,225,TD003,1060000,ACTIVE
661,00691,226,SBCHQ,205500,ACTIVE
662,21554,226,SBGEN,343400,ACTIVE
663,12345,226,SB101,193800,ACTIVE
664,04567,226,SBGEN,131800,ACTIVE
665,05678,226,TD002,1569000,ACTIVE
666,21554,227,TD002,270000,ACTIVE
667,01012,227,TD001,881000,ACTIVE
668,2714,227,SBBAS2,482600,ACTIVE
669,1980,227,SB101,3100,ACTIVE
670,1195,228,CAGEN,71500,ACTIVE
671,00512,228,CAGEN,370000,ACTIVE
672,02696,229,CAGEN,798000,ACTIVE
673,01178,229,CA0033,3088000,ACTIVE
674,60159,229,TD003,1162000,ACTIVE
675,12960,230,SBCHQ,30400,ACTIVE
676,00692,230,SB101,125100,ACTIVE
677,00534,230,TD001,220000,ACTIVE
678,16528,231,TD001,855000,ACTIVE
679,60007,231,SBCHQ,333500,ACTIVE
680,00342,231,CAGEN,52500,ACTIVE
681,02696,232,TD001,609000,ACTIVE
682,12345,233,SBODS4,69800,ACTIVE
683,20123,234,TD001,598000,BLOCKED
684,00182,234,SB101,39800,ACTIVE
685,00799,234,CAGEN,611000,ACTIVE
686,00823,234,CAGEN,511500,ACTIVE
687,01378,234,SBODS4,145600,ACTIVE
688,50784,235,TD002,1275000,ACTIVE
689,01378,235,SBODS4,9400,ACTIVE
690,00534,236,SBGEN,309900,ACTIVE
691,50784,236,TD001,939000,ACTIVE
692,21291,236,SBGEN,101000,ACTIVE
693,41024,237,TD002,1434000,ACTIVE
694,60007,237,SBGEN,430900,ACTIVE
695,12960,237,TD003,1921000,ACTIVE
696,11121,237,SBCHQ,366800,ACTIVE
697,01078,238,SB101,118300,ACTIVE
698,60148,239,TD001,1375000,ACTIVE
699,31277,239,SBGEN,355200,ACTIVE
700,60148,239,SBBAS2,233700,ACTIVE
701,00654,239,TD003,1374000,ACTIVE
702,00234,239,CAGEN,268000,ACTIVE
703,00799,240,TD001,915000,ACTIVE
704,01445,240,SBCHQ,79800,ACTIVE
705,14171,240,SBCHQ,474000,BLOCKED
706,01173,240,SBBAS2,477800,ACTIVE
707,20984,240,TD002,784000,ACTIVE
708,21554,241,SBGEN,16300,ACTIVE
709,00213,241,TD003,581000,ACTIVE
710,21523,242,SBODS4,16900,ACTIVE
711,01278,242,TD001,1325000,ACTIVE
712,2714,243,CACOL,220000,ACTIVE
713,00901,244,SBCHQ,39400,ACTIVE
714,00889,244,SBODS4,21800,BLOCKED
715,15071,245,SB101,186200,ACTIVE
716,15678,245,TD001,1068000,ACTIVE
717,00765,245,CAGEN,350000,ACTIVE
718,1675,245,SBBAS2,2800,ACTIVE
719,21289,245,SBGEN,61000,ACTIVE
720,00234,246,SBCHQ,11300,ACTIVE
721,21210,247,SBCHQ,425800,ACTIVE
722,20815,248,SBCHQ,305600,ACTIVE
723,17890,248,SBBAS2,127800,ACTIVE
724,15069,248,TD003,1827000,ACTIVE
725,00654,248,TD001,764000,ACTIVE
726,18779,248,TD001,88000,ACTIVE
727,01078,249,SBBAS2,276900,BLOCKED
728,00891,250,SBODS4,149200,ACTIVE
729,00478,250,SBCHQ,179200,ACTIVE
730,16528,250,TD001,790000,ACTIVE
731,00112,250,TD001,1421000,ACTIVE
732,04567,251,TD001,1030000,ACTIVE
733,17921,251,SBCHQ,452800,ACTIVE
734,16959,251,SB101,108000,ACTIVE
735,00613,251,SBBAS2,313100,ACTIVE
736,21291,252,CAGEN,367500,ACTIVE
737,11660,252,SBGEN,325200,ACTIVE
738,21240,252,TD001,802000,ACTIVE
739,03456,253,SB101,59800,ACTIVE
740,00534,253,CAGEN,221000,ACTIVE
741,00542,254,TD003,185000,ACTIVE
742,21861,254,SBCHQ,271100,ACTIVE
743,21184,254,SBGEN,291100,ACTIVE
744,02696,254,TD001,1238000,ACTIVE
745,07890,254,SBBAS2,236300,ACTIVE
746,00998,255,TD001,1235000,ACTIVE
747,00325,255,TD003,400000,ACTIVE
748,21251,256,SBBAS2,195400,ACTIVE
749,11660,257,TD003,1772000,ACTIVE
750,00382,257,SBGEN,175600,ACTIVE
751,00945,257,TD001,853000,ACTIVE
752,01441,257,TD001,798000,ACTIVE
753,00998,258,TD001,84000,ACTIVE
754,01278,258,SBBAS2,143500,ACTIVE
755,02796,258,SBCHQ,177500,ACTIVE
756,00901,258,SB101,115300,ACTIVE
757,21792,259,SB101,15600,ACTIVE
758,00112,259,SBGEN,61600,ACTIVE
759,01178,259,TD001,1212000,ACTIVE
760,14826,260,TD001,1176000,ACTIVE
761,00836,260,SBCHQ,105000,BLOCKED
762,02345,260,CA0033,3805000,ACTIVE
763,1980,260,TD003,1874000,ACTIVE
764,00634,261,TD003,879000,ACTIVE
765,00836,262,TD001,888000,ACTIVE
766,00901,262,SB101,56000,ACTIVE
767,20820,262,SBODS4,60300,ACTIVE
768,6854,262,TD001,932000,ACTIVE
769,00654,262,SBBAS2,465300,ACTIVE
770,01245,263,SB101,146800,BLOCKED
771,00612,263,TD003,925000,ACTIVE
772,00356,263,TD002,1794000,ACTIVE
773,14567,264,SB101,235900,ACTIVE
774,16959,264,SBCHQ,317700,ACTIVE
775,50869,264,SBGEN,293000,ACTIVE
776,00342,264,SBODS4,78600,ACTIVE
777,20998,264,TD001,901000,ACTIVE
778,01078,265,TD001,1231000,ACTIVE
779,00491,265,SB101,140400,BLOCKED
780,01512,265,SB101,105700,ACTIVE
781,00978,265,CAGEN,924500,ACTIVE
782,01012,265,TD001,1935000,ACTIVE
783,05744,266,TD003,1970000,ACTIVE
784,05061,266,TD003,482000,ACTIVE
785,00723,267,SBBAS2,150300,ACTIVE
786,00311,267,CA0033,4266000,ACTIVE
787,00692,268,TD001,291000,ACTIVE
788,16789,268,SBBAS2,198700,ACTIVE
789,00534,268,TD001,1121000,ACTIVE
790,00634,268,SBCHQ,313300,ACTIVE
791,41024,268,TD003,1005000,ACTIVE
792,21279,269,SB101,133500,ACTIVE
793,21861,269,SBCHQ,145700,ACTIVE
794,00543,269,SB101,31100,ACTIVE
795,00551,269,TD001,55000,ACTIVE
796,00612,269,SBGEN,40200,ACTIVE
797,21061,270,SB101,38300,ACTIVE
798,00599,270,TD003,194000,ACTIVE
799,11723,270,CAGEN,436500,ACTIVE
800,00978,270,SBCHQ,80800,ACTIVE
801,00342,271,SBODS4,59200,ACTIVE
802,00454,272,TD003,1981000,ACTIVE
803,00334,273,CAGEN,521500,ACTIVE
804,00723,273,SBCHQ,157800,ACTIVE
805,21406,273,TD002,1810000,ACTIVE
806,00325,273,SBBAS2,453200,ACTIVE
807,21279,273,SB101,227700,ACTIVE
808,17890,274,TD003,741000,ACTIVE
809,00478,274,SBCHQ,70400,ACTIVE
810,18849,275,SBBAS2,491500,ACTIVE
811,00293,275,SB101,172200,ACTIVE
812,01445,275,TD003,770000,ACTIVE
813,00799,276,TD003,308000,ACTIVE
814,01478,276,CACOL,1224000,ACTIVE
815,00543,276,SBODS4,76900,ACTIVE
816,00454,277,TD002,1242000,ACTIVE
817,15069,277,SBGEN,318200,ACTIVE
818,01378,278,TD003,1104000,ACTIVE
819,00373,278,CAGEN,246000,ACTIVE
820,16959,279,SBGEN,319100,ACTIVE
821,01312,279,TD001,1281000,ACTIVE
822,00678,279,TD002,1946000,ACTIVE
823,12960,279,SBGEN,267600,ACTIVE
824,00977,279,SBGEN,396200,ACTIVE
825,00311,280,SBCHQ,243900,ACTIVE
826,00399,281,SBCHQ,98700,ACTIVE
827,03093,282,CA0033,2445000,ACTIVE
828,01178,282,TD002,1760000,ACTIVE
829,00692,282,SBODS4,104200,ACTIVE
830,00373,282,SBGEN,290900,ACTIVE
831,01112,282,SBCHQ,61600,ACTIVE
832,01178,283,CACOL,4909000,ACTIVE
833,17890,283,TD001,1767000,ACTIVE
834,12960,283,TD001,1223000,ACTIVE
835,00812,284,TD001,1987000,ACTIVE
836,16383,284,SB101,59200,ACTIVE
837,00745,284,TD003,858000,ACTIVE
838,12345,284,TD001,906000,ACTIVE
839,6854,284,CAGEN,738500,ACTIVE
840,13279,285,SBGEN,6200,ACTIVE
841,00334,285,TD001,1193000,BLOCKED
842,00692,286,CACOL,3103000,ACTIVE
843,13456,286,CACOL,3018000,ACTIVE
844,00123,286,SBBAS2,492200,ACTIVE
845,15071,286,CAGEN,487000,ACTIVE
846,12960,286,TD001,1151000,ACTIVE
847,21523,287,TD003,99000,ACTIVE
848,60148,287,TD003,807000,ACTIVE
849,00373,287,SBODS4,121900,ACTIVE
850,01412,287,CAGEN,718000,ACTIVE
851,10123,287,TD001,809000,ACTIVE
852,01412,288,SBCHQ,275800,ACTIVE
853,00765,288,SBGEN,464800,ACTIVE
854,00978,288,SBGEN,265400,ACTIVE
855,00782,288,SBBAS2,133000,ACTIVE
856,01212,288,SB101,52800,BLOCKED
857,00751,289,TD001,1466000,ACTIVE
858,21210,289,SBBAS2,203900,ACTIVE
859,21249,289,TD001,1535000,ACTIVE
860,19012,290,SBGEN,19600,ACTIVE
861,00691,290,SBODS4,195000,ACTIVE
862,15069,291,SBCHQ,85200,ACTIVE
863,21651,291,SBCHQ,311100,ACTIVE
864,21651,291,TD001,1318000,ACTIVE
865,16528,291,SB101,148200,ACTIVE
866,11234,291,CACOL,325000,ACTIVE
867,19012,292,SBGEN,101600,ACTIVE
868,20123,292,TD001,860000,ACTIVE
869,18849,292,TD003,612000,ACTIVE
870,05061,293,CAGEN,379500,ACTIVE
871,00867,294,SB101,80200,ACTIVE
872,60007,294,TD003,828000,ACTIVE
873,3026,294,SBCHQ,466700,BLOCKED
874,15248,294,SBBAS2,352000,ACTIVE
875,14567,295,SBBAS2,171700,ACTIVE
876,16789,296,SBCHQ,216200,ACTIVE
877,00889,297,CAGEN,496000,ACTIVE
878,11723,297,SBGEN,178000,ACTIVE
879,05678,297,CAGEN,958500,ACTIVE
880,11723,297,SB101,128100,ACTIVE
881,21424,298,TD001,761000,ACTIVE
882,6854,298,SBGEN,90200,ACTIVE
883,00311,298,SBGEN,201700,ACTIVE
884,00599,298,CACOL,4893000,ACTIVE
885,00745,299,SB101,63800,BLOCKED
886,05678,299,SBBAS2,291100,ACTIVE
887,00836,299,SB101,118400,ACTIVE
888,20847,299,TD001,513000,ACTIVE
889,21752,300,TD001,1449000,ACTIVE
890,41024,300,CAGEN,794500,ACTIVE
891,00543,300,CAGEN,395500,ACTIVE
892,00543,301,TD003,1196000,ACTIVE
893,00691,301,CAGEN,348000,ACTIVE
894,21400,302,SBCHQ,440000,ACTIVE
895,21651,302,SBBAS2,435100,ACTIVE
896,01345,302,SBBAS2,64400,ACTIVE
897,20984,302,TD001,1725000,ACTIVE
898,01173,302,TD001,651000,ACTIVE
899,00182,303,TD003,537000,ACTIVE
900,00382,304,SBBAS2,486700,ACTIVE
901,60148,305,CACOL,730000,ACTIVE
902,01378,305,TD001,921000,ACTIVE
903,01345,306,TD001,721000,ACTIVE
904,00998,307,CACOL,3902000,ACTIVE
905,04187,308,SBCHQ,382400,ACTIVE
906,41024,308,SBGEN,128100,ACTIVE
907,00432,308,CAGEN,609500,ACTIVE
908,17921,309,SB101,152900,ACTIVE
909,00978,309,SBGEN,171100,BLOCKED
910,00823,309,CAGEN,683000,ACTIVE
911,14681,310,SBBAS2,264800,ACTIVE
912,18849,310,TD001,1709000,ACTIVE
913,21554,311,TD001,505000,ACTIVE
914,21061,311,TD002,997000,ACTIVE
915,41024,312,TD002,1642000,ACTIVE
916,20847,313,SBCHQ,416500,BLOCKED
917,6854,313,SBBAS2,199000,ACTIVE
918,00382,313,TD001,1850000,ACTIVE
919,60148,314,SBODS4,232600,ACTIVE
920,00765,314,TD001,877000,ACTIVE
921,00534,315,TD002,1294000,ACTIVE
922,00182,316,SBCHQ,43900,ACTIVE
923,21516,317,CACOL,4971000,ACTIVE
924,00356,318,SBGEN,283100,ACTIVE
925,1675,319,SBCHQ,72900,ACTIVE
926,21554,319,CACOL,3013000,ACTIVE
927,00844,320,SBCHQ,197400,ACTIVE
928,03456,320,SBGEN,495100,ACTIVE
929,02786,321,SBGEN,474300,ACTIVE
930,04816,322,CA0033,3497000,ACTIVE
931,01445,323,SBGEN,212100,ACTIVE
932,02796,323,CACOL,776000,ACTIVE
933,21752,324,SBGEN,378600,ACTIVE
934,21861,325,SBGEN,347400,BLOCKED
935,20507,326,SBODS4,86100,ACTIVE
936,00421,326,CAGEN,227000,ACTIVE
937,61020,326,TD003,235000,ACTIVE
938,01078,326,TD002,623000,ACTIVE
939,21400,326,SBCHQ,465600,ACTIVE
940,00293,327,CAGEN,517000,ACTIVE
941,16383,327,SBODS4,75100,BLOCKED
942,21612,327,SBCHQ,134700,ACTIVE
943,00941,327,SBBAS2,396500,ACTIVE
944,30142,327,SBCHQ,392200,ACTIVE
945,21249,328,TD002,575000,ACTIVE
946,21251,328,SBCHQ,190600,ACTIVE
947,04187,329,TD003,173000,ACTIVE
948,00867,329,TD001,246000,ACTIVE
949,00491,329,CACOL,3952000,BLOCKED
950,21625,329,SBBAS2,140300,ACTIVE
951,00213,329,TD003,90000,ACTIVE
952,15678,330,TD002,1369000,ACTIVE
953,11660,330,TD001,490000,ACTIVE
954,00301,330,TD001,1807000,ACTIVE
955,21284,330,CAGEN,135500,BLOCKED
956,21861,330,SBGEN,224600,ACTIVE
957,00634,331,TD002,733000,ACTIVE
958,11234,331,TD003,1549000,ACTIVE
959,01145,331,CAGEN,832500,ACTIVE
960,11121,332,SB101,86200,ACTIVE
961,01445,333,SB101,70200,ACTIVE
962,15069,333,TD001,235000,ACTIVE
963,12345,333,SBBAS2,333000,ACTIVE
964,00978,333,SBGEN,266900,ACTIVE
965,11234,333,CACOL,428000,ACTIVE
966,15306,334,TD003,587000,ACTIVE
967,01078,334,SB101,1600,ACTIVE
968,15248,334,SBGEN,132300,ACTIVE
969,21184,335,SB101,30300,ACTIVE
970,00751,335,CACOL,1444000,ACTIVE
971,00512,335,TD001,1885000,ACTIVE
972,00844,335,TD001,788000,ACTIVE
973,18849,335,CACOL,3384000,ACTIVE
974,01012,336,CA0033,3291000,ACTIVE
975,01078,336,TD001,202000,ACTIVE
976,21424,336,SB101,35400,ACTIVE
977,12345,336,TD003,1803000,ACTIVE
978,20815,336,TD001,1680000,ACTIVE
979,15248,337,CACOL,4040000,ACTIVE
980,00325,337,TD002,1587000,ACTIVE
981,00945,337,SBBAS2,254900,ACTIVE
982,31346,337,TD003,1109000,ACTIVE
983,12960,338,CACOL,1177000,ACTIVE
984,00823,338,SBBAS2,397500,ACTIVE
985,05061,338,SBCHQ,371200,ACTIVE
986,01378,339,SB101,178900,ACTIVE
987,00836,339,SBCHQ,193800,BLOCKED
988,01245,339,SBCHQ,326000,ACTIVE
989,21400,339,SBCHQ,181100,BLOCKED
990,01178,340,TD001,488000,ACTIVE
991,30273,340,SBGEN,247700,ACTIVE
992,21861,341,TD001,470000,ACTIVE
993,05678,342,SBCHQ,390000,ACTIVE
994,00213,342,SBCHQ,380200,ACTIVE
995,00213,342,TD001,1755000,ACTIVE
996,18779,342,SBBAS2,227100,ACTIVE
997,00282,343,SBBAS2,18500,ACTIVE
998,21067,343,TD001,277000,ACTIVE
999,02786,343,TD001,1435000,ACTIVE
1000,20847,343,SBGEN,120400,ACTIVE
1001,2714,343,SBBAS2,262500,ACTIVE
1002,02345,344,SBGEN,389300,ACTIVE
1003,14171,344,SBGEN,19100,ACTIVE
1004,20123,344,SBGEN,242100,ACTIVE
1005,00342,344,TD002,777000,ACTIVE
1006,00800,344,TD003,1435000,ACTIVE
1007,00567,345,TD003,798000,ACTIVE
1008,00267,345,SBGEN,163100,ACTIVE
1009,11660,346,TD002,1571000,ACTIVE
1010,60159,346,SB101,93800,ACTIVE
1011,11119,346,CAGEN,780500,ACTIVE
1012,1675,346,TD003,1859000,ACTIVE
1013,00656,346,TD002,627000,ACTIVE
1014,30142,347,SBBAS2,229600,ACTIVE
1015,19012,347,CACOL,4633000,ACTIVE
1016,00567,347,SB101,195300,BLOCKED
1017,00912,347,TD002,566000,ACTIVE
1018,21210,347,SB101,147600,ACTIVE
1019,00711,348,SBBAS2,283800,ACTIVE
1020,00599,348,TD001,1757000,ACTIVE
1021,16383,348,SBCHQ,268700,ACTIVE
1022,01173,349,SB101,111800,ACTIVE
1023,00373,349,TD003,1717000,ACTIVE
1024,00267,349,SBCHQ,367100,ACTIVE
1025,00654,350,SBCHQ,467000,BLOCKED
1026,21284,350,SB101,244600,BLOCKED
1027,21249,350,SBGEN,360100,ACTIVE
1028,01045,350,SBBAS2,296100,ACTIVE
1029,21625,350,CAGEN,177000,ACTIVE
1030,21752,351,SB101,82900,ACTIVE
1031,01278,351,CACOL,526000,ACTIVE
1032,20795,351,CAGEN,354500,ACTIVE
1033,11119,352,SBBAS2,373300,ACTIVE
1034,13279,353,TD003,1633000,ACTIVE
1035,60156,353,TD003,623000,ACTIVE
1036,00156,353,SB101,151900,BLOCKED
1037,00836,353,TD001,253000,ACTIVE
1038,00311,354,SB101,66700,ACTIVE
1039,20963,354,TD001,1502000,ACTIVE
1040,00356,354,SBODS4,25800,ACTIVE
1041,00542,355,TD001,820000,ACTIVE
1042,04187,355,SBGEN,240400,ACTIVE
1043,00123,356,TD001,1435000,ACTIVE
1044,00382,356,SB101,57900,ACTIVE
1045,01278,357,SB101,10500,ACTIVE
1046,21625,358,TD001,1873000,ACTIVE
1047,21523,358,CAGEN,384500,ACTIVE
1048,21625,358,CACOL,4359000,ACTIVE
1049,01012,358,SBBAS2,459700,ACTIVE
1050,20123,358,CACOL,967000,ACTIVE
1051,1195,359,SB101,230200,ACTIVE
1052,41024,359,SBGEN,353800,ACTIVE
1053,3026,359,TD003,444000,ACTIVE
1054,50869,359,TD003,240000,ACTIVE
1055,3026,359,CAGEN,351000,ACTIVE
1056,05364,360,TD003,674000,ACTIVE
1057,00613,360,TD001,1851000,ACTIVE
1058,00711,360,TD001,1382000,ACTIVE
1059,60159,361,TD001,186000,ACTIVE
1060,00267,361,TD001,732000,ACTIVE
1061,05364,361,SBBAS2,288400,BLOCKED
1062,01445,362,SBGEN,438200,ACTIVE
1063,05061,362,TD001,609000,ACTIVE
1064,00788,363,SBCHQ,271700,ACTIVE
1065,13279,363,CAGEN,170000,ACTIVE
1066,16528,363,SB101,229900,ACTIVE
1067,00212,363,SBGEN,279000,ACTIVE
1068,21625,364,SBCHQ,394600,ACTIVE
1069,3026,364,TD001,1964000,ACTIVE
1070,21249,364,SB101,244200,ACTIVE
1071,04187,365,SBCHQ,393500,ACTIVE
1072,1195,365,SB101,9900,ACTIVE
1073,00823,366,SBCHQ,64400,ACTIVE
1074,20123,366,TD001,349000,ACTIVE
1075,05678,366,CAGEN,863500,ACTIVE
1076,01178,366,SBGEN,333900,ACTIVE
1077,00613,367,TD003,1280000,ACTIVE
1078,01012,367,CAGEN,283000,ACTIVE
1079,14166,367,TD001,590000,ACTIVE
1080,1675,367,SBBAS2,453000,ACTIVE
1081,21625,367,TD001,328000,ACTIVE
1082,30273,368,CAGEN,899000,BLOCKED
1083,21251,368,TD002,1325000,ACTIVE
1084,00567,368,SBCHQ,113800,ACTIVE
1085,00656,368,TD003,1993000,ACTIVE
1086,00382,368,SBGEN,221500,ACTIVE
1087,31277,369,SBCHQ,161500,ACTIVE
1088,60007,369,SBGEN,109900,ACTIVE
1089,00751,369,TD001,1961000,ACTIVE
1090,20795,369,SBGEN,407900,ACTIVE
1091,11121,369,SBGEN,209600,ACTIVE
1092,00234,370,SBCHQ,199500,ACTIVE
1093,21861,371,SBCHQ,459500,ACTIVE
1094,01445,371,SBCHQ,157600,ACTIVE
1095,1675,372,CAGEN,152500,ACTIVE
1096,60159,372,TD001,654000,ACTIVE
1097,30273,372,SBCHQ,76100,ACTIVE
1098,00399,372,SBBAS2,480900,ACTIVE
1099,00491,373,SBCHQ,205900,ACTIVE
1100,00293,373,CAGEN,647000,ACTIVE
1101,16383,373,CAGEN,495500,ACTIVE
1102,41024,374,SBBAS2,10200,ACTIVE
1103,00836,374,SBBAS2,79400,ACTIVE
1104,01478,374,SBCHQ,155000,ACTIVE
1105,00123,374,SBBAS2,220400,ACTIVE
1106,03093,375,SBBAS2,490800,BLOCKED
1107,11723,375,SBCHQ,8300,ACTIVE
1108,00325,375,TD003,1686000,ACTIVE
1109,3026,375,SBCHQ,59200,ACTIVE
1110,00399,376,SB101,216100,ACTIVE
1111,21205,376,TD003,1902000,ACTIVE
1112,00678,376,TD001,1342000,ACTIVE
1113,00945,377,SBBAS2,287200,ACTIVE
1114,06789,378,TD003,992000,ACTIVE
1115,00234,378,TD003,1937000,ACTIVE
1116,14166,378,SB101,47700,ACTIVE
1117,20795,379,TD001,157000,ACTIVE
1118,01512,379,TD003,114000,ACTIVE
1119,20507,379,TD001,69000,ACTIVE
1120,01234,379,SBCHQ,498200,ACTIVE
1121,21007,380,SB101,108000,ACTIVE
1122,00800,380,TD003,941000,ACTIVE
1123,21240,381,CACOL,1820000,ACTIVE
1124,05364,382,TD001,564000,ACTIVE
1125,20123,382,TD003,1223000,ACTIVE
1126,01245,383,CAGEN,430500,ACTIVE
1127,00156,383,SBBAS2,166800,BLOCKED
1128,30142,383,SBCHQ,464900,ACTIVE
1129,00901,383,SB101,235700,ACTIVE
1130,17890,384,SBBAS2,278600,ACTIVE
1131,00334,384,SBCHQ,378400,ACTIVE
1132,01234,384,SBBAS2,267900,ACTIVE
1133,09012,385,TD001,888000,ACTIVE
1134,05364,385,TD003,932000,ACTIVE
1135,00412,385,TD003,1017000,ACTIVE
1136,00678,385,SBODS4,40600,ACTIVE
1137,20984,386,TD001,273000,ACTIVE
1138,21400,386,SB101,190000,ACTIVE
1139,00182,386,CA0033,2465000,ACTIVE
1140,20984,386,SBGEN,262700,ACTIVE
1141,00788,387,SBBAS2,115500,ACTIVE
1142,21249,387,TD001,770000,ACTIVE
1143,00512,387,TD003,1246000,ACTIVE
1144,01445,387,TD001,353000,ACTIVE
1145,01212,388,TD003,1167000,ACTIVE
1146,00543,388,TD001,266000,ACTIVE
1147,60159,388,CAGEN,312500,ACTIVE
1148,13279,389,TD002,238000,ACTIVE
1149,00282,389,TD001,1726000,ACTIVE
1150,00599,389,SB101,77400,ACTIVE
1151,00836,389,SBCHQ,480000,ACTIVE
1152,00123,390,TD001,794000,ACTIVE
1153,00534,390,TD001,1893000,ACTIVE
1154,02796,390,TD001,532000,ACTIVE
1155,00823,390,SBCHQ,69100,ACTIVE
1156,00891,391,SBCHQ,373400,ACTIVE
1157,00001,391,TD001,1861000,ACTIVE
1158,04567,391,SBBAS2,478900,ACTIVE
1159,21240,392,TD002,810000,ACTIVE
1160,21007,393,CA0033,4257000,ACTIVE
1161,00491,393,SBODS4,103400,ACTIVE
1162,00634,393,CA0033,2232000,ACTIVE
1163,00342,394,TD001,591000,ACTIVE
1164,01445,394,SBGEN,196800,ACTIVE
1165,00213,394,TD002,1858000,ACTIVE
1166,00421,394,SBCHQ,371000,ACTIVE
1167,21291,395,TD001,568000,ACTIVE
1168,01045,395,SB101,228500,ACTIVE
1169,1195,395,SBGEN,313500,ACTIVE
1170,14826,396,CACOL,4243000,BLOCKED
1171,00876,396,SBCHQ,31600,ACTIVE
1172,00244,396,TD002,755000,ACTIVE
1173,30142,396,TD002,1986000,ACTIVE
1174,6854,396,SBCHQ,196500,ACTIVE
1175,18901,397,TD001,1023000,ACTIVE
1176,31346,398,SBODS4,223800,ACTIVE
1177,00156,398,SB101,3700,ACTIVE
1178,04816,398,SBCHQ,424300,ACTIVE
1179,12960,398,SBBAS2,439800,ACTIVE
1180,01234,399,TD001,1631000,ACTIVE
1181,02796,399,SBGEN,482800,ACTIVE
1182,21061,399,TD001,1256000,ACTIVE
1183,00912,399,SBGEN,133500,ACTIVE
1184,00978,399,SBODS4,83300,ACTIVE
1185,01078,400,TD003,1527000,ACTIVE
1186,60159,400,TD002,1305000,ACTIVE
1187,00551,400,TD001,236000,ACTIVE
1188,01312,401,TD001,218000,ACTIVE
1189,00723,402,CAGEN,542000,ACTIVE
1190,15248,402,TD003,705000,ACTIVE
1191,21803,403,TD001,554000,ACTIVE
1192,1676,404,SBGEN,346700,ACTIVE
1193,14567,404,CACOL,4320000,ACTIVE
1194,16789,404,SBCHQ,234500,ACTIVE
1195,14681,404,SBCHQ,155000,ACTIVE
1196,03456,405,TD002,134000,ACTIVE
1197,00745,406,CAGEN,100000,ACTIVE
1198,00112,406,CACOL,3267000,ACTIVE
1199,10123,406,SBGEN,416100,ACTIVE
1200,00182,407,SBGEN,433000,ACTIVE
1201,1980,407,SB101,101800,ACTIVE
1202,21523,407,SBGEN,18900,ACTIVE
1203,00691,408,SBGEN,205900,ACTIVE
1204,00282,409,SBCHQ,472600,ACTIVE
1205,21284,409,SBBAS2,216600,ACTIVE
1206,00112,409,SBGEN,229000,ACTIVE
1207,00812,409,SBBAS2,109600,ACTIVE
1208,02786,410,CAGEN,668500,ACTIVE
1209,01012,410,CA0033,1335000,ACTIVE
1210,01245,411,TD003,1781000,ACTIVE
1211,21625,411,TD001,1715000,ACTIVE
1212,00782,411,SBBAS2,48500,ACTIVE
1213,00977,412,SBGEN,314300,ACTIVE
1214,00978,412,TD002,1541000,ACTIVE
1215,11234,413,CAGEN,986500,ACTIVE
1216,60007,413,SBGEN,159300,ACTIVE
1217,21279,413,SB101,61700,ACTIVE
1218,21240,413,SBGEN,104700,ACTIVE
1219,01478,413,CAGEN,579000,ACTIVE
1220,00765,414,SBODS4,55100,ACTIVE
1221,30273,414,TD003,1676000,ACTIVE
1222,21291,414,TD003,434000,ACTIVE
1223,1195,414,TD002,1551000,ACTIVE
1224,19012,414,SB101,88500,ACTIVE
1225,21067,415,TD001,1625000,ACTIVE
1226,00782,415,SB101,170600,ACTIVE
1227,21792,415,SBODS4,192100,ACTIVE
1228,60007,415,SBGEN,460500,ACTIVE
1229,18901,415,CAGEN,970000,ACTIVE
1230,01378,416,SBGEN,404100,ACTIVE
1231,04816,417,SB101,66300,ACTIVE
1232,01078,417,TD003,72000,ACTIVE
1233,00234,418,CAGEN,289500,ACTIVE
1234,00891,419,SBCHQ,73200,ACTIVE
1235,00267,419,TD001,579000,ACTIVE
1236,61020,420,SBGEN,34900,ACTIVE
1237,00267,421,SBGEN,6300,ACTIVE
1238,3026,421,TD001,450000,ACTIVE
1239,00691,421,TD003,1942000,ACTIVE
1240,00234,422,TD001,262000,BLOCKED
1241,21249,423,TD002,1830000,ACTIVE
1242,00889,423,TD001,1795000,ACTIVE
1243,00691,423,SBGEN,414200,ACTIVE
1244,16528,424,TD001,791000,ACTIVE
1245,01234,424,SBGEN,48000,ACTIVE
1246,00201,424,TD002,1658000,ACTIVE
1247,00867,425,TD003,1403000,ACTIVE
1248,00267,425,CAGEN,420500,ACTIVE
1249,21249,425,TD001,1018000,ACTIVE
1250,02696,425,SBCHQ,73600,BLOCKED
1251,00234,425,TD001,629000,ACTIVE
1252,00977,426,TD003,193000,ACTIVE
1253,01234,426,CAGEN,689500,ACTIVE
1254,20507,426,CAGEN,789500,ACTIVE
1255,00293,426,TD001,1409000,BLOCKED
1256,21284,426,TD001,1042000,ACTIVE
1257,21007,427,SBCHQ,294500,ACTIVE
1258,00692,427,SB101,108100,ACTIVE
1259,16528,427,SBCHQ,129600,ACTIVE
1260,21240,428,SBGEN,104000,ACTIVE
1261,01173,428,SBBAS2,465500,ACTIVE
1262,00342,429,SBODS4,115600,ACTIVE
1263,21184,429,TD001,679000,ACTIVE
1264,19012,429,CAGEN,834500,ACTIVE
1265,21406,429,TD001,1320000,ACTIVE
1266,20820,429,SBGEN,398800,ACTIVE
1267,00112,430,CAGEN,149500,ACTIVE
1268,00421,430,CAGEN,513500,ACTIVE
1269,16959,430,TD003,1787000,ACTIVE
1270,00692,431,TD003,295000,ACTIVE
1271,20795,431,SBCHQ,258000,ACTIVE
1272,01345,431,SB101,90400,BLOCKED
1273,00799,432,SBGEN,342100,ACTIVE
1274,60148,432,SBCHQ,410000,ACTIVE
1275,30142,432,SBCHQ,180700,ACTIVE
1276,21406,432,TD001,667000,ACTIVE
1277,00112,432,SBGEN,206200,ACTIVE
1278,50782,433,TD002,1296000,ACTIVE
1279,31277,433,CACOL,1730000,ACTIVE
1280,01345,433,TD002,885000,ACTIVE
1281,09012,433,TD001,1048000,ACTIVE
1282,07890,433,TD003,1670000,ACTIVE
1283,00382,434,CACOL,4571000,ACTIVE
1284,21516,434,SBGEN,279300,ACTIVE
1285,00800,434,TD001,1805000,ACTIVE
1286,21249,435,CA0033,3926000,ACTIVE
1287,00867,435,TD002,1898000,ACTIVE
1288,01234,435,SBODS4,223400,BLOCKED
1289,30273,435,SBBAS2,210500,ACTIVE
1290,21061,436,TD001,331000,ACTIVE
1291,16383,436,SBCHQ,146600,ACTIVE
1292,00654,437,SBCHQ,32500,ACTIVE
1293,01012,437,SBGEN,414800,ACTIVE
1294,00454,437,SBCHQ,324800,ACTIVE
1295,21067,437,TD001,106000,ACTIVE
1296,08901,438,TD001,571000,ACTIVE
1297,21061,439,SBGEN,167700,ACTIVE
1298,00656,439,SBCHQ,136300,ACTIVE
1299,20998,439,TD001,1320000,ACTIVE
1300,17980,439,SBBAS2,35900,ACTIVE
1301,21612,439,SBGEN,311400,ACTIVE
1302,15069,440,CACOL,2896000,ACTIVE
1303,00844,440,TD003,1659000,ACTIVE
1304,2714,441,TD001,1576000,ACTIVE
1305,00001,441,TD001,138000,ACTIVE
1306,20963,441,SBGEN,223400,ACTIVE
1307,00123,441,TD001,580000,ACTIVE
1308,21424,441,TD001,1629000,ACTIVE
1309,61020,442,SBCHQ,340900,ACTIVE
1310,00255,443,TD002,313000,ACTIVE
1311,01345,443,SBCHQ,424900,ACTIVE
1312,00293,443,SBCHQ,342300,ACTIVE
1313,11119,443,TD001,1654000,ACTIVE
1314,21861,444,TD001,230000,ACTIVE
1315,08901,444,TD003,225000,ACTIVE
1316,21625,444,TD001,303000,ACTIVE
1317,1675,445,TD003,1237000,ACTIVE
1318,11723,445,TD001,751000,ACTIVE
1319,21205,446,SBGEN,318100,ACTIVE
1320,1675,446,SBODS4,57800,ACTIVE
1321,31277,446,TD001,1018000,ACTIVE
1322,00912,446,TD003,95000,ACTIVE
1323,00512,447,TD001,1271000,ACTIVE
1324,00844,448,SBBAS2,386000,ACTIVE
1325,01045,449,TD002,139000,ACTIVE
1326,01112,449,TD001,730000,BLOCKED
1327,00654,450,TD001,1172000,ACTIVE
1328,3026,450,TD003,106000,BLOCKED
1329,00889,451,SBCHQ,365500,ACTIVE
1330,00692,452,TD001,1263000,ACTIVE
1331,08901,452,TD003,1666000,ACTIVE
1332,16383,452,TD001,1756000,ACTIVE
1333,00998,452,SBBAS2,10100,ACTIVE
1334,05364,453,CAGEN,72500,ACTIVE
1335,21067,453,TD001,1466000,ACTIVE
1336,14567,454,SBGEN,359900,ACTIVE
1337,21249,454,SB101,124900,ACTIVE
1338,00478,454,TD003,1169000,ACTIVE
1339,03456,455,TD003,1918000,ACTIVE
1340,16959,455,SB101,227100,ACTIVE
1341,00945,455,SBGEN,88000,ACTIVE
1342,15071,455,CACOL,3171000,ACTIVE
1343,00800,456,SBODS4,68400,ACTIVE
1344,15069,456,SBCHQ,199000,ACTIVE
1345,11234,456,TD001,1501000,ACTIVE
1346,00998,456,CAGEN,224500,ACTIVE
1347,20795,456,SBGEN,436400,ACTIVE
1348,3026,457,SBCHQ,461100,ACTIVE
1349,13279,457,SBGEN,150600,ACTIVE
1350,17921,457,SBGEN,367100,ACTIVE
1351,20795,457,TD001,1975000,ACTIVE
1352,00454,457,TD003,784000,ACTIVE
1353,03456,458,TD003,1958000,ACTIVE
1354,00212,458,CAGEN,890000,ACTIVE
1355,31277,458,SBCHQ,106900,ACTIVE
1356,21523,458,TD003,378000,BLOCKED
1357,00978,459,CACOL,781000,ACTIVE
1358,1675,459,SBGEN,436100,ACTIVE
1359,21240,459,TD002,1069000,ACTIVE
1360,01173,459,TD001,1020000,ACTIVE
1361,00889,459,SBCHQ,288500,ACTIVE
1362,01178,460,SBGEN,339300,ACTIVE
1363,40769,460,TD002,1465000,ACTIVE
1364,31346,460,TD001,1879000,ACTIVE
1365,00542,460,SBBAS2,201000,BLOCKED
1366,00691,461,TD001,1358000,ACTIVE
1367,00282,461,SBGEN,240100,ACTIVE
1368,16383,461,CACOL,3667000,ACTIVE
1369,21523,462,SBGEN,263800,ACTIVE
1370,20984,462,CACOL,4499000,ACTIVE
1371,00542,463,SBBAS2,250500,ACTIVE
1372,00856,464,SBGEN,238400,ACTIVE
1373,00998,464,CAGEN,208000,ACTIVE
1374,01078,464,SBGEN,416100,ACTIVE
1375,05678,464,CACOL,2624000,ACTIVE
1376,00543,464,SBCHQ,435000,ACTIVE
1377,00156,465,CAGEN,993000,ACTIVE
1378,21213,465,SBBAS2,384300,ACTIVE
1379,01178,465,SB101,133600,ACTIVE
1380,00334,465,TD001,461000,ACTIVE
1381,00212,465,CAGEN,251000,ACTIVE
1382,00282,466,TD001,522000,ACTIVE
1383,03456,466,TD001,387000,ACTIVE
1384,16528,466,SBBAS2,456600,ACTIVE
1385,50784,466,SB101,56600,ACTIVE
1386,12960,466,CACOL,1895000,ACTIVE
1387,00823,467,CAGEN,200500,ACTIVE
1388,21289,467,SBCHQ,29700,ACTIVE
1389,20123,468,SBCHQ,398900,ACTIVE
1390,16383,469,TD001,1288000,ACTIVE
1391,00267,469,CACOL,3376000,ACTIVE
1392,60159,469,TD001,678000,ACTIVE
1393,1675,469,SBGEN,438700,ACTIVE
1394,70649,469,SBCHQ,55100,ACTIVE
1395,01378,470,SBBAS2,65500,ACTIVE
1396,21424,470,TD001,1756000,ACTIVE
1397,70649,470,TD001,734000,ACTIVE
1398,00244,471,TD001,1090000,ACTIVE
1399,00977,471,SBBAS2,379000,ACTIVE
1400,00901,472,CAGEN,275500,ACTIVE
1401,17890,472,TD001,635000,ACTIVE
1402,01312,473,SBGEN,176900,ACTIVE
1403,00723,473,SB101,10600,ACTIVE
1404,13456,473,TD001,485000,ACTIVE
1405,00844,473,SB101,9900,ACTIVE
1406,21240,473,SB101,180300,ACTIVE
1407,00543,474,SBGEN,102500,ACTIVE
1408,00745,474,CACOL,3961000,ACTIVE
1409,15248,474,CACOL,3997000,ACTIVE
1410,00751,475,SBGEN,112600,ACTIVE
1411,50784,475,SBGEN,481800,ACTIVE
1412,1676,475,SBODS4,214400,ACTIVE
1413,00799,476,TD001,1598000,ACTIVE
1414,21067,477,TD001,1224000,ACTIVE
1415,1676,477,TD001,1001000,ACTIVE
1416,00212,478,SBGEN,73500,ACTIVE
1417,00765,478,SBCHQ,78500,ACTIVE
1418,00244,478,SBGEN,276500,ACTIVE
1419,21792,478,TD001,786000,ACTIVE
1420,31346,478,TD001,553000,ACTIVE
1421,00654,479,TD001,545000,BLOCKED
1422,01445,479,SBGEN,297300,ACTIVE
1423,00244,479,TD001,542000,ACTIVE
1424,00751,479,TD003,1170000,ACTIVE
1425,02786,480,SBGEN,426800,ACTIVE
1426,02786,480,TD003,1675000,ACTIVE
1427,00534,481,SBBAS2,450800,ACTIVE
1428,01212,481,SBCHQ,484000,ACTIVE
1429,14158,481,TD001,1981000,ACTIVE
1430,01312,481,SBGEN,177600,ACTIVE
1431,00182,481,SBGEN,437300,ACTIVE
1432,21752,482,CACOL,3878000,ACTIVE
1433,02786,482,SBBAS2,301300,ACTIVE
1434,00901,482,SB101,139900,ACTIVE
1435,50782,482,SBBAS2,487300,ACTIVE
1436,09012,483,SBGEN,175100,ACTIVE
1437,20998,483,CAGEN,538000,ACTIVE
1438,05061,483,SBGEN,426200,BLOCKED
1439,05364,484,TD003,633000,ACTIVE
1440,00788,485,CAGEN,128000,BLOCKED
1441,14826,485,CAGEN,353000,BLOCKED
1442,15306,485,SBGEN,326600,ACTIVE
1443,21251,485,TD001,1228000,ACTIVE
1444,01412,486,CA0033,2655000,ACTIVE
1445,20847,486,SBGEN,407300,ACTIVE
1446,41024,486,SBCHQ,29300,ACTIVE
1447,15678,487,CAGEN,181500,ACTIVE
1448,00836,487,SBGEN,394500,ACTIVE
1449,20984,487,SBGEN,94800,ACTIVE
1450,1675,487,TD001,399000,ACTIVE
1451,21861,488,TD003,538000,ACTIVE
1452,02796,488,CACOL,3168000,ACTIVE
1453,00765,488,TD001,1214000,ACTIVE
1454,21861,488,SBBAS2,406100,ACTIVE
1455,1676,488,CAGEN,828500,ACTIVE
1456,21612,489,SBBAS2,268700,ACTIVE
1457,14158,489,SBCHQ,234600,ACTIVE
1458,14681,490,TD003,1501000,ACTIVE
1459,00454,491,TD001,897000,ACTIVE
1460,00978,491,TD001,1861000,ACTIVE
1461,21651,492,SBCHQ,132100,ACTIVE
1462,14158,492,TD003,1547000,ACTIVE
1463,1675,493,TD001,1265000,BLOCKED
1464,20507,493,CACOL,1640000,ACTIVE
1465,01412,493,CACOL,4049000,BLOCKED
1466,00891,494,TD001,968000,ACTIVE
1467,15306,494,SBBAS2,251400,ACTIVE
1468,00543,494,TD003,192000,BLOCKED
1469,00876,495,SB101,42700,ACTIVE
1470,00301,495,SBBAS2,262900,ACTIVE
1471,21554,496,CAGEN,63000,ACTIVE
1472,00678,497,TD001,1398000,ACTIVE
1473,00234,497,SBCHQ,256200,ACTIVE
1474,01345,497,SB101,87400,ACTIVE
1475,16959,497,TD001,1099000,ACTIVE
1476,12960,497,TD003,719000,ACTIVE
1477,00823,498,CACOL,4811000,ACTIVE
1478,17921,498,TD001,711000,ACTIVE
1479,16528,498,CA0033,1823000,ACTIVE
1480,15248,498,TD001,1491000,ACTIVE
1481,18849,499,CAGEN,373000,ACTIVE
1482,00356,499,SBBAS2,406100,ACTIVE
1483,17921,499,TD003,257000,ACTIVE
1484,15069,500,SBGEN,82300,ACTIVE
1485,00977,500,TD001,251000,ACTIVE
1486,41024,500,TD001,915000,ACTIVE
1487,21061,501,TD001,464000,ACTIVE
1488,17890,501,TD001,1623000,ACTIVE
1489,3026,501,TD001,424000,ACTIVE
1490,00941,502,CAGEN,333000,ACTIVE
1491,08901,502,CAGEN,37000,ACTIVE
1492,00212,502,TD001,407000,ACTIVE
1493,18849,502,SBCHQ,178400,ACTIVE
1494,16959,502,SBODS4,165200,ACTIVE
1495,00421,503,SBCHQ,148400,ACTIVE
1496,21184,504,TD002,1163000,ACTIVE
1497,01378,504,SBGEN,455800,ACTIVE
1498,50784,504,CAGEN,923500,ACTIVE
1499,15248,504,TD003,1320000,ACTIVE
1500,00977,505,SBBAS2,89300,ACTIVE
1501,19012,505,SBODS4,98900,ACTIVE
1502,1980,505,TD003,1501000,ACTIVE
1503,00123,506,SBBAS2,441000,ACTIVE
1504,60156,507,SBGEN,375500,ACTIVE
1505,21251,507,SB101,117200,ACTIVE
1506,00856,507,TD001,91000,ACTIVE
1507,03456,507,SBODS4,68600,ACTIVE
1508,21861,507,CACOL,4520000,ACTIVE
1509,00782,508,CAGEN,67500,ACTIVE
1510,20507,508,CAGEN,645500,ACTIVE
1511,00978,509,TD003,1722000,ACTIVE
1512,50784,509,SBGEN,443900,ACTIVE
1513,05364,510,SB101,33300,ACTIVE
1514,16789,510,SBGEN,167200,ACTIVE
1515,20963,510,SBBAS2,310800,ACTIVE
1516,17890,511,TD001,1213000,ACTIVE
1517,20507,511,TD002,607000,ACTIVE
1518,15069,511,TD002,1293000,ACTIVE
1519,21249,511,SBCHQ,314600,ACTIVE
1520,01078,511,TD002,1865000,ACTIVE
1521,60159,512,CAGEN,509500,ACTIVE
1522,04816,512,SBGEN,356200,ACTIVE
1523,60148,512,TD001,1015000,ACTIVE
1524,14681,512,SBGEN,170400,ACTIVE
1525,20963,513,TD003,1251000,ACTIVE
1526,16789,514,TD001,1054000,ACTIVE
1527,00421,515,TD003,821000,ACTIVE
1528,13279,515,TD002,1704000,ACTIVE
1529,00234,515,SBGEN,142300,ACTIVE
1530,00765,516,SBBAS2,2800,ACTIVE
1531,11234,516,SB101,75800,ACTIVE
1532,00711,517,SBBAS2,204900,ACTIVE
1533,10123,517,SBCHQ,472700,ACTIVE
1534,05061,517,CACOL,3868000,ACTIVE
1535,20507,517,SB101,133800,ACTIVE
1536,20591,518,SBGEN,419700,ACTIVE
1537,21240,518,CA0033,4300000,ACTIVE
1538,00567,518,SBCHQ,35800,ACTIVE
1539,00978,518,SBBAS2,38600,ACTIVE
1540,01173,518,TD001,217000,ACTIVE
1541,02786,519,TD001,931000,ACTIVE
1542,14166,519,CAGEN,345500,ACTIVE
1543,00799,520,SB101,37500,ACTIVE
1544,00491,520,TD003,1219000,ACTIVE
1545,02696,521,SBGEN,411500,ACTIVE
1546,01078,521,TD003,794000,BLOCKED
1547,01234,521,TD001,298000,ACTIVE
1548,00325,522,TD003,921000,ACTIVE
1549,00599,523,TD001,307000,ACTIVE
1550,00800,523,SBGEN,490600,ACTIVE
1551,00941,523,CAGEN,88000,BLOCKED
1552,00234,523,SBBAS2,195900,BLOCKED
1553,00751,524,SBCHQ,348800,ACTIVE
1554,21625,524,TD003,228000,ACTIVE
1555,15678,524,TD001,486000,ACTIVE
1556,00678,525,CAGEN,921000,ACTIVE
1557,21210,525,SBODS4,180400,ACTIVE
1558,00711,525,TD001,1220000,ACTIVE
1559,20984,526,SBBAS2,390500,ACTIVE
1560,07890,526,SBCHQ,203400,ACTIVE
1561,30142,527,TD003,1448000,ACTIVE
1562,00745,527,TD001,1621000,ACTIVE
1563,21251,528,CAGEN,750500,ACTIVE
1564,21279,528,CAGEN,128500,ACTIVE
1565,01045,529,TD001,624000,ACTIVE
1566,01078,529,SB101,164600,ACTIVE
1567,00812,529,SB101,160500,ACTIVE
1568,11723,529,SBCHQ,95700,ACTIVE
1569,21803,530,CAGEN,613500,ACTIVE
1570,16383,531,SB101,205300,ACTIVE
1571,10123,531,TD001,450000,ACTIVE
1572,00325,532,SB101,216800,ACTIVE
1573,18849,532,TD001,1011000,ACTIVE
1574,01012,532,SBBAS2,401200,ACTIVE
1575,09012,533,SBGEN,239300,ACTIVE
1576,61020,533,TD003,704000,ACTIVE
1577,01178,534,SBGEN,329000,ACTIVE
1578,11121,534,SBCHQ,267000,ACTIVE
1579,11119,534,TD001,212000,ACTIVE
1580,01512,534,SBGEN,115200,ACTIVE
1581,00844,534,SBBAS2,277100,ACTIVE
1582,21651,535,SBBAS2,379600,ACTIVE
1583,01345,535,SBGEN,405200,ACTIVE
1584,00282,536,TD001,751000,ACTIVE
1585,00212,536,TD001,1473000,ACTIVE
1586,21625,537,SB101,222500,ACTIVE
1587,01112,537,CAGEN,291500,ACTIVE
1588,21406,537,SBCHQ,55000,ACTIVE
1589,00342,537,SBBAS2,356800,ACTIVE
1590,08901,537,SB101,106900,ACTIVE
1591,14681,538,CACOL,352000,ACTIVE
1592,00201,539,SBBAS2,338700,ACTIVE
1593,00891,539,SBCHQ,347800,ACTIVE
1594,00612,539,SBBAS2,86100,ACTIVE
1595,00454,539,TD003,236000,ACTIVE
1596,04816,540,SBBAS2,266200,ACTIVE
1597,00901,540,CAGEN,611000,ACTIVE
1598,12960,541,SBGEN,327300,ACTIVE
1599,04816,541,CAGEN,402000,ACTIVE
1600,15071,541,SBCHQ,95300,ACTIVE
1601,00567,542,TD003,375000,ACTIVE
1602,14681,543,TD001,377000,ACTIVE
1603,05364,544,SBGEN,456700,ACTIVE
1604,00613,544,SBBAS2,389600,ACTIVE
1605,11234,544,CAGEN,683000,ACTIVE
1606,00941,545,SBODS4,234700,ACTIVE
1607,00478,545,SBGEN,89200,ACTIVE
1608,21067,545,TD001,1800000,ACTIVE
1609,00325,545,TD001,1930000,ACTIVE
1610,60159,545,TD002,948000,ACTIVE
1611,01445,546,TD003,1666000,ACTIVE
1612,14171,546,CAGEN,772500,ACTIVE
1613,1676,546,TD002,677000,ACTIVE
1614,11723,547,SBBAS2,276800,ACTIVE
1615,00373,547,SBODS4,229900,ACTIVE
1616,00691,547,SBCHQ,312000,BLOCKED
1617,50784,547,SBCHQ,478200,ACTIVE
1618,1195,548,CACOL,3899000,ACTIVE
1619,01178,548,TD002,91000,ACTIVE
1620,00823,548,TD003,403000,ACTIVE
1621,16383,549,CAGEN,250000,ACTIVE
1622,00856,549,CAGEN,228500,ACTIVE
1623,1676,550,SB101,61700,ACTIVE
1624,00823,550,SBCHQ,18400,BLOCKED
1625,21400,550,TD001,300000,ACTIVE
1626,20123,550,TD003,230000,ACTIVE
1627,20795,550,TD001,893000,ACTIVE
1628,00945,551,SBCHQ,130100,ACTIVE
1629,15306,551,TD001,1107000,ACTIVE
1630,03456,551,SBBAS2,441600,ACTIVE
1631,00612,552,TD001,1113000,ACTIVE
1632,00156,552,SBBAS2,468800,ACTIVE
1633,21803,552,SBGEN,320000,ACTIVE
1634,1676,552,SBCHQ,311300,ACTIVE
1635,00977,552,TD001,128000,ACTIVE
1636,1195,553,TD002,1364000,ACTIVE
1637,20963,553,SBGEN,433800,ACTIVE
1638,07890,554,TD001,575000,ACTIVE
1639,00765,554,SBODS4,84300,ACTIVE
1640,60159,555,CAGEN,894000,ACTIVE
1641,03093,555,TD001,1865000,ACTIVE
1642,00788,555,SB101,138600,ACTIVE
1643,31277,556,SBCHQ,343500,ACTIVE
1644,04187,556,TD001,364000,ACTIVE
1645,14826,556,SBGEN,231800,ACTIVE
1646,03093,556,SBCHQ,31900,ACTIVE
1647,20963,557,TD003,882000,ACTIVE
1648,11660,557,TD001,1183000,ACTIVE
1649,18849,558,CA0033,560000,ACTIVE
1650,41024,558,SBGEN,223900,ACTIVE
1651,00123,558,SBODS4,175100,ACTIVE
1652,31346,558,TD001,495000,ACTIVE
1653,00311,558,TD001,1133000,ACTIVE
1654,14681,559,SBGEN,161600,ACTIVE
1655,20984,559,SBGEN,234100,ACTIVE
1656,04816,559,TD003,1635000,ACTIVE
1657,00001,560,TD001,215000,ACTIVE
1658,17890,560,SB101,104800,ACTIVE
1659,02345,561,TD003,908000,ACTIVE
1660,00613,562,CACOL,4513000,ACTIVE
1661,14826,563,TD003,650000,ACTIVE
1662,02796,563,TD001,536000,ACTIVE
1663,16789,563,SBBAS2,87400,ACTIVE
1664,50784,564,CAGEN,924000,ACTIVE
1665,15069,564,SBBAS2,5800,ACTIVE
1666,21612,564,CAGEN,857000,ACTIVE
1667,00723,565,TD001,1081000,ACTIVE
1668,01012,566,TD003,1060000,ACTIVE
1669,1980,567,CACOL,4446000,ACTIVE
1670,00654,567,SBGEN,186200,ACTIVE
1671,31346,567,SB101,199400,ACTIVE
1672,00123,567,SB101,105500,ACTIVE
1673,00454,567,TD002,813000,ACTIVE
1674,12960,568,CAGEN,167500,BLOCKED
1675,20123,569,SBCHQ,82700,ACTIVE
1676,00123,569,TD001,551000,ACTIVE
1677,20984,569,SBBAS2,70600,ACTIVE
1678,40769,570,SBCHQ,26800,ACTIVE
1679,16383,570,SBGEN,13100,ACTIVE
1680,00941,570,CAGEN,181500,ACTIVE
1681,01045,571,SB101,109600,ACTIVE
1682,00612,571,TD003,1395000,ACTIVE
1683,20847,571,TD001,1680000,ACTIVE
1684,11723,571,TD003,972000,ACTIVE
1685,11119,572,TD001,1811000,ACTIVE
1686,10123,572,SB101,143600,ACTIVE
1687,00977,573,TD002,1071000,ACTIVE
1688,00432,573,SB101,2900,ACTIVE
1689,21279,573,SBBAS2,9400,ACTIVE
1690,00844,573,SBCHQ,453800,ACTIVE
1691,21424,573,TD003,611000,ACTIVE
1692,12960,574,TD001,1381000,ACTIVE
1693,01173,574,SBCHQ,406700,ACTIVE
1694,15071,574,SBGEN,230700,ACTIVE
1695,11234,575,CAGEN,897000,ACTIVE
1696,01441,575,SBCHQ,472400,ACTIVE
1697,01245,575,CAGEN,21500,ACTIVE
1698,00782,575,SB101,79100,ACTIVE
1699,00856,575,TD003,1602000,ACTIVE
1700,20963,576,TD001,763000,ACTIVE
1701,21651,576,SBGEN,327000,ACTIVE
1702,00711,576,TD001,1709000,ACTIVE
1703,00267,576,CACOL,405000,ACTIVE
1704,00156,576,CAGEN,913000,ACTIVE
1705,13279,577,SBGEN,232100,ACTIVE
1706,00912,577,SBGEN,163900,ACTIVE
1707,00123,577,SBCHQ,327400,BLOCKED
1708,08901,578,SBCHQ,57600,ACTIVE
1709,00213,578,TD001,1845000,ACTIVE
1710,02696,579,SBCHQ,499500,ACTIVE
1711,14567,579,TD001,76000,ACTIVE
1712,16959,579,SBCHQ,438400,ACTIVE
1713,21803,580,SBGEN,12900,ACTIVE
1714,05744,580,SB101,224400,ACTIVE
1715,21612,580,TD003,995000,ACTIVE
1716,21284,580,TD001,826000,ACTIVE
1717,00978,580,SBGEN,318000,ACTIVE
1718,14681,581,SBGEN,117700,ACTIVE
1719,21861,581,TD001,951000,ACTIVE
1720,00182,581,SB101,143100,ACTIVE
1721,41024,581,SBGEN,402300,ACTIVE
1722,01512,582,TD002,90000,ACTIVE
1723,00634,583,CAGEN,68000,ACTIVE
1724,60007,583,SBGEN,153200,ACTIVE
1725,00765,583,TD001,74000,ACTIVE
1726,04187,583,SB101,136300,ACTIVE
1727,14826,583,SBODS4,241500,ACTIVE
1728,31346,584,SB101,145200,ACTIVE
1729,01441,585,SBODS4,142000,ACTIVE
1730,21861,586,SBCHQ,332800,ACTIVE
1731,00788,587,TD001,892000,ACTIVE
1732,00751,588,TD003,486000,ACTIVE
1733,16383,588,SBCHQ,198600,BLOCKED
1734,15306,588,CAGEN,257000,ACTIVE
1735,00123,588,SBCHQ,312800,ACTIVE
1736,05744,589,SBCHQ,49100,ACTIVE
1737,00356,589,TD001,1736000,ACTIVE
1738,01278,589,SBCHQ,407200,ACTIVE
1739,30273,589,CAGEN,19000,ACTIVE
1740,00244,590,SBCHQ,425300,ACTIVE
1741,21651,590,TD001,906000,ACTIVE
1742,17890,590,SBCHQ,34800,ACTIVE
1743,21424,590,SBCHQ,480400,ACTIVE
1744,15678,591,TD003,974000,ACTIVE
1745,00723,592,SBGEN,21400,ACTIVE
1746,00399,592,SB101,172300,ACTIVE
1747,1676,592,SB101,239700,ACTIVE
1748,00889,592,SBBAS2,66200,ACTIVE
1749,00112,592,TD002,254000,ACTIVE
1750,14166,593,SBBAS2,308400,ACTIVE
1751,00799,593,SBCHQ,68900,ACTIVE
1752,00799,593,SB101,134000,ACTIVE
1753,14171,594,SBBAS2,242700,ACTIVE
1754,11121,594,TD002,1490000,ACTIVE
1755,21523,594,SBGEN,185500,ACTIVE
1756,41024,594,SBCHQ,248500,ACTIVE
1757,11660,595,SBBAS2,107100,ACTIVE
1758,00612,595,TD001,437000,ACTIVE
1759,15306,595,CAGEN,261500,ACTIVE
1760,00421,596,SBCHQ,381600,ACTIVE
1761,05744,596,CACOL,3438000,ACTIVE
1762,01178,596,SBGEN,208500,BLOCKED
1763,00891,596,TD001,1756000,ACTIVE
1764,20591,596,SBGEN,50900,ACTIVE
1765,15678,597,TD003,1658000,ACTIVE
1766,11234,597,TD003,1727000,ACTIVE
1767,00356,598,SBCHQ,451400,ACTIVE
1768,70649,598,TD002,575000,BLOCKED
1769,11234,598,SBCHQ,476800,ACTIVE
1770,21249,598,TD003,1673000,ACTIVE
1771,00800,598,TD001,597000,ACTIVE
1772,00412,599,CAGEN,279000,ACTIVE
1773,21007,599,TD001,706000,ACTIVE
1774,18294,599,TD003,1849000,ACTIVE
1775,21861,599,TD003,882000,ACTIVE
1776,00399,599,TD001,1704000,ACTIVE
1777,01345,600,TD003,1015000,ACTIVE
1778,01012,600,SBBAS2,41200,ACTIVE
1779,03456,600,SBGEN,348400,ACTIVE
1780,00212,601,TD003,1104000,ACTIVE
1781,05061,601,TD001,1407000,ACTIVE
1782,00255,601,TD003,1435000,ACTIVE
1783,21803,601,TD003,1715000,ACTIVE
1784,00543,601,TD002,1594000,ACTIVE
1785,07890,602,SBCHQ,172700,ACTIVE
1786,00856,603,SBCHQ,180800,ACTIVE
1787,00301,603,SB101,186300,ACTIVE
1788,21523,603,TD003,1072000,ACTIVE
1789,01445,603,TD003,496000,ACTIVE
1790,01145,604,TD003,223000,ACTIVE
1791,20123,605,TD001,649000,ACTIVE
1792,61020,605,TD001,529000,ACTIVE
1793,01512,605,TD003,1480000,ACTIVE
1794,16959,605,SBCHQ,484700,ACTIVE
1795,20847,605,TD001,1122000,ACTIVE
1796,06789,606,TD001,1088000,ACTIVE
1797,17890,607,SBODS4,110300,ACTIVE
1798,21400,608,SBGEN,76200,ACTIVE
1799,20123,608,TD001,647000,ACTIVE
1800,00542,608,TD001,1161000,ACTIVE
1801,60159,608,TD003,1404000,ACTIVE
1802,15248,608,TD001,1392000,ACTIVE
1803,00691,609,TD001,337000,ACTIVE
1804,1980,609,SBGEN,126000,ACTIVE
1805,01245,609,SBODS4,236100,ACTIVE
1806,2714,609,SB101,36800,ACTIVE
1807,14567,610,TD001,1690000,ACTIVE
1808,14681,610,TD001,1705000,ACTIVE
1809,00678,610,CAGEN,495000,ACTIVE
1810,00799,610,SBGEN,492600,ACTIVE
1811,21625,610,TD003,1157000,ACTIVE
1812,19012,611,SBGEN,458000,ACTIVE
1813,00889,612,SBODS4,178900,ACTIVE
1814,18294,612,TD001,1647000,ACTIVE
1815,01012,612,CAGEN,424000,ACTIVE
1816,11119,612,CAGEN,399500,ACTIVE
1817,21210,612,TD001,1048000,ACTIVE
1818,13279,613,SB101,206700,ACTIVE
1819,00244,613,SBBAS2,159200,ACTIVE
1820,00711,613,TD003,1535000,ACTIVE
1821,00788,613,SBGEN,381800,ACTIVE
1822,08901,613,TD001,1419000,ACTIVE
1823,00856,614,SB101,54600,ACTIVE
1824,21612,614,SBGEN,68300,ACTIVE
1825,14166,614,SBGEN,301000,ACTIVE
1826,20123,615,SBGEN,350200,ACTIVE
1827,21861,615,CA0033,4432000,ACTIVE
1828,05364,615,SBCHQ,360700,ACTIVE
1829,01312,615,TD003,414000,ACTIVE
1830,10123,615,SBCHQ,336000,ACTIVE
1831,00723,616,TD003,612000,ACTIVE
1832,04187,616,TD003,412000,ACTIVE
1833,00325,617,SBGEN,431700,ACTIVE
1834,00342,618,SBGEN,64700,ACTIVE
1835,01412,618,TD001,1625000,ACTIVE
1836,00213,618,TD003,1158000,ACTIVE
1837,21210,619,SBBAS2,131200,ACTIVE
1838,00812,620,SBBAS2,430500,BLOCKED
1839,00156,620,TD002,1921000,ACTIVE
1840,21249,621,CACOL,3699000,ACTIVE
1841,00634,621,CAGEN,865000,ACTIVE
1842,04567,621,TD001,1240000,ACTIVE
1843,04816,621,TD001,834000,ACTIVE
1844,00421,622,SB101,7400,ACTIVE
1845,00001,622,CAGEN,472000,ACTIVE
1846,60007,622,CACOL,2751000,ACTIVE
1847,20123,622,TD003,920000,ACTIVE
1848,21213,622,SB101,163000,ACTIVE
1849,21210,623,TD003,579000,ACTIVE
1850,21424,623,SBCHQ,240300,BLOCKED
1851,05678,623,TD001,1464000,ACTIVE
1852,05364,624,SBGEN,144000,ACTIVE
1853,20984,625,SBODS4,100300,ACTIVE
1854,00889,625,TD001,1457000,ACTIVE
1855,17921,625,SBCHQ,416000,ACTIVE
1856,00213,625,TD003,1031000,ACTIVE
1857,04567,625,TD001,1031000,ACTIVE
1858,21400,626,SBBAS2,462700,ACTIVE
1859,21251,626,SBBAS2,127000,ACTIVE
1860,11723,626,TD001,348000,ACTIVE
1861,00654,626,TD003,1322000,ACTIVE
1862,01078,627,SB101,79700,ACTIVE
1863,05061,628,TD001,1887000,ACTIVE
1864,01512,628,TD001,570000,ACTIVE
1865,00543,628,TD002,1440000,ACTIVE
1866,00654,628,TD003,99000,ACTIVE
1867,16528,628,TD003,1651000,ACTIVE
1868,00751,629,TD002,1508000,ACTIVE
1869,21205,629,SBCHQ,190900,ACTIVE
1870,21007,629,SBBAS2,12500,ACTIVE
1871,21289,629,CA0033,1119000,ACTIVE
1872,00267,629,SBCHQ,477400,ACTIVE
1873,00844,630,SBCHQ,365200,ACTIVE
1874,20847,630,SBBAS2,487500,ACTIVE
1875,21554,630,SBBAS2,266300,ACTIVE
1876,01478,631,TD001,1323000,ACTIVE
1877,11119,631,TD001,1665000,BLOCKED
1878,00613,632,TD003,1819000,ACTIVE
1879,18779,632,SBGEN,167700,ACTIVE
1880,00856,632,TD001,335000,ACTIVE
1881,20123,633,SBGEN,317300,ACTIVE
1882,01441,633,TD001,982000,ACTIVE
1883,06789,634,TD003,1613000,ACTIVE
1884,00876,634,TD001,164000,ACTIVE
1885,02796,634,CACOL,155000,ACTIVE
1886,00691,634,SBGEN,459400,ACTIVE
1887,21291,635,SBCHQ,411400,ACTIVE
1888,00234,635,CAGEN,406000,ACTIVE
1889,21400,635,CA0033,753000,ACTIVE
1890,50869,635,TD001,605000,ACTIVE
1891,21291,636,CAGEN,24000,ACTIVE
1892,20820,637,SBCHQ,470400,ACTIVE
1893,21007,638,SBGEN,356500,ACTIVE
1894,02796,638,SBCHQ,11300,ACTIVE
1895,14567,639,TD001,1405000,ACTIVE
1896,01478,639,CAGEN,823500,ACTIVE
1897,01378,639,SB101,74500,ACTIVE
1898,11660,639,CACOL,3488000,ACTIVE
1899,00692,639,SBBAS2,84200,ACTIVE
1900,00941,640,SBGEN,360200,ACTIVE
1901,17921,641,CACOL,3895000,ACTIVE
1902,00876,641,TD001,930000,ACTIVE
1903,01445,641,SBBAS2,103300,ACTIVE
1904,00412,641,SBGEN,177300,ACTIVE
1905,19012,642,SBGEN,183400,ACTIVE
1906,13279,642,SBCHQ,192300,ACTIVE
1907,00800,643,SBCHQ,114800,ACTIVE
1908,07890,644,SBCHQ,365200,ACTIVE
1909,21612,644,SBBAS2,498300,ACTIVE
1910,00399,644,SBGEN,368000,ACTIVE
1911,00901,644,TD001,735000,ACTIVE
1912,00654,644,TD002,1523000,ACTIVE
1913,19012,645,TD003,1142000,ACTIVE
1914,11234,645,TD003,1293000,ACTIVE
1915,21625,645,SB101,76800,ACTIVE
1916,00788,645,TD001,1610000,ACTIVE
1917,00941,646,TD002,720000,ACTIVE
1918,00912,647,SBGEN,364800,ACTIVE
1919,21554,647,SB101,16100,ACTIVE
1920,00421,647,TD002,522000,ACTIVE
1921,01245,647,CAGEN,787000,ACTIVE
1922,61020,648,TD001,1294000,ACTIVE
1923,61020,648,SB101,206800,ACTIVE
1924,00912,648,SBODS4,130900,ACTIVE
1925,00901,648,SBGEN,491700,BLOCKED
1926,21803,648,SBBAS2,151000,ACTIVE
1927,21625,649,CAGEN,317000,ACTIVE
1928,20507,649,SBCHQ,398900,ACTIVE
1929,11119,650,SBCHQ,151300,ACTIVE
1930,01173,650,TD001,1326000,ACTIVE
1931,00599,650,TD003,1002000,ACTIVE
1932,00282,650,TD001,807000,ACTIVE
1933,00844,651,SBODS4,125300,ACTIVE
1934,18294,651,SBCHQ,409400,ACTIVE
1935,01078,651,SBCHQ,388100,ACTIVE
1936,21651,652,SBGEN,383600,ACTIVE
1937,18294,652,SBBAS2,440300,ACTIVE
1938,00267,652,TD003,199000,ACTIVE
1939,2714,652,SBODS4,167000,ACTIVE
1940,15248,652,TD002,379000,ACTIVE
1941,00765,653,CAGEN,231000,ACTIVE
1942,15069,653,SBCHQ,16100,ACTIVE
1943,05364,653,TD003,496000,ACTIVE
1944,21861,653,TD001,1970000,ACTIVE
1945,21752,654,TD001,1602000,ACTIVE
1946,03456,654,SBGEN,314100,ACTIVE
1947,00567,654,SBCHQ,900,ACTIVE
1948,00454,654,SBCHQ,438300,ACTIVE
1949,21406,654,CAGEN,329500,ACTIVE
1950,14826,655,CAGEN,568500,ACTIVE
1951,14567,655,SB101,71600,ACTIVE
1952,14567,655,TD002,1926000,ACTIVE
1953,00551,656,SBBAS2,274800,ACTIVE
1954,00998,657,TD002,321000,BLOCKED
1955,21406,658,TD003,515000,ACTIVE
1956,01278,658,CA0033,4058000,ACTIVE
1957,05364,658,CAGEN,804000,ACTIVE
1958,01173,658,SBCHQ,228500,ACTIVE
1959,21625,658,TD001,1530000,ACTIVE
1960,21284,659,SBODS4,145400,ACTIVE
1961,11121,659,SBGEN,345700,ACTIVE
1962,01345,659,SBBAS2,4800,ACTIVE
1963,01445,659,CAGEN,211000,ACTIVE
1964,40769,659,SBCHQ,137800,ACTIVE
1965,01441,660,SB101,74300,ACTIVE
1966,00765,660,CAGEN,487000,ACTIVE
1967,21249,660,SBCHQ,301800,ACTIVE
1968,00977,660,SBCHQ,18300,ACTIVE
1969,00836,661,SBODS4,175200,ACTIVE
1970,6854,662,CA0033,3024000,ACTIVE
1971,41024,662,TD002,1933000,ACTIVE
1972,00491,662,CACOL,4489000,ACTIVE
1973,14567,662,CACOL,271000,ACTIVE
1974,00311,662,CA0033,4316000,ACTIVE
1975,00844,663,CACOL,1133000,ACTIVE
1976,00534,663,SBCHQ,352100,ACTIVE
1977,00765,663,SB101,107100,ACTIVE
1978,11121,664,TD002,909000,ACTIVE
1979,07890,665,TD003,1062000,ACTIVE
1980,01112,665,SBBAS2,129200,ACTIVE
1981,00325,666,SBBAS2,221300,ACTIVE
1982,14171,666,TD003,1340000,BLOCKED
1983,60156,666,TD001,503000,ACTIVE
1984,01234,666,CAGEN,286000,ACTIVE
1985,00711,667,TD003,444000,ACTIVE
1986,1195,667,SBCHQ,256000,ACTIVE
1987,20123,667,SBODS4,177200,ACTIVE
1988,00512,667,SBBAS2,140100,ACTIVE
1989,00891,668,TD003,1823000,ACTIVE
1990,00901,668,SBGEN,192900,ACTIVE
1991,16383,668,CAGEN,157000,ACTIVE
1992,60156,668,SBGEN,352700,BLOCKED
1993,00612,668,CACOL,2345000,ACTIVE
1994,00399,669,SBCHQ,142700,ACTIVE
1995,00711,669,TD001,989000,BLOCKED
1996,00213,669,SBCHQ,479600,ACTIVE
1997,15306,669,SB101,76600,ACTIVE
1998,21792,669,SBGEN,370700,ACTIVE
1999,61020,670,SBBAS2,286400,ACTIVE
2000,20854,670,TD001,395000,ACTIVE
2001,00156,670,TD003,1294000,ACTIVE
2002,14567,670,SBBAS2,389800,ACTIVE
2003,60148,671,SBBAS2,392400,ACTIVE
2004,15678,671,SBGEN,160900,ACTIVE
2005,00543,671,TD003,897000,ACTIVE
2006,00255,672,TD001,76000,ACTIVE
2007,21061,672,SBGEN,386600,ACTIVE
2008,2714,673,TD001,320000,ACTIVE
2009,02345,673,SBGEN,112600,ACTIVE
2010,20847,674,SBGEN,79400,BLOCKED
2011,00823,675,SBBAS2,479600,ACTIVE
2012,00123,675,SB101,32500,ACTIVE
2013,00656,675,SB101,182400,ACTIVE
2014,01145,675,SBGEN,11100,ACTIVE
2015,00799,676,SBGEN,189000,ACTIVE
2016,40769,676,SBCHQ,152900,BLOCKED
2017,00765,676,SBGEN,186000,ACTIVE
2018,02696,676,TD003,971000,ACTIVE
2019,21067,677,SBGEN,238900,ACTIVE
2020,21289,677,TD003,1890000,ACTIVE
2021,01234,677,CAGEN,733000,ACTIVE
2022,14826,677,TD001,714000,ACTIVE
2023,21249,678,TD003,1863000,ACTIVE
2024,01212,678,SBBAS2,161000,ACTIVE
2025,05744,678,SBBAS2,123700,ACTIVE
2026,1675,678,TD002,1986000,ACTIVE
2027,12960,678,SBODS4,83400,ACTIVE
2028,21861,679,SB101,232100,ACTIVE
2029,01412,679,TD001,731000,ACTIVE
2030,20998,679,SBCHQ,98700,ACTIVE
2031,00182,680,TD001,1085000,ACTIVE
2032,11234,680,TD001,743000,ACTIVE
2033,14567,680,TD001,1061000,ACTIVE
2034,21251,680,CAGEN,32500,ACTIVE
2035,04567,680,SBBAS2,286900,ACTIVE
2036,20795,681,SBGEN,373400,ACTIVE
2037,50782,682,TD001,1063000,ACTIVE
2038,21061,682,CA0033,4249000,ACTIVE
2039,21240,682,TD001,814000,ACTIVE
2040,00112,682,TD001,739000,ACTIVE
2041,21205,683,SBODS4,40300,ACTIVE
2042,21291,684,SBBAS2,115800,ACTIVE
2043,01441,684,TD001,1038000,ACTIVE
2044,00800,684,TD001,404000,ACTIVE
2045,00112,684,CAGEN,195000,ACTIVE
2046,30273,685,SBBAS2,277200,ACTIVE
2047,00800,685,SBGEN,430300,ACTIVE
2048,11660,685,SBCHQ,300800,ACTIVE
2049,00123,685,TD003,473000,ACTIVE
2050,21061,686,CAGEN,120500,ACTIVE
2051,31346,686,TD001,546000,ACTIVE
2052,00234,686,TD002,58000,ACTIVE
2053,21213,686,TD003,817000,ACTIVE
2054,15306,687,TD001,1726000,ACTIVE
2055,20998,687,SBGEN,183500,ACTIVE
2056,14166,687,TD001,595000,ACTIVE
2057,00788,687,TD001,777000,ACTIVE
2058,20847,688,SB101,101600,ACTIVE
2059,00788,689,SBODS4,46000,ACTIVE
2060,01173,689,SB101,237200,ACTIVE
2061,17890,689,SB101,138400,ACTIVE
2062,00212,690,SB101,189400,ACTIVE
2063,21249,691,TD003,1783000,ACTIVE
2064,00156,691,SBODS4,19100,ACTIVE
2065,07890,691,CA0033,4385000,ACTIVE
2066,21651,692,TD001,1489000,ACTIVE
2067,13279,692,CAGEN,502500,ACTIVE
2068,20123,692,SBGEN,3300,ACTIVE
2069,01245,693,SBODS4,33000,ACTIVE
2070,20963,693,SB101,165800,ACTIVE
2071,00656,694,SBCHQ,408100,ACTIVE
2072,00373,694,TD001,560000,ACTIVE
2073,01478,694,SBCHQ,479900,ACTIVE
2074,00823,694,TD003,583000,ACTIVE
2075,07890,695,SBCHQ,270300,ACTIVE
2076,50784,695,SB101,47700,ACTIVE
2077,00382,695,SB101,209400,ACTIVE
2078,01045,695,SBBAS2,36400,ACTIVE
2079,05061,696,CAGEN,604500,ACTIVE
2080,20591,696,SBBAS2,273000,ACTIVE
2081,21067,697,SBGEN,347300,ACTIVE
2082,50869,697,TD003,975000,ACTIVE
2083,00889,697,TD002,828000,ACTIVE
2084,12960,698,SBCHQ,464100,ACTIVE
2085,12960,699,TD001,169000,ACTIVE
2086,11121,699,CACOL,4449000,ACTIVE
2087,00542,699,SBBAS2,156100,ACTIVE
2088,07890,700,SBODS4,148100,ACTIVE
2089,00654,701,SBGEN,228300,ACTIVE
2090,00782,701,TD001,1702000,ACTIVE
2091,16789,702,CACOL,438000,ACTIVE
2092,21752,702,TD001,1018000,ACTIVE
2093,1676,703,SBGEN,473300,BLOCKED
2094,11723,703,SBODS4,165600,ACTIVE
2095,01445,704,TD001,1334000,ACTIVE
2096,21612,704,TD001,437000,ACTIVE
2097,12960,704,SBCHQ,152100,ACTIVE
2098,31277,705,CA0033,4405000,ACTIVE
2099,21007,705,TD003,1588000,ACTIVE
2100,12345,706,CA0033,1382000,ACTIVE
2101,01345,707,TD001,1281000,ACTIVE
2102,01278,707,TD002,688000,ACTIVE
2103,21406,707,CAGEN,534500,ACTIVE
2104,21400,707,TD002,1916000,ACTIVE
2105,16789,708,CA0033,3256000,ACTIVE
2106,50782,708,SBGEN,488200,ACTIVE
2107,14158,708,TD001,798000,ACTIVE
2108,21803,708,TD003,411000,ACTIVE
2109,00512,709,TD003,1911000,ACTIVE
2110,00978,709,SBBAS2,179400,ACTIVE
2111,14567,709,TD003,508000,ACTIVE
2112,04187,709,SBBAS2,113600,ACTIVE
2113,00421,710,TD001,967000,ACTIVE
2114,21792,710,TD001,821000,ACTIVE
2115,31277,710,SBGEN,452000,ACTIVE
2116,01173,710,SBGEN,86000,BLOCKED
2117,20984,710,SB101,129300,ACTIVE
2118,01212,711,SBGEN,230600,ACTIVE
2119,00745,712,TD001,1101000,BLOCKED
2120,00678,713,SBCHQ,125400,ACTIVE
2121,00534,713,SBODS4,178500,ACTIVE
2122,01245,714,SB101,20500,ACTIVE
2123,17890,714,SBGEN,489600,BLOCKED
2124,01045,715,CAGEN,306000,ACTIVE
2125,00867,716,TD001,1061000,ACTIVE
2126,1676,716,TD001,1275000,ACTIVE
2127,08901,716,TD001,1940000,ACTIVE
2128,20123,716,TD003,547000,ACTIVE
2129,21061,716,SBCHQ,438500,ACTIVE
2130,00812,717,TD001,697000,ACTIVE
2131,11723,717,SBCHQ,450600,ACTIVE
2132,05744,718,SB101,112900,ACTIVE
2133,00836,718,CAGEN,623500,ACTIVE
2134,00800,718,TD001,1826000,BLOCKED
2135,50782,719,SB101,179900,ACTIVE
2136,16528,719,TD001,246000,ACTIVE
2137,21803,719,SBBAS2,178600,ACTIVE
2138,00977,719,CAGEN,811000,ACTIVE
2139,00678,720,TD002,969000,ACTIVE
2140,00325,721,SBCHQ,100500,ACTIVE
2141,00941,721,SBODS4,147900,ACTIVE
2142,40769,721,SBBAS2,2700,ACTIVE
2143,00212,721,CA0033,4858000,ACTIVE
2144,14158,722,TD001,128000,ACTIVE
2145,00311,723,SBGEN,262300,ACTIVE
2146,00542,723,SBGEN,127900,ACTIVE
2147,02796,723,CACOL,4986000,ACTIVE
2148,30142,723,TD002,638000,ACTIVE
2149,61020,724,SBBAS2,180600,ACTIVE
2150,00867,724,CA0033,340000,ACTIVE
2151,00799,725,TD001,841000,ACTIVE
2152,1675,725,SBCHQ,230900,ACTIVE
2153,21651,725,TD003,303000,ACTIVE
2154,00112,725,SBGEN,6100,ACTIVE
2155,20984,726,TD001,1173000,ACTIVE
2156,00751,726,TD001,321000,ACTIVE
2157,60007,726,SBGEN,351900,ACTIVE
2158,03093,726,SBBAS2,425300,BLOCKED
2159,00112,727,SBCHQ,130900,ACTIVE
2160,20984,727,SBBAS2,205500,ACTIVE
2161,06789,728,SBCHQ,111000,ACTIVE
2162,11723,729,SBGEN,273300,ACTIVE
2163,21400,730,TD003,705000,ACTIVE
2164,00478,730,TD001,1945000,ACTIVE
2165,01245,730,CAGEN,29000,ACTIVE
2166,00812,730,SBBAS2,40300,ACTIVE
2167,21210,730,SBGEN,319300,ACTIVE
2168,01145,731,SBBAS2,60500,ACTIVE
2169,14158,731,TD002,1767000,ACTIVE
2170,00201,731,SBBAS2,396200,ACTIVE
2171,00799,731,SBBAS2,458500,ACTIVE
2172,21067,732,CAGEN,418500,ACTIVE
2173,00201,732,TD003,1020000,ACTIVE
2174,00244,732,SBGEN,226100,ACTIVE
2175,05364,732,SBBAS2,489300,ACTIVE
2176,20963,733,SBCHQ,78500,ACTIVE
2177,00478,733,TD003,618000,ACTIVE
2178,14681,733,CAGEN,710000,ACTIVE
2179,00678,733,TD003,252000,ACTIVE
2180,70649,734,SBCHQ,230900,ACTIVE
2181,00656,734,SBODS4,139000,ACTIVE
2182,00212,734,SBCHQ,352600,ACTIVE
2183,01112,734,CA0033,484000,ACTIVE
2184,01441,735,TD001,579000,ACTIVE
2185,03093,736,TD002,1721000,BLOCKED
2186,15678,736,TD002,1065000,ACTIVE
2187,00654,736,TD001,1479000,ACTIVE
2188,50782,737,SBBAS2,81700,BLOCKED
2189,21240,737,TD003,1376000,BLOCKED
2190,1676,738,TD001,1157000,BLOCKED
2191,01112,738,SBBAS2,423800,ACTIVE
2192,00478,738,SBCHQ,465600,ACTIVE
2193,15069,738,SBCHQ,427600,ACTIVE
2194,00800,738,TD001,1788000,ACTIVE
2195,00612,739,TD003,1107000,ACTIVE
2196,00255,739,SB101,195700,ACTIVE
2197,21752,740,SBGEN,171800,ACTIVE
2198,21291,740,CAGEN,160500,ACTIVE
2199,20507,740,TD002,1265000,ACTIVE
2200,20854,740,SBBAS2,6400,ACTIVE
2201,17921,741,SBGEN,440700,ACTIVE
2202,00654,741,SB101,109000,ACTIVE
2203,14158,741,SBGEN,214300,ACTIVE
2204,00542,741,SB101,54300,ACTIVE
2205,00234,741,SBCHQ,207900,ACTIVE
2206,21279,742,TD001,505000,ACTIVE
2207,01278,742,CAGEN,777500,ACTIVE
2208,18779,742,SBODS4,84100,ACTIVE
2209,20591,743,SBGEN,125100,ACTIVE
2210,21251,743,TD001,836000,ACTIVE
2211,21516,743,CAGEN,615500,ACTIVE
2212,60007,744,SBCHQ,119600,ACTIVE
2213,00876,744,SB101,172200,ACTIVE
2214,15071,744,SB101,84200,ACTIVE
2215,00201,745,TD003,873000,ACTIVE
2216,00282,746,SB101,35500,ACTIVE
2217,00654,746,SBBAS2,392100,ACTIVE
2218,1195,746,SB101,97500,ACTIVE
2219,13456,746,SBGEN,194900,ACTIVE
2220,15248,746,CAGEN,753000,ACTIVE
2221,21291,747,SB101,77500,ACTIVE
2222,17980,747,SBBAS2,287300,ACTIVE
2223,21612,748,TD001,237000,ACTIVE
2224,00325,748,TD002,431000,ACTIVE
2225,21279,748,CACOL,3358000,ACTIVE
2226,01478,748,SBGEN,16000,ACTIVE
2227,14567,748,TD001,1280000,ACTIVE
2228,02696,749,SB101,150900,ACTIVE
2229,61020,749,SB101,55000,ACTIVE
2230,18901,750,TD001,553000,ACTIVE
2231,01112,750,SBBAS2,488100,ACTIVE
2232,00867,750,TD003,1606000,ACTIVE
2233,05744,750,TD003,1915000,ACTIVE
2234,00723,750,TD001,1014000,ACTIVE
2235,01412,751,TD001,1098000,ACTIVE
2236,00267,751,CA0033,2681000,ACTIVE
2237,00399,751,SBBAS2,399300,ACTIVE
2238,02796,751,TD002,1597000,ACTIVE
2239,00941,752,SB101,53500,BLOCKED
2240,60159,753,SBCHQ,42400,ACTIVE
2241,00373,753,SBBAS2,498600,ACTIVE
2242,01234,753,TD003,383000,ACTIVE
2243,00421,753,SBCHQ,389200,ACTIVE
2244,21861,753,TD001,1541000,BLOCKED
2245,00301,754,SBCHQ,482400,ACTIVE
2246,21249,754,TD001,1654000,ACTIVE
2247,17980,754,SBBAS2,427500,ACTIVE
2248,20847,755,TD003,734000,BLOCKED
2249,30142,755,CAGEN,639500,ACTIVE
2250,21213,756,SBGEN,80000,ACTIVE
2251,01512,757,TD001,870000,BLOCKED
2252,00001,757,SB101,241900,ACTIVE
2253,00112,757,TD003,595000,ACTIVE
2254,00534,757,CA0033,1804000,ACTIVE
2255,41024,758,TD001,1124000,ACTIVE
2256,20591,758,TD003,1861000,ACTIVE
2257,13456,758,SBBAS2,6000,ACTIVE
2258,00751,758,TD001,305000,ACTIVE
2259,00612,759,TD002,1943000,ACTIVE
2260,01078,759,TD002,882000,ACTIVE
2261,21284,759,TD001,1638000,ACTIVE
2262,01078,759,SBBAS2,98800,ACTIVE
2263,00255,759,SBODS4,42800,ACTIVE
2264,1980,760,SBCHQ,212100,ACTIVE
2265,16789,760,SBGEN,97100,ACTIVE
2266,01278,760,SBODS4,33000,ACTIVE
2267,10123,761,CA0033,3755000,ACTIVE
2268,00512,762,SB101,207300,ACTIVE
2269,00876,763,TD001,1904000,ACTIVE
2270,60156,764,SBODS4,27700,ACTIVE
2271,00432,764,SBODS4,105200,ACTIVE
2272,50869,764,SB101,53200,ACTIVE
2273,04567,765,SBBAS2,133200,BLOCKED
2274,00201,765,SBGEN,170000,ACTIVE
2275,00255,766,TD001,353000,ACTIVE
2276,30142,766,TD001,1707000,ACTIVE
2277,00213,766,CAGEN,463000,ACTIVE
2278,13279,766,SB101,217500,ACTIVE
2279,40769,767,TD002,177000,ACTIVE
2280,21284,767,TD002,329000,ACTIVE
2281,00325,768,TD003,908000,ACTIVE
2282,41024,769,TD001,1180000,ACTIVE
2283,14826,769,SB101,16900,ACTIVE
2284,15071,770,SBBAS2,113100,ACTIVE
2285,00182,770,SBBAS2,459200,ACTIVE
2286,00123,770,SBCHQ,42300,BLOCKED
2287,21210,771,SBBAS2,448300,ACTIVE
2288,21249,771,SBBAS2,413500,ACTIVE
2289,20815,771,TD001,738000,ACTIVE
2290,01378,772,CAGEN,960000,ACTIVE
2291,1676,772,CACOL,2708000,ACTIVE
2292,11660,772,SB101,241900,ACTIVE
2293,05061,773,SBBAS2,400900,ACTIVE
2294,00325,773,SB101,231500,ACTIVE
2295,00112,773,SBCHQ,295700,ACTIVE
2296,20820,774,TD001,481000,ACTIVE
2297,01512,774,TD001,1549000,ACTIVE
2298,00612,775,TD003,1245000,ACTIVE
2299,01145,775,CAGEN,418500,ACTIVE
2300,41024,776,SBCHQ,444100,ACTIVE
2301,21861,776,SB101,47500,ACTIVE
2302,04187,776,TD001,1210000,ACTIVE
2303,60007,776,SBGEN,373900,ACTIVE
2304,30142,776,TD001,1820000,ACTIVE
2305,19012,777,TD001,739000,ACTIVE
2306,00613,778,SBODS4,223300,ACTIVE
2307,00182,779,TD001,300000,ACTIVE
2308,21184,779,TD003,451000,ACTIVE
2309,00634,779,SBGEN,235200,BLOCKED
2310,15248,780,TD001,700000,ACTIVE
2311,21792,781,CAGEN,961000,ACTIVE
2312,00454,781,SBGEN,154700,ACTIVE
2313,00201,782,SBCHQ,379000,BLOCKED
2314,01278,783,SBGEN,166400,ACTIVE
2315,01478,783,SBBAS2,236900,ACTIVE
2316,06789,784,SBGEN,280800,ACTIVE
2317,41024,785,SBCHQ,99500,ACTIVE
2318,01445,786,TD001,1872000,ACTIVE
2319,00551,786,SB101,113700,ACTIVE
2320,3026,786,SBCHQ,101100,ACTIVE
2321,01212,786,TD003,332000,ACTIVE
2322,02696,786,CAGEN,539500,ACTIVE
2323,20963,787,SBGEN,263300,ACTIVE
2324,20854,787,TD001,1903000,ACTIVE
2325,01234,787,SB101,144100,ACTIVE
2326,00856,787,SBODS4,46900,ACTIVE
2327,21424,787,SBBAS2,12600,ACTIVE
2328,18294,788,TD003,555000,ACTIVE
2329,00945,789,SB101,178800,ACTIVE
2330,00325,789,SBCHQ,66600,ACTIVE
2331,14171,789,TD003,1008000,ACTIVE
2332,00765,789,TD001,1482000,ACTIVE
2333,00543,789,TD001,993000,ACTIVE
2334,09012,790,SBODS4,213400,ACTIVE
2335,60148,790,SBGEN,313400,ACTIVE
2336,00812,791,SBGEN,469500,ACTIVE
2337,10123,792,TD003,1697000,ACTIVE
2338,00711,792,TD003,1764000,ACTIVE
2339,16959,792,TD002,1924000,ACTIVE
2340,21061,792,TD001,575000,ACTIVE
2341,11723,793,SBCHQ,12000,ACTIVE
2342,40769,793,SBBAS2,354300,ACTIVE
2343,00634,793,SBCHQ,370200,ACTIVE
2344,20815,794,TD002,1114000,ACTIVE
2345,00977,794,TD001,1696000,ACTIVE
2346,00889,795,CAGEN,946500,ACTIVE
2347,15306,796,TD002,1510000,ACTIVE
2348,01441,796,SBCHQ,441900,ACTIVE
2349,1676,797,SBGEN,399700,ACTIVE
2350,00412,797,CAGEN,60500,ACTIVE
2351,21516,797,SB101,22300,ACTIVE
2352,01173,798,TD001,1717000,ACTIVE
2353,01412,798,SB101,144400,BLOCKED
2354,00788,798,TD001,450000,ACTIVE
2355,00213,799,SBBAS2,413400,ACTIVE
2356,14166,799,SB101,146900,ACTIVE
2357,11723,799,TD001,1995000,ACTIVE
2358,00654,800,SBCHQ,92700,ACTIVE
2359,00941,800,SB101,233800,ACTIVE
2360,13279,801,SBCHQ,32000,ACTIVE
2361,11723,801,TD001,232000,ACTIVE
2362,1675,801,SBCHQ,420700,ACTIVE
2363,21289,801,SBCHQ,140700,ACTIVE
2364,19012,801,TD001,1447000,ACTIVE
2365,00123,802,TD001,1795000,ACTIVE
2366,00123,802,TD003,937000,ACTIVE
2367,00692,802,SB101,140700,ACTIVE
2368,31346,802,CAGEN,872500,ACTIVE
2369,00891,802,SBCHQ,249900,ACTIVE
2370,19012,803,TD003,1808000,ACTIVE
2371,02696,803,SBGEN,396300,BLOCKED
2372,21205,803,TD001,1365000,ACTIVE
2373,01078,804,CAGEN,147000,ACTIVE
2374,21803,804,TD003,1374000,ACTIVE
2375,00745,805,SBGEN,61800,ACTIVE
2376,00382,805,TD002,1135000,ACTIVE
2377,01112,805,SB101,103600,ACTIVE
2378,20847,805,SBCHQ,220600,ACTIVE
2379,00692,806,SBGEN,129600,ACTIVE
2380,21184,806,SBBAS2,313800,ACTIVE
2381,13279,806,SBGEN,54900,ACTIVE
2382,00267,807,SB101,100300,ACTIVE
2383,61020,807,SBGEN,470900,ACTIVE
2384,15248,807,SBBAS2,304400,ACTIVE
2385,11121,807,SBCHQ,299500,ACTIVE
2386,21240,808,SBGEN,476900,ACTIVE
2387,00889,808,SBGEN,237700,ACTIVE
2388,00836,808,SB101,166700,BLOCKED
2389,01145,808,TD003,813000,ACTIVE
2390,00782,808,CA0033,226000,ACTIVE
2391,01412,809,TD001,1897000,ACTIVE
2392,11660,809,SBODS4,132200,BLOCKED
2393,21249,810,TD001,706000,ACTIVE
2394,00311,810,SB101,186500,ACTIVE
2395,00765,810,TD002,1779000,ACTIVE
2396,12345,810,SB101,29600,ACTIVE
2397,15071,811,CAGEN,93500,ACTIVE
2398,01234,811,SBBAS2,73400,ACTIVE
2399,00234,811,SBCHQ,283300,ACTIVE
2400,04187,811,TD001,568000,ACTIVE
2401,01173,812,SBGEN,398100,ACTIVE
2402,00692,812,SBBAS2,450800,ACTIVE
2403,00201,812,SBCHQ,239000,BLOCKED
2404,01412,812,SBCHQ,249400,ACTIVE
2405,00692,812,TD003,856000,ACTIVE
2406,00654,813,SBBAS2,316700,ACTIVE
2407,02696,813,TD003,629000,ACTIVE
2408,00812,813,TD003,1859000,ACTIVE
2409,21523,813,SBBAS2,32100,ACTIVE
2410,15306,813,TD003,500000,ACTIVE
2411,03093,814,TD001,912000,ACTIVE
2412,20591,814,TD003,905000,ACTIVE
2413,60007,814,SBCHQ,393700,ACTIVE
2414,03456,815,TD003,366000,ACTIVE
2415,01112,815,TD001,1135000,ACTIVE
2416,21803,815,TD001,1551000,ACTIVE
2417,00534,815,TD001,633000,ACTIVE
2418,00634,816,TD001,1308000,ACTIVE
2419,21792,817,CAGEN,178000,ACTIVE
2420,14166,817,SBGEN,110300,ACTIVE
2421,61020,817,SBCHQ,423500,ACTIVE
2422,00301,817,SBBAS2,481600,ACTIVE
2423,00889,817,CAGEN,940500,ACTIVE
2424,21625,818,TD001,1927000,ACTIVE
2425,14171,818,SB101,143300,ACTIVE
2426,02345,818,TD003,1554000,ACTIVE
2427,00567,818,TD003,754000,ACTIVE
2428,14826,819,CAGEN,564500,ACTIVE
2429,15069,820,TD001,965000,ACTIVE
2430,11119,820,TD001,141000,ACTIVE
2431,01112,820,TD003,937000,ACTIVE
2432,21240,821,SBGEN,479900,ACTIVE
2433,17890,822,TD003,1259000,ACTIVE
2434,00711,822,SBCHQ,203300,ACTIVE
2435,00399,822,CAGEN,962000,ACTIVE
2436,00543,823,SBCHQ,2000,ACTIVE
2437,60007,824,SBCHQ,459300,ACTIVE
2438,1980,824,TD001,825000,ACTIVE
2439,00998,824,TD001,781000,ACTIVE
2440,00212,825,TD001,571000,BLOCKED
2441,00945,825,TD003,991000,ACTIVE
2442,05744,825,SB101,205600,ACTIVE
2443,15678,825,TD001,457000,ACTIVE
2444,00234,826,SBBAS2,86100,ACTIVE
2445,1195,826,CACOL,4186000,ACTIVE
2446,00901,826,CACOL,580000,ACTIVE
2447,00478,827,TD001,1909000,ACTIVE
2448,60148,827,TD001,1742000,BLOCKED
2449,11723,827,SBBAS2,188800,ACTIVE
2450,14171,827,SB101,88200,ACTIVE
2451,01078,827,CAGEN,450000,ACTIVE
2452,15069,828,TD003,189000,ACTIVE
2453,02345,828,TD003,1878000,ACTIVE
2454,21651,828,TD002,1340000,ACTIVE
2455,00311,829,SB101,134400,ACTIVE
2456,20795,830,TD001,1937000,ACTIVE
2457,18779,831,TD003,580000,ACTIVE
2458,17921,831,SBGEN,182800,ACTIVE
2459,00156,831,TD001,1045000,ACTIVE
2460,15306,831,TD001,894000,ACTIVE
2461,21752,831,SB101,30200,BLOCKED
2462,17921,832,CACOL,4127000,ACTIVE
2463,00356,832,SBCHQ,206300,ACTIVE
2464,1195,833,CAGEN,753500,ACTIVE
2465,31346,833,CAGEN,243500,ACTIVE
2466,20963,833,SBCHQ,263400,ACTIVE
2467,21007,834,TD001,1926000,ACTIVE
2468,00812,834,SBODS4,23900,ACTIVE
2469,00867,834,TD001,504000,ACTIVE
2470,00432,835,SB101,75600,ACTIVE
2471,00799,836,TD003,1665000,ACTIVE
2472,40769,836,CA0033,1569000,ACTIVE
2473,16789,836,TD003,900000,ACTIVE
2474,05364,837,CAGEN,320000,ACTIVE
2475,01345,837,SB101,92000,ACTIVE
2476,00001,837,TD001,245000,ACTIVE
2477,01278,838,CAGEN,403000,ACTIVE
2478,50869,838,SBGEN,266400,ACTIVE
2479,31346,838,TD003,579000,ACTIVE
2480,60148,838,CAGEN,906500,ACTIVE
2481,21554,839,TD003,175000,ACTIVE
2482,20123,839,SBGEN,1600,ACTIVE
2483,00998,840,SB101,182900,BLOCKED
2484,21213,840,CACOL,1942000,ACTIVE
2485,00454,840,TD003,297000,ACTIVE
2486,13279,840,TD002,1485000,ACTIVE
2487,00123,841,SB101,152200,ACTIVE
2488,16789,841,SB101,125600,ACTIVE
2489,60159,841,SBCHQ,276700,ACTIVE
2490,00255,841,TD003,1570000,ACTIVE
2491,00711,842,TD001,1968000,ACTIVE
2492,17890,842,CAGEN,801500,ACTIVE
2493,21210,842,SBGEN,416500,ACTIVE
2494,00711,842,SBBAS2,487800,ACTIVE
2495,21424,842,SBGEN,410200,ACTIVE
2496,00282,843,TD003,726000,ACTIVE
2497,21792,843,SBBAS2,121800,ACTIVE
2498,19012,843,SB101,105900,ACTIVE
2499,00373,844,SBCHQ,452000,ACTIVE
2500,21424,845,SBGEN,471400,ACTIVE
2501,00293,846,TD003,1947000,ACTIVE
2502,01045,846,SBCHQ,86200,BLOCKED
2503,00941,847,TD003,524000,ACTIVE
2504,3026,847,SBGEN,317800,ACTIVE
2505,00334,847,SBBAS2,206400,ACTIVE
2506,13456,847,CACOL,975000,ACTIVE
2507,31346,847,SB101,68900,ACTIVE
2508,21424,848,SBCHQ,425000,ACTIVE
2509,17890,848,SBGEN,5400,ACTIVE
2510,00723,848,TD001,465000,BLOCKED
2511,01312,848,SBGEN,376900,ACTIVE
2512,13279,849,TD003,132000,ACTIVE
2513,1676,849,TD003,958000,ACTIVE
2514,00711,850,CAGEN,230000,ACTIVE
2515,15069,850,SBGEN,250400,ACTIVE
2516,21291,851,SBCHQ,466600,ACTIVE
2517,16528,852,SBCHQ,99900,ACTIVE
2518,20795,852,SB101,1000,ACTIVE
2519,21424,852,TD002,911000,ACTIVE
2520,01078,852,CAGEN,485500,ACTIVE
2521,00311,852,SBGEN,77400,ACTIVE
2522,16383,853,TD001,198000,ACTIVE
2523,31277,853,CAGEN,925000,ACTIVE
2524,00765,853,SBBAS2,221500,ACTIVE
2525,01412,854,SBGEN,207400,ACTIVE
2526,60156,854,TD001,794000,ACTIVE
2527,31346,854,SBCHQ,249400,ACTIVE
2528,60156,855,TD003,63000,ACTIVE
2529,19012,855,TD001,1683000,ACTIVE
2530,10123,855,TD003,815000,ACTIVE
2531,00534,855,CAGEN,122500,ACTIVE
2532,01173,856,SB101,162000,ACTIVE
2533,21289,856,TD001,199000,ACTIVE
2534,20507,856,SBBAS2,217100,ACTIVE
2535,00567,856,TD002,356000,ACTIVE
2536,17921,857,SBBAS2,307200,ACTIVE
2537,00751,858,CAGEN,334000,ACTIVE
2538,00867,858,TD002,682000,ACTIVE
2539,15678,858,TD001,592000,ACTIVE
2540,20847,858,CAGEN,148000,ACTIVE
2541,14567,859,TD003,402000,ACTIVE
2542,00812,860,CA0033,2453000,ACTIVE
2543,60148,860,TD001,261000,ACTIVE
2544,21213,860,CAGEN,716500,ACTIVE
2545,00255,860,SBGEN,234100,ACTIVE
2546,16789,861,TD002,1597000,ACTIVE
2547,08901,861,CACOL,4224000,ACTIVE
2548,21067,862,TD001,1399000,ACTIVE
2549,1980,862,SBBAS2,38600,ACTIVE
2550,20591,862,TD003,1966000,ACTIVE
2551,00844,862,SBCHQ,488900,ACTIVE
2552,00800,863,TD003,1798000,ACTIVE
2553,00491,863,TD001,1909000,ACTIVE
2554,21792,863,TD001,420000,ACTIVE
2555,14158,863,CAGEN,778000,ACTIVE
2556,00856,864,SBBAS2,257000,ACTIVE
2557,02796,865,CACOL,590000,ACTIVE
2558,00534,865,TD001,839000,ACTIVE
2559,14171,865,SBCHQ,380700,ACTIVE
2560,21406,866,SB101,108100,BLOCKED
2561,20591,867,SBBAS2,213200,BLOCKED
2562,00678,867,TD002,930000,ACTIVE
2563,20854,867,SBCHQ,48500,BLOCKED
2564,21184,868,SBCHQ,488200,ACTIVE
2565,00156,868,SBCHQ,426100,ACTIVE
2566,01478,868,SB101,161200,ACTIVE
2567,14158,868,TD001,466000,ACTIVE
2568,00599,869,TD001,560000,ACTIVE
2569,01312,870,SBBAS2,169000,ACTIVE
2570,00941,870,CAGEN,305000,ACTIVE
2571,21612,870,SBCHQ,425100,ACTIVE
2572,00656,870,TD001,515000,ACTIVE
2573,14567,871,TD003,1097000,ACTIVE
2574,20984,871,SBGEN,88700,BLOCKED
2575,17980,871,TD003,1948000,ACTIVE
2576,21213,871,CAGEN,969500,ACTIVE
2577,15248,872,SBCHQ,66300,BLOCKED
2578,01212,872,SBCHQ,330600,ACTIVE
2579,05364,873,TD001,302000,ACTIVE
2580,00788,873,TD001,1804000,ACTIVE
2581,18849,873,SBCHQ,81600,ACTIVE
2582,00599,874,TD002,478000,ACTIVE
2583,15678,874,TD003,640000,ACTIVE
2584,00788,874,TD001,610000,ACTIVE
2585,30273,874,TD001,1598000,ACTIVE
2586,02796,875,SBGEN,252400,ACTIVE
2587,60148,876,SBODS4,109500,ACTIVE
2588,00836,876,TD003,1059000,ACTIVE
2589,09012,876,TD003,279000,ACTIVE
2590,11660,877,CAGEN,784500,ACTIVE
2591,21007,878,TD001,539000,ACTIVE
2592,00342,878,TD003,1949000,ACTIVE
2593,1980,878,TD003,819000,ACTIVE
2594,11121,879,SBBAS2,121700,ACTIVE
2595,00123,880,TD001,1767000,ACTIVE
2596,21612,880,CA0033,304000,ACTIVE
2597,00454,880,SBGEN,252800,ACTIVE
2598,20507,880,SBCHQ,103600,ACTIVE
2599,00342,880,SBGEN,444100,ACTIVE
2600,00678,881,TD003,192000,ACTIVE
2601,60148,882,TD003,1774000,ACTIVE
2602,04816,882,SBODS4,118200,ACTIVE
2603,13279,882,CAGEN,314500,ACTIVE
2604,01045,882,CAGEN,976000,BLOCKED
2605,04567,883,TD002,1318000,ACTIVE
2606,00534,883,SBGEN,205300,ACTIVE
2607,1980,883,SBCHQ,459200,ACTIVE
2608,08901,884,TD001,1043000,ACTIVE
2609,17921,884,SB101,165500,ACTIVE
2610,00432,884,SB101,65900,ACTIVE
2611,00543,885,TD003,1349000,ACTIVE
2612,00692,885,TD003,603000,ACTIVE
2613,21289,886,TD003,1707000,ACTIVE
2614,00267,886,SB101,63500,ACTIVE
2615,21523,886,CA0033,3450000,ACTIVE
2616,00876,886,TD001,643000,ACTIVE
2617,19012,887,SB101,157000,ACTIVE
2618,00800,887,TD001,1342000,ACTIVE
2619,15069,888,SBCHQ,291200,ACTIVE
2620,21861,888,TD001,1805000,ACTIVE
2621,00382,888,TD003,323000,ACTIVE
2622,02345,888,SBGEN,90900,ACTIVE
2623,21291,889,SBGEN,413300,ACTIVE
2624,00977,889,TD003,1501000,ACTIVE
2625,21251,889,SBBAS2,220900,ACTIVE
2626,18779,889,TD003,178000,ACTIVE
2627,20795,890,SBGEN,382200,ACTIVE
2628,20591,890,TD002,1393000,ACTIVE
2629,00325,890,TD002,346000,ACTIVE
2630,21516,891,TD003,1785000,ACTIVE
2631,15248,891,SBGEN,340500,ACTIVE
2632,21612,891,TD001,937000,ACTIVE
2633,06789,892,TD003,794000,ACTIVE
2634,14826,892,SBGEN,128500,ACTIVE
2635,00182,892,CACOL,2462000,ACTIVE
2636,00311,893,SBODS4,115900,ACTIVE
2637,21067,893,SBGEN,4300,ACTIVE
2638,00998,893,SBCHQ,391600,ACTIVE
2639,00212,893,SBGEN,156000,ACTIVE
2640,01412,894,SBGEN,331700,ACTIVE
2641,18294,894,TD002,1868000,ACTIVE
2642,11121,894,TD001,1933000,ACTIVE
2643,18779,894,SBODS4,48400,ACTIVE
2644,05678,894,SBCHQ,280300,ACTIVE
2645,03093,895,TD003,972000,ACTIVE
2646,3026,895,SBGEN,154500,ACTIVE
2647,05744,895,TD003,154000,ACTIVE
2648,03093,895,TD003,1510000,ACTIVE
2649,21213,895,SB101,72500,ACTIVE
2650,30273,896,TD001,904000,ACTIVE
2651,00800,896,SBGEN,77400,ACTIVE
2652,00182,897,TD002,1354000,ACTIVE
2653,00711,897,TD003,154000,ACTIVE
2654,00244,897,TD002,82000,ACTIVE
2655,01478,897,TD001,1317000,ACTIVE
2656,20591,898,TD003,139000,ACTIVE
2657,21424,898,SBGEN,479200,ACTIVE
2658,13456,899,TD001,1868000,ACTIVE
2659,17890,899,SBCHQ,93100,ACTIVE
2660,00212,900,SB101,94500,BLOCKED
2661,00889,900,CAGEN,876500,ACTIVE
2662,1676,901,TD001,1174000,ACTIVE
2663,15069,901,TD001,1910000,ACTIVE
2664,01512,901,TD001,1618000,ACTIVE
2665,15071,901,SBBAS2,271500,ACTIVE
2666,01412,902,TD001,1033000,ACTIVE
2667,14681,902,SBGEN,456400,ACTIVE
2668,21752,902,SBBAS2,245600,ACTIVE
2669,2714,902,TD002,1910000,ACTIVE
2670,02786,903,CAGEN,247000,ACTIVE
2671,6854,903,SBBAS2,477100,ACTIVE
2672,11660,904,CAGEN,270500,ACTIVE
2673,00782,905,CAGEN,365000,ACTIVE
2674,00156,906,CA0033,4092000,ACTIVE
2675,21210,906,SBCHQ,130500,ACTIVE
2676,11723,907,SBGEN,92100,ACTIVE
2677,00800,907,SBGEN,381100,ACTIVE
2678,60007,907,TD001,1905000,ACTIVE
2679,14171,908,SBCHQ,326000,ACTIVE
2680,21067,908,SBBAS2,273200,ACTIVE
2681,15306,909,SBCHQ,323800,ACTIVE
2682,14166,909,TD001,1874000,ACTIVE
2683,05364,910,SBCHQ,157000,ACTIVE
2684,01212,910,SBBAS2,350000,BLOCKED
2685,01178,910,TD001,780000,ACTIVE
2686,21291,911,TD001,879000,ACTIVE
2687,00412,911,SBCHQ,316600,ACTIVE
2688,20963,911,TD003,1581000,ACTIVE
2689,00201,912,SB101,87500,ACTIVE
2690,00255,912,SBCHQ,406700,ACTIVE
2691,02796,913,SBBAS2,230300,ACTIVE
2692,01345,913,CAGEN,79500,ACTIVE
2693,14826,914,SBODS4,82300,ACTIVE
2694,02796,915,TD001,1138000,ACTIVE
2695,02696,915,CAGEN,247500,ACTIVE
2696,00723,915,TD001,241000,ACTIVE
2697,20984,916,TD001,1933000,ACTIVE
2698,15248,916,TD003,472000,ACTIVE
2699,00421,916,SBGEN,288200,ACTIVE
2700,31346,916,SBBAS2,425000,ACTIVE
2701,02786,916,TD001,1649000,ACTIVE
2702,00800,917,TD001,703000,ACTIVE
2703,00634,918,SBGEN,251500,BLOCKED
2704,15678,919,SB101,14200,BLOCKED
2705,50869,919,SBCHQ,95300,BLOCKED
2706,10123,919,CA0033,1228000,ACTIVE
2707,00156,919,SBGEN,403100,ACTIVE
2708,00373,920,TD003,165000,ACTIVE
2709,00156,921,SBBAS2,199400,ACTIVE
2710,00421,921,SBBAS2,387300,ACTIVE
2711,20820,922,SBODS4,113500,ACTIVE
2712,14681,922,SBGEN,238200,ACTIVE
2713,21752,922,SBBAS2,464900,ACTIVE
2714,02345,922,CAGEN,171000,ACTIVE
2715,21213,923,CAGEN,956000,ACTIVE
2716,21067,924,SBGEN,344400,ACTIVE
2717,00543,925,SB101,146400,ACTIVE
2718,03093,925,SBODS4,69300,ACTIVE
2719,00512,925,SBODS4,45300,ACTIVE
2720,11234,925,SBODS4,205700,ACTIVE
2721,21067,926,TD003,559000,ACTIVE
2722,21184,926,SBCHQ,384700,ACTIVE
2723,06789,926,TD003,1622000,ACTIVE
2724,11119,926,CAGEN,122000,ACTIVE
2725,20123,927,CAGEN,282000,ACTIVE
2726,50784,927,CACOL,4858000,ACTIVE
2727,01445,928,SBCHQ,295000,ACTIVE
2728,00001,928,CAGEN,915000,ACTIVE
2729,20847,928,TD002,1611000,ACTIVE
2730,03093,928,CAGEN,361000,ACTIVE
2731,14166,929,SBCHQ,25200,ACTIVE
2732,00823,929,SBCHQ,127500,BLOCKED
2733,00491,930,SBCHQ,66400,ACTIVE
2734,16789,930,CAGEN,709000,ACTIVE
2735,21424,930,TD001,890000,ACTIVE
2736,21284,930,TD003,1490000,ACTIVE
2737,01478,930,SBGEN,493500,ACTIVE
2738,00255,931,SBGEN,439800,ACTIVE
2739,00823,931,TD003,321000,ACTIVE
2740,00182,931,TD001,1113000,ACTIVE
2741,15069,931,TD001,1821000,ACTIVE
2742,01345,932,CAGEN,75500,ACTIVE
2743,11723,932,TD002,245000,ACTIVE
2744,21251,933,SBCHQ,211200,ACTIVE
2745,21406,934,TD003,1207000,ACTIVE
2746,03093,934,CACOL,1226000,ACTIVE
2747,16383,935,SBCHQ,276400,ACTIVE
2748,04567,935,SB101,165200,ACTIVE
2749,60148,936,SBCHQ,36400,ACTIVE
2750,21284,936,TD003,250000,ACTIVE
2751,21061,936,SBBAS2,312500,ACTIVE
2752,00542,936,TD003,1329000,ACTIVE
2753,00599,936,TD003,783000,ACTIVE
2754,50869,937,SB101,100100,ACTIVE
2755,21289,937,SBCHQ,54000,ACTIVE
2756,60156,937,SB101,204600,ACTIVE
2757,21516,937,SBODS4,219000,ACTIVE
2758,02345,937,SB101,129200,ACTIVE
2759,60159,938,CA0033,385000,ACTIVE
2760,00998,938,SBBAS2,205500,ACTIVE
2761,00945,938,TD001,441000,ACTIVE
2762,21516,938,TD001,878000,ACTIVE
2763,03093,938,SB101,122500,ACTIVE
2764,1676,939,TD001,899000,ACTIVE
2765,21612,939,CAGEN,79500,BLOCKED
2766,00867,940,SBBAS2,226300,ACTIVE
2767,15678,940,TD001,409000,ACTIVE
2768,20998,940,SBBAS2,446500,ACTIVE
2769,31277,940,SBBAS2,481400,ACTIVE
2770,20847,940,TD003,844000,ACTIVE
2771,20795,941,SBGEN,157400,ACTIVE
2772,00282,941,SBCHQ,477600,ACTIVE
2773,11234,941,TD003,1183000,ACTIVE
2774,01145,941,SBGEN,360100,ACTIVE
2775,21803,941,CACOL,422000,ACTIVE
2776,21523,942,CAGEN,753000,BLOCKED
2777,00812,942,SBGEN,177600,ACTIVE
2778,11723,942,TD001,826000,ACTIVE
2779,00334,942,SBGEN,227400,ACTIVE
2780,03456,943,SBGEN,433400,ACTIVE
2781,01173,944,TD002,424000,ACTIVE
2782,00412,944,SBGEN,285600,ACTIVE
2783,00751,944,CAGEN,716500,ACTIVE
2784,60159,945,CACOL,2641000,BLOCKED
2785,21803,945,TD001,1913000,ACTIVE
2786,02796,945,TD001,1548000,ACTIVE
2787,1980,946,TD003,1258000,ACTIVE
2788,31346,947,SBODS4,81300,ACTIVE
2789,07890,947,TD003,774000,ACTIVE
2790,00201,948,SBGEN,206100,ACTIVE
2791,00342,948,CAGEN,760000,ACTIVE
2792,00432,948,SBGEN,200500,ACTIVE
2793,2714,949,SBBAS2,147700,ACTIVE
2794,06789,949,TD001,1833000,BLOCKED
2795,18779,950,TD002,1479000,ACTIVE
2796,61020,950,TD001,708000,ACTIVE
2797,15248,950,TD001,583000,ACTIVE
2798,70649,951,SBODS4,17100,ACTIVE
2799,15306,952,SBBAS2,346600,ACTIVE
2800,17921,953,TD001,1086000,ACTIVE
2801,00612,953,CACOL,3104000,ACTIVE
2802,02796,953,SBGEN,455800,ACTIVE
2803,00876,953,TD001,927000,ACTIVE
2804,01278,953,TD001,982000,ACTIVE
2805,00373,954,TD003,1342000,ACTIVE
2806,20507,954,TD001,461000,ACTIVE
2807,1980,954,TD001,373000,ACTIVE
2808,17890,954,TD001,123000,ACTIVE
2809,21625,955,SB101,26300,ACTIVE
2810,00901,955,TD001,640000,ACTIVE
2811,30273,955,SBBAS2,77500,ACTIVE
2812,00551,955,SB101,71500,ACTIVE
2813,00800,955,TD001,543000,ACTIVE
2814,11660,956,TD003,180000,ACTIVE
2815,70649,956,CACOL,2578000,ACTIVE
2816,12345,956,TD001,148000,ACTIVE
2817,21523,957,TD001,692000,ACTIVE
2818,00123,957,TD001,1001000,BLOCKED
2819,11234,958,CACOL,2786000,ACTIVE
2820,05744,958,SB101,56200,ACTIVE
2821,21861,958,CA0033,1558000,ACTIVE
2822,30142,958,CACOL,4097000,ACTIVE
2823,11660,959,SB101,229100,ACTIVE
2824,21249,959,SBGEN,36600,ACTIVE
2825,21284,959,SBBAS2,133100,ACTIVE
2826,17921,959,TD001,1613000,ACTIVE
2827,03093,959,TD001,160000,ACTIVE
2828,04187,960,TD001,1555000,ACTIVE
2829,1676,960,SB101,196000,ACTIVE
2830,50784,960,TD003,1953000,ACTIVE
2831,00421,961,TD001,1740000,ACTIVE
2832,21061,962,TD003,389000,ACTIVE
2833,01412,962,SBBAS2,396200,ACTIVE
2834,07890,963,TD001,77000,ACTIVE
2835,20963,964,TD002,1566000,ACTIVE
2836,20998,964,TD001,350000,ACTIVE
2837,00325,965,TD001,210000,ACTIVE
2838,04187,965,SBBAS2,215600,ACTIVE
2839,01478,965,SBGEN,214100,ACTIVE
2840,00491,965,SBODS4,171000,ACTIVE
2841,00889,965,TD003,1781000,ACTIVE
2842,14567,966,TD002,1760000,ACTIVE
2843,20854,966,SBCHQ,288200,ACTIVE
2844,1676,966,CAGEN,841000,ACTIVE
2845,00551,966,SB101,138500,BLOCKED
2846,02786,966,SBCHQ,372300,ACTIVE
2847,00876,967,TD002,980000,ACTIVE
2848,00691,967,SBGEN,339900,ACTIVE
2849,00382,967,TD003,238000,ACTIVE
2850,17980,968,SBODS4,197300,ACTIVE
2851,01112,968,CAGEN,340500,ACTIVE
2852,00977,969,TD001,1019000,ACTIVE
2853,00325,970,TD001,980000,ACTIVE
2854,00656,970,SBGEN,300200,ACTIVE
2855,00977,970,SBGEN,417700,ACTIVE
2856,21752,970,TD001,579000,ACTIVE
2857,11121,970,TD001,1288000,ACTIVE
2858,41024,971,SBCHQ,142000,ACTIVE
2859,18901,971,SBGEN,375400,ACTIVE
2860,60159,972,SBGEN,234700,ACTIVE
2861,00891,972,TD001,1544000,ACTIVE
2862,12960,972,CACOL,3840000,ACTIVE
2863,16383,972,SBCHQ,269900,ACTIVE
2864,00567,973,TD001,1018000,ACTIVE
2865,21284,973,SBGEN,29300,ACTIVE
2866,00751,973,TD003,1509000,ACTIVE
2867,02696,973,TD001,1276000,ACTIVE
2868,00782,973,SBCHQ,486600,BLOCKED
2869,00311,974,TD001,1862000,ACTIVE
2870,01012,974,SBCHQ,428200,ACTIVE
2871,07890,974,SB101,242300,ACTIVE
2872,01312,974,CAGEN,242000,ACTIVE
2873,09012,974,TD002,79000,ACTIVE
2874,21284,975,SB101,247700,ACTIVE
2875,1676,975,SBGEN,150700,ACTIVE
2876,00293,976,TD001,1033000,ACTIVE
2877,00945,976,TD003,1260000,ACTIVE
2878,00311,976,TD003,447000,ACTIVE
2879,00889,976,TD001,1300000,ACTIVE
2880,11660,977,SBCHQ,153000,BLOCKED
2881,02786,978,CAGEN,710000,ACTIVE
2882,30273,979,SBCHQ,141300,ACTIVE
2883,21210,979,SB101,60100,ACTIVE
2884,15306,979,SB101,67600,ACTIVE
2885,21554,980,SBBAS2,399000,ACTIVE
2886,00889,980,SBBAS2,212400,ACTIVE
2887,06789,980,TD001,1549000,ACTIVE
2888,10123,980,SBCHQ,94500,ACTIVE
2889,00213,980,SBBAS2,369000,ACTIVE
2890,01345,981,TD001,530000,ACTIVE
2891,01441,981,CAGEN,426000,ACTIVE
2892,11234,981,SBGEN,390700,ACTIVE
2893,00782,982,SBGEN,233600,ACTIVE
2894,14681,983,SBCHQ,418000,ACTIVE
2895,01212,983,SB101,92700,ACTIVE
2896,00382,983,CAGEN,796500,ACTIVE
2897,18849,984,SBCHQ,342600,ACTIVE
2898,21210,984,SBGEN,149400,ACTIVE
2899,01412,984,TD001,513000,ACTIVE
2900,00612,984,TD001,1706000,ACTIVE
2901,11119,985,SB101,151600,ACTIVE
2902,09012,985,SBBAS2,81300,ACTIVE
2903,03456,985,TD003,1233000,ACTIVE
2904,01178,985,SB101,237600,ACTIVE
2905,00912,986,SBCHQ,219500,ACTIVE
2906,41024,986,SBBAS2,357700,ACTIVE
2907,00412,986,TD001,720000,ACTIVE
2908,16959,987,SBGEN,406600,ACTIVE
2909,00123,987,CACOL,1701000,ACTIVE
2910,01078,987,SBGEN,213200,ACTIVE
2911,00201,987,SBODS4,143900,ACTIVE
2912,20815,988,SB101,39600,ACTIVE
2913,14166,988,CAGEN,233500,ACTIVE
2914,00534,989,TD003,1557000,BLOCKED
2915,00977,990,TD003,1994000,BLOCKED
2916,12345,990,TD003,1369000,ACTIVE
2917,00334,990,TD001,1609000,ACTIVE
2918,11660,990,SBCHQ,77700,ACTIVE
2919,20123,990,TD001,484000,ACTIVE
2920,01512,991,SBCHQ,93000,ACTIVE
2921,40769,991,TD001,1795000,ACTIVE
2922,21554,992,TD003,963000,ACTIVE
2923,00491,992,TD003,114000,ACTIVE
2924,00867,992,CAGEN,852000,ACTIVE
2925,3026,992,SBCHQ,197400,ACTIVE
2926,00612,993,TD003,410000,ACTIVE
2927,03093,993,SBBAS2,497800,ACTIVE
2928,18901,993,TD003,1786000,ACTIVE
2929,21523,993,SBGEN,311400,ACTIVE
2930,00478,993,SBGEN,296800,ACTIVE
2931,00634,994,TD003,1393000,ACTIVE
2932,00542,995,SBGEN,371600,ACTIVE
2933,00399,995,TD001,1866000,ACTIVE
2934,00889,996,TD001,511000,ACTIVE
2935,61020,996,TD001,1648000,ACTIVE
2936,1676,996,SBCHQ,178000,ACTIVE
2937,00212,996,CAGEN,608500,ACTIVE
2938,02786,997,SB101,149500,ACTIVE
2939,60156,997,TD003,374000,ACTIVE
2940,00334,997,SBGEN,97300,ACTIVE
2941,05061,997,CAGEN,642000,ACTIVE
2942,00182,997,SBGEN,275700,ACTIVE
2943,21210,998,SBCHQ,232600,ACTIVE
2944,20507,998,CAGEN,457000,ACTIVE
2945,50784,998,SBBAS2,424500,ACTIVE
2946,21400,998,TD002,761000,ACTIVE
2947,01441,998,SBBAS2,290800,ACTIVE
2948,05364,999,SBCHQ,54200,ACTIVE
2949,05678,1000,SBCHQ,489100,ACTIVE
2950,21752,1000,TD001,1789000,ACTIVE
2951,00799,785,CAGEN,676285,ACTIVE
2952,11234,919,SBCHQ,667983,ACTIVE
2953,15071,872,CA0033,264669,ACTIVE
2954,21184,411,SBBAS2,199502,ACTIVE
2955,21612,307,SB101,318272,ACTIVE
2956,14171,616,SBBAS2,385756,ACTIVE
2957,3026,553,TD001,899499,ACTIVE
2958,30142,572,SBCHQ,994058,ACTIVE
2959,00812,862,TD001,198438,ACTIVE
2960,00977,686,SBBAS2,723444,ACTIVE
2961,15248,366,CAGEN,12194,ACTIVE
2962,01512,756,SB101,503267,ACTIVE
2963,21861,237,SBODS4,840932,ACTIVE
2964,21400,295,TD003,23473,ACTIVE
2965,21061,172,TD003,4288,ACTIVE
2966,11121,461,CAGEN,571055,ACTIVE
2967,01045,567,TD001,231543,ACTIVE
2968,21067,811,CA0033,830587,ACTIVE
2969,60007,965,TD002,596653,ACTIVE
2970,05744,817,CAGEN,168208,ACTIVE
2971,15306,565,SBBAS2,219760,ACTIVE
2972,00293,15,SBCHQ,667612,ACTIVE
2973,20123,790,SBGEN,272636,ACTIVE
2974,21291,236,TD003,837506,ACTIVE
2975,50782,891,SB101,562287,ACTIVE
2976,50782,163,TD002,670292,ACTIVE
2977,01234,351,CACOL,723221,ACTIVE
2978,00543,415,SBODS4,430394,ACTIVE
2979,18779,884,CAGEN,864732,ACTIVE
2980,02796,286,SBGEN,818070,ACTIVE
2981,00311,795,CAGEN,270477,ACTIVE
2982,50782,680,TD001,184018,ACTIVE
2983,00941,701,CA0033,592104,ACTIVE
2984,00334,647,CAGEN,181402,ACTIVE
2985,12345,763,TD002,430417,ACTIVE
2986,01112,482,CAGEN,25327,ACTIVE
2987,11121,16,TD002,438285,ACTIVE
2988,07890,520,TD002,164702,ACTIVE
2989,01145,746,SBODS4,67496,ACTIVE
2990,20963,266,CA0033,698832,ACTIVE
2991,01178,170,CA0033,265014,ACTIVE
2992,15306,368,SBODS4,150826,ACTIVE
2993,05061,451,SBBAS2,393806,ACTIVE
2994,21213,76,SBODS4,349078,ACTIVE
2995,00823,175,TD001,344357,ACTIVE
2996,00373,534,TD001,629846,ACTIVE
2997,00255,845,TD001,167752,ACTIVE
2998,00711,648,SBODS4,682967,ACTIVE
2999,00356,410,TD003,269595,ACTIVE
3000,01078,413,SB101,719658,ACTIVE
3001,00978,818,CA0033,395993,ACTIVE
3002,09012,565,TD001,347604,ACTIVE
3003,1676,723,CAGEN,13845,ACTIVE
3004,3026,804,SBBAS2,720200,ACTIVE
3005,00812,619,TD002,496253,ACTIVE
3006,60007,508,CACOL,265362,ACTIVE
3007,00534,878,CA0033,677982,ACTIVE
3008,00001,296,TD003,167047,ACTIVE
3009,11121,234,CA0033,915525,ACTIVE
3010,01278,974,TD003,265903,ACTIVE
3011,01078,214,SB101,44813,ACTIVE
3012,20507,368,SBGEN,874706,ACTIVE
3013,01112,659,TD001,272150,ACTIVE
3014,00912,362,CA0033,489640,ACTIVE
3015,00201,953,SBODS4,522290,ACTIVE
3016,17921,181,SBBAS2,923595,ACTIVE
3017,00293,140,SBGEN,463159,ACTIVE
3018,09012,602,CACOL,873837,ACTIVE
3019,00912,808,SBCHQ,562081,ACTIVE
3020,00542,833,TD003,43605,ACTIVE
3021,00978,224,SBCHQ,562184,ACTIVE
3022,00977,296,TD001,287730,ACTIVE
3023,00867,414,TD001,100919,ACTIVE
3024,01234,815,CAGEN,487256,ACTIVE
3025,00691,198,SBCHQ,380450,ACTIVE
3026,31277,738,SBBAS2,64041,ACTIVE
3027,00867,464,SBODS4,788171,ACTIVE
3028,6854,149,CA0033,546464,ACTIVE
3029,00267,748,SB101,580006,ACTIVE
3030,00800,215,SBCHQ,222568,ACTIVE
3031,01212,742,SBGEN,298467,ACTIVE
3032,15071,734,TD001,241722,ACTIVE
3033,00311,376,SBBAS2,91255,ACTIVE
3034,12960,23,SBBAS2,738781,ACTIVE
3035,60148,17,SB101,429453,ACTIVE
3036,01212,924,CA0033,850472,ACTIVE
3037,00692,368,TD002,632219,ACTIVE
3038,00599,116,CA0033,12298,ACTIVE
3039,00634,455,CAGEN,680533,ACTIVE
3040,01278,449,TD002,946547,ACTIVE
3041,6854,158,SBCHQ,448911,ACTIVE
3042,21007,758,TD003,621798,ACTIVE
3043,50782,574,SBGEN,327827,ACTIVE
3044,00836,605,SBGEN,563297,ACTIVE
3045,00478,694,SBCHQ,792525,ACTIVE
3046,21213,443,SBGEN,115840,ACTIVE
3047,06789,494,TD003,900258,ACTIVE
3048,1675,438,CAGEN,311308,ACTIVE
3049,21284,641,SBGEN,674259,ACTIVE
3050,20507,843,SBGEN,512788,ACTIVE
3051,50784,452,CACOL,827635,ACTIVE
3052,00491,384,SB101,573419,ACTIVE
3053,00867,266,TD003,674414,ACTIVE
3054,00267,328,CACOL,30965,ACTIVE
3055,21289,813,SBODS4,698899,ACTIVE
3056,31346,588,TD003,730665,ACTIVE
3057,00201,902,SBGEN,503877,ACTIVE
3058,1980,402,TD003,710491,ACTIVE
3059,00112,670,CA0033,585996,ACTIVE
3060,00399,290,SBBAS2,5366,ACTIVE
3061,00856,339,TD001,81027,ACTIVE
3062,00678,29,SB101,597161,ACTIVE
3063,41024,751,SBODS4,250763,ACTIVE
3064,00599,596,CACOL,656189,ACTIVE
3065,00123,507,SBGEN,667886,ACTIVE
3066,21205,453,SBCHQ,717065,ACTIVE
3067,20984,457,SBCHQ,459366,ACTIVE
3068,12345,997,CACOL,926330,ACTIVE
3069,00311,665,CAGEN,271138,ACTIVE
3070,21289,202,SB101,599464,ACTIVE
3071,21213,797,CA0033,107643,ACTIVE
3072,01245,988,CACOL,790968,ACTIVE
3073,00551,934,SBGEN,736999,ACTIVE
3074,6854,830,CAGEN,867314,ACTIVE
3075,1195,588,CAGEN,71621,ACTIVE
3076,21205,608,SB101,503090,ACTIVE
3077,21007,508,SBCHQ,42055,ACTIVE
3078,00751,106,SBODS4,872904,ACTIVE
3079,00234,882,CA0033,62723,ACTIVE
3080,00812,565,SBCHQ,158005,ACTIVE
3081,00356,340,TD003,69701,ACTIVE
3082,00342,309,CACOL,156034,ACTIVE
3083,21523,509,SB101,505468,ACTIVE
3084,03093,296,SBCHQ,356457,ACTIVE
3085,00745,32,SBODS4,176581,ACTIVE
3086,30142,235,SBGEN,720322,ACTIVE
3087,50869,377,SBODS4,996411,ACTIVE
3088,00692,463,SBBAS2,225665,ACTIVE
3089,20854,468,SBGEN,119668,ACTIVE
3090,50784,477,TD003,583533,ACTIVE
3091,1676,981,SBBAS2,312182,ACTIVE
3092,01378,168,TD003,389369,ACTIVE
3093,00534,364,TD001,781344,ACTIVE
3094,12345,231,TD003,994670,ACTIVE
3095,00534,820,CACOL,749937,ACTIVE
3096,21279,951,CACOL,397603,ACTIVE
3097,00912,377,TD002,893012,ACTIVE
3098,01173,476,CA0033,463388,ACTIVE
3099,21406,69,SBODS4,343431,ACTIVE
3100,21205,862,CACOL,899769,ACTIVE
3101,00213,56,TD003,908946,ACTIVE
3102,00745,310,TD001,728920,ACTIVE
3103,04187,613,TD002,900451,ACTIVE
3104,01145,99,SBCHQ,596278,ACTIVE
3105,01173,157,TD002,841353,ACTIVE
3106,14166,866,SBODS4,444937,ACTIVE
3107,00325,83,CA0033,586109,ACTIVE
3108,6854,252,TD002,348743,ACTIVE
3109,16959,684,TD003,317957,ACTIVE
3110,00201,224,CACOL,412062,ACTIVE
3111,02786,741,TD001,206089,ACTIVE
3112,00711,217,SBBAS2,867132,ACTIVE
3113,01445,69,TD003,412407,ACTIVE
3114,00711,705,SBBAS2,342022,ACTIVE
3115,00945,397,SB101,320836,ACTIVE
3116,00889,334,TD003,299426,ACTIVE
3117,00941,761,SBBAS2,325945,ACTIVE
3118,00201,312,SBODS4,473681,ACTIVE
3119,21523,375,CACOL,736033,ACTIVE
3120,00491,562,SBCHQ,426379,ACTIVE
3121,15248,90,SBODS4,842322,ACTIVE
3122,20820,655,TD003,642595,ACTIVE
3123,00412,600,TD002,999749,ACTIVE
3124,16383,29,CAGEN,156662,ACTIVE
3125,15306,629,CAGEN,93716,ACTIVE
3126,70649,26,SBBAS2,446649,ACTIVE
3127,50869,787,CAGEN,254789,ACTIVE
3128,01145,136,SB101,179592,ACTIVE
3129,50784,99,CACOL,452265,ACTIVE
3130,1980,646,CA0033,10788,ACTIVE
3131,00692,428,SB101,279769,ACTIVE
3132,21249,883,TD003,211289,ACTIVE
3133,00751,670,SBODS4,379308,ACTIVE
3134,11119,354,CA0033,183599,ACTIVE
3135,60007,302,SBGEN,537125,ACTIVE
3136,00267,626,SBBAS2,463252,ACTIVE
3137,00478,505,TD001,929761,ACTIVE
3138,00751,678,SBCHQ,841632,ACTIVE
3139,14158,371,CACOL,195131,ACTIVE
3140,00412,666,TD001,140980,ACTIVE
3141,00534,370,TD002,180331,ACTIVE
3142,18294,461,TD003,105100,ACTIVE
3143,21007,327,TD002,513698,ACTIVE
3144,17921,689,SBBAS2,533714,ACTIVE
3145,21240,220,CACOL,403276,ACTIVE
3146,20123,979,CAGEN,236544,ACTIVE
3147,01145,667,CAGEN,584661,ACTIVE
3148,18779,207,CAGEN,374784,ACTIVE
3149,00654,822,SBODS4,224691,ACTIVE
3150,00543,983,TD003,380003,ACTIVE
3151,06789,613,TD003,498421,ACTIVE
3152,00421,684,CAGEN,296250,ACTIVE
3153,40769,296,TD001,603564,ACTIVE
3154,00998,456,TD001,74728,ACTIVE
3155,00382,411,CA0033,390878,ACTIVE
3156,1195,211,SBGEN,139545,ACTIVE
3157,20984,317,SB101,230041,ACTIVE
3158,01478,97,TD002,775458,ACTIVE
3159,15069,778,CACOL,721694,ACTIVE
3160,00112,797,SB101,816920,ACTIVE
3161,20795,297,TD002,707585,ACTIVE
3162,00765,524,TD003,477634,ACTIVE
3163,00823,823,SBODS4,426139,ACTIVE
3164,21240,771,SBGEN,785722,ACTIVE
3165,00678,171,SBGEN,98476,ACTIVE
3166,1195,901,SBGEN,455774,ACTIVE
3167,00751,275,TD001,984514,ACTIVE
3168,02345,209,SBGEN,185784,ACTIVE
3169,18849,361,SB101,35863,ACTIVE
3170,00800,115,SBGEN,926040,ACTIVE
3171,60156,222,SB101,194939,ACTIVE
3172,41024,434,TD001,16002,ACTIVE
3173,21007,401,SBBAS2,128123,ACTIVE
3174,00156,649,SB101,550445,ACTIVE
3175,00612,937,SBGEN,355786,ACTIVE
3176,05678,878,SBCHQ,512021,ACTIVE
3177,00998,192,SBCHQ,453468,ACTIVE
3178,16383,133,SBCHQ,169848,ACTIVE
3179,00812,975,SBCHQ,720116,ACTIVE
3180,00691,749,TD002,849145,ACTIVE
3181,00112,371,TD001,292957,ACTIVE
3182,01312,276,SB101,75421,ACTIVE
3183,20507,770,SB101,781653,ACTIVE
3184,01378,768,CA0033,103347,ACTIVE
3185,14681,156,SBODS4,124380,ACTIVE
3186,00745,781,CACOL,654647,ACTIVE
3187,21213,219,SBCHQ,651458,ACTIVE
3188,00941,643,SB101,725923,ACTIVE
3189,18294,608,SBBAS2,145816,ACTIVE
3190,05061,712,SBCHQ,920037,ACTIVE
3191,50784,544,SBGEN,483542,ACTIVE
3192,00399,232,SB101,859811,ACTIVE
3193,00891,886,TD003,756436,ACTIVE
3194,60007,579,SBBAS2,357215,ACTIVE
3195,20854,391,SBODS4,240610,ACTIVE
3196,00844,510,SB101,349472,ACTIVE
3197,00836,285,CACOL,656485,ACTIVE
3198,01212,270,CAGEN,690176,ACTIVE
3199,05744,868,SBCHQ,978477,ACTIVE
3200,11660,103,SBBAS2,87703,ACTIVE
3201,21625,856,SBODS4,879961,ACTIVE
3202,21752,823,SB101,994205,ACTIVE
3203,14166,477,CA0033,903783,ACTIVE
3204,11660,220,SBBAS2,151685,ACTIVE
3205,01378,985,TD001,283622,ACTIVE
3206,01345,915,SB101,887016,ACTIVE
3207,00799,845,TD003,344177,ACTIVE
3208,00001,730,TD002,678069,ACTIVE
3209,00978,718,CAGEN,466737,ACTIVE
3210,21424,491,SB101,777491,ACTIVE
3211,70649,110,SBCHQ,593460,ACTIVE
3212,00613,306,SBBAS2,155572,ACTIVE
3213,00977,798,SBGEN,334938,ACTIVE
3214,31346,783,TD001,719248,ACTIVE
3215,00941,240,TD001,29943,ACTIVE
3216,00977,796,SBCHQ,955842,ACTIVE
3217,04187,290,SBGEN,615763,ACTIVE
3218,21861,840,CACOL,498009,ACTIVE
3219,21279,26,CACOL,836108,ACTIVE
3220,04567,53,TD003,496395,ACTIVE
3221,10123,65,SBODS4,579325,ACTIVE
3222,00945,945,SBODS4,723326,ACTIVE
3223,00844,384,TD003,9622,ACTIVE
3224,00112,622,SBCHQ,42506,ACTIVE
3225,00856,713,TD002,843190,ACTIVE
3226,00112,337,SBBAS2,42711,ACTIVE
3227,18849,816,SBGEN,943867,ACTIVE
3228,02345,169,SBGEN,485353,ACTIVE
3229,00512,911,TD001,431301,ACTIVE
3230,00691,240,TD001,769849,ACTIVE
3231,16959,468,SBBAS2,85904,ACTIVE
3232,00201,586,SBGEN,484750,ACTIVE
3233,21400,358,SBBAS2,238658,ACTIVE
3234,00782,645,SBGEN,736728,ACTIVE
3235,00634,10,CA0033,190931,ACTIVE
3236,01112,188,CAGEN,647786,ACTIVE
3237,00812,717,TD001,923256,ACTIVE
3238,02345,650,SBGEN,390172,ACTIVE
3239,00599,555,TD001,165995,ACTIVE
3240,20963,951,TD001,17912,ACTIVE
3241,00745,90,CA0033,826247,ACTIVE
3242,00941,784,TD001,952504,ACTIVE
3243,00856,226,SBBAS2,599340,ACTIVE
3244,20963,699,SBCHQ,776909,ACTIVE
3245,00325,454,SB101,530249,ACTIVE
3246,00551,510,SBBAS2,432818,ACTIVE
3247,15071,910,SBGEN,367747,ACTIVE
3248,00788,458,TD003,690674,ACTIVE
3249,21651,523,SB101,512897,ACTIVE
3250,21400,396,SB101,894146,ACTIVE
3251,00432,968,CACOL,933552,ACTIVE
3252,00891,406,TD002,290620,ACTIVE
3253,13279,72,TD003,954785,ACTIVE
3254,00876,181,SBCHQ,45302,ACTIVE
3255,21752,279,SBODS4,759342,ACTIVE
3256,60007,295,SBCHQ,39138,ACTIVE
3257,01012,172,TD002,49552,ACTIVE
3258,16789,973,SBGEN,324826,ACTIVE
3259,01178,601,TD003,207196,ACTIVE
3260,00512,726,SBODS4,818134,ACTIVE
3261,20984,858,CAGEN,825218,ACTIVE
3262,04816,692,SBBAS2,578354,ACTIVE
3263,16383,49,CA0033,958755,ACTIVE
3264,10123,813,CAGEN,312992,ACTIVE
3265,00836,231,TD001,432883,ACTIVE
3266,00001,40,CAGEN,981334,ACTIVE
3267,50869,914,SB101,174142,ACTIVE
3268,00656,551,SBBAS2,312481,ACTIVE
3269,21424,94,SBBAS2,512430,ACTIVE
3270,30273,988,TD003,609410,ACTIVE
3271,01173,634,SBBAS2,573149,ACTIVE
3272,15069,503,SBGEN,663242,ACTIVE
3273,00800,547,TD002,737713,ACTIVE
3274,00788,617,TD001,828028,ACTIVE
3275,00311,266,SBCHQ,914818,ACTIVE
3276,00723,639,TD002,559332,ACTIVE
3277,00788,326,TD002,191812,ACTIVE
3278,60159,949,CACOL,898067,ACTIVE
3279,00612,292,SBCHQ,110171,ACTIVE
3280,21523,107,SBGEN,38976,ACTIVE
3281,00301,278,SBCHQ,263889,ACTIVE
3282,21251,473,SB101,428430,ACTIVE
3283,20591,679,SBBAS2,267522,ACTIVE
3284,00421,68,CACOL,743883,ACTIVE
3285,17890,982,CA0033,680576,ACTIVE
3286,20854,912,CACOL,491511,ACTIVE
3287,03456,689,TD001,485534,ACTIVE
3288,05744,506,SB101,332991,ACTIVE
3289,50782,399,TD002,108131,ACTIVE
3290,00551,893,SBGEN,573421,ACTIVE
3291,21861,837,SB101,945534,ACTIVE
3292,16528,615,SBODS4,318949,ACTIVE
3293,19012,869,CA0033,323576,ACTIVE
3294,00512,469,TD003,598735,ACTIVE
3295,00267,114,CAGEN,506220,ACTIVE
3296,60007,949,CACOL,252054,ACTIVE
3297,10123,129,TD003,876017,ACTIVE
3298,13279,887,TD003,328665,ACTIVE
3299,15069,987,CACOL,532131,ACTIVE
3300,00478,309,CA0033,231437,ACTIVE
3301,01478,201,TD003,440535,ACTIVE
3302,31346,202,CAGEN,713004,ACTIVE
3303,50782,902,TD003,636892,ACTIVE
3304,00745,407,SB101,891083,ACTIVE
3305,01045,373,SB101,58273,ACTIVE
3306,2714,589,TD001,527475,ACTIVE
3307,00001,402,SBGEN,289105,ACTIVE
3308,00941,43,SBODS4,44534,ACTIVE
3309,21210,589,TD003,267942,ACTIVE
3310,00876,306,SBODS4,296496,ACTIVE
3311,00765,17,CA0033,777126,ACTIVE
3312,00213,843,SB101,590543,ACTIVE
3313,00745,93,TD001,211396,ACTIVE
3314,14158,224,SBODS4,513036,ACTIVE
3315,00800,698,SBODS4,369339,ACTIVE
3316,05678,819,TD002,65227,ACTIVE
3317,00156,545,CA0033,214699,ACTIVE
3318,00599,887,SBCHQ,392804,ACTIVE
3319,16789,134,SBODS4,232662,ACTIVE
3320,21861,692,CAGEN,319759,ACTIVE
3321,00656,676,TD001,50954,ACTIVE
3322,02696,663,CA0033,84289,ACTIVE
3323,00856,307,SBCHQ,881039,ACTIVE
3324,00891,682,TD003,778502,ACTIVE
3325,04816,510,SB101,876881,ACTIVE
3326,00836,965,CAGEN,204683,ACTIVE
3327,31277,397,TD002,823624,ACTIVE
3328,00978,250,CAGEN,655792,ACTIVE
3329,00412,637,SBGEN,36574,ACTIVE
3330,00678,925,CAGEN,432974,ACTIVE
3331,00876,39,TD001,66921,ACTIVE
3332,20507,688,SBGEN,345061,ACTIVE
3333,00799,980,SBBAS2,962586,ACTIVE
3334,00891,593,SB101,648810,ACTIVE
3335,21007,603,SBODS4,30029,ACTIVE
3336,00788,454,CACOL,481066,ACTIVE
3337,00691,894,SBBAS2,392093,ACTIVE
3338,09012,476,TD003,730268,ACTIVE
3339,07890,82,TD001,894752,ACTIVE
3340,01441,313,CAGEN,462108,ACTIVE
3341,21424,740,SBCHQ,690622,ACTIVE
3342,00112,928,TD003,302284,ACTIVE
3343,20820,586,SB101,625365,ACTIVE
3344,01278,449,CAGEN,389403,ACTIVE
3345,00454,350,SBBAS2,907825,ACTIVE
3346,18294,758,TD003,140886,ACTIVE
3347,1675,982,CACOL,262764,ACTIVE
3348,50782,634,TD001,449359,ACTIVE
3349,20984,101,SBCHQ,411336,ACTIVE
3350,00856,692,SBBAS2,230311,ACTIVE
3351,00889,313,TD001,404615,ACTIVE
3352,01078,416,CA0033,693618,ACTIVE
3353,00293,720,SBGEN,506759,ACTIVE
3354,21424,98,TD001,424242,ACTIVE
3355,1676,149,TD002,566825,ACTIVE
3356,1675,854,CACOL,259785,ACTIVE
3357,21554,328,SBBAS2,36902,ACTIVE
3358,04187,998,CACOL,407653,ACTIVE
3359,16383,761,SBBAS2,628462,ACTIVE
3360,21612,726,SBBAS2,771708,ACTIVE
3361,16383,393,SBODS4,587081,ACTIVE
3362,05364,682,CACOL,515482,ACTIVE
3363,01145,459,TD002,203661,ACTIVE
3364,15248,588,SBGEN,666051,ACTIVE
3365,21067,894,SB101,833437,ACTIVE
3366,12960,552,SBODS4,811844,ACTIVE
3367,18901,947,SBGEN,867090,ACTIVE
3368,21061,422,SBODS4,228541,ACTIVE
3369,03456,121,CA0033,506578,ACTIVE
3370,00382,956,CA0033,436722,ACTIVE
3371,00301,479,SBGEN,159873,ACTIVE
3372,21861,824,TD002,862066,ACTIVE
3373,02345,857,CACOL,454165,ACTIVE
3374,13279,662,TD003,711418,ACTIVE
3375,18779,819,TD003,815130,ACTIVE
3376,21424,834,CACOL,368571,ACTIVE
3377,15071,874,TD002,76629,ACTIVE
3378,17921,186,SBODS4,68455,ACTIVE
3379,21184,665,TD002,813246,ACTIVE
3380,1980,747,SBGEN,682786,ACTIVE
3381,00212,223,TD002,634631,ACTIVE
3382,00454,13,CAGEN,70473,ACTIVE
3383,00421,785,SBODS4,219191,ACTIVE
3384,1675,802,SBCHQ,264587,ACTIVE
3385,20123,488,TD002,506232,ACTIVE
3386,12960,996,TD002,146569,ACTIVE
3387,00978,545,CACOL,554081,ACTIVE
3388,2714,444,SBGEN,861462,ACTIVE
3389,6854,44,TD003,965724,ACTIVE
3390,17921,509,SBCHQ,388515,ACTIVE
3391,00412,482,SBBAS2,837528,ACTIVE
3392,00156,3,SBCHQ,840475,ACTIVE
3393,14826,66,SBBAS2,986980,ACTIVE
3394,00567,743,SB101,465266,ACTIVE
3395,01212,9,TD002,284995,ACTIVE
3396,00912,973,SBGEN,566315,ACTIVE
3397,00599,716,SB101,330816,ACTIVE
3398,00491,554,CACOL,822476,ACTIVE
3399,00334,92,TD001,730260,ACTIVE
3400,01345,549,CA0033,433004,ACTIVE
3401,20963,820,CAGEN,692609,ACTIVE
3402,21803,521,CACOL,375127,ACTIVE
3403,6854,888,SB101,320253,ACTIVE
3404,12345,942,SBGEN,848088,ACTIVE
3405,50784,838,TD001,428287,ACTIVE
3406,02345,671,TD002,203367,ACTIVE
3407,00612,442,CACOL,520451,ACTIVE
3408,00945,836,CACOL,286319,ACTIVE
3409,04567,136,SBGEN,750941,ACTIVE
3410,21625,144,SBCHQ,837001,ACTIVE
3411,21284,723,SBBAS2,3491,ACTIVE
3412,00891,800,TD001,773282,ACTIVE
3413,00765,728,SBODS4,310337,ACTIVE
3414,02786,687,SBBAS2,862015,ACTIVE
3415,02786,354,TD001,767974,ACTIVE
3416,60007,287,SBCHQ,608843,ACTIVE
3417,00889,690,SBODS4,331377,ACTIVE
3418,00212,550,SBGEN,623331,ACTIVE
3419,00001,665,TD002,552774,ACTIVE
3420,07890,62,TD001,659857,ACTIVE
3421,00812,383,CACOL,488246,ACTIVE
3422,13279,552,SB101,724217,ACTIVE
3423,00844,605,CACOL,674679,ACTIVE
3424,00901,819,SBODS4,353514,ACTIVE
3425,16528,623,TD002,920735,ACTIVE
3426,21184,774,SBGEN,979973,ACTIVE
3427,21240,16,TD003,510715,ACTIVE
3428,00478,669,TD001,424176,ACTIVE
3429,20998,483,TD002,397644,ACTIVE
3430,01312,319,CAGEN,186873,ACTIVE
3431,00282,628,SB101,811273,ACTIVE
3432,00542,850,TD003,126619,ACTIVE
3433,01112,714,TD003,910196,ACTIVE
3434,14166,478,SBBAS2,451941,ACTIVE
3435,50869,507,SBBAS2,21813,ACTIVE
3436,21651,269,TD003,951975,ACTIVE
3437,21279,347,TD001,432815,ACTIVE
3438,6854,811,TD001,208878,ACTIVE
3439,00656,415,SBBAS2,927534,ACTIVE
3440,17890,961,SBCHQ,514270,ACTIVE
3441,00201,747,SBODS4,604857,ACTIVE
3442,1980,77,CAGEN,45213,ACTIVE
3443,05364,134,CAGEN,540034,ACTIVE
3444,60007,965,SBBAS2,314558,ACTIVE
3445,21651,525,TD002,713235,ACTIVE
3446,19012,886,SBCHQ,6470,ACTIVE
3447,01212,82,SBODS4,198941,ACTIVE
3448,11121,422,TD003,581786,ACTIVE
3449,00978,805,CAGEN,487576,ACTIVE
3450,14171,378,CAGEN,465355,ACTIVE
3451,00123,333,CAGEN,483932,ACTIVE
3452,02345,420,CAGEN,631461,ACTIVE
3453,02345,805,TD001,708459,ACTIVE
3454,2714,545,TD002,696679,ACTIVE
3455,00001,300,SBODS4,1508,ACTIVE
3456,00551,763,SBBAS2,556838,ACTIVE
3457,21523,932,TD002,608297,ACTIVE
3458,16959,894,CA0033,70272,ACTIVE
3459,09012,101,SBBAS2,513231,ACTIVE
3460,00491,716,CAGEN,191498,ACTIVE
3461,00692,271,TD002,24752,ACTIVE
3462,21184,46,TD001,628374,ACTIVE
3463,60148,522,TD002,613680,ACTIVE
3464,00543,924,CAGEN,874251,ACTIVE
3465,01173,220,TD003,732420,ACTIVE
3466,00551,866,CACOL,644146,ACTIVE
3467,21249,629,SBBAS2,58247,ACTIVE
3468,1676,578,TD001,391382,ACTIVE
3469,00311,63,SBCHQ,797010,ACTIVE
3470,04187,368,SBCHQ,894479,ACTIVE
3471,15071,328,SBGEN,292349,ACTIVE
3472,41024,68,CACOL,62967,ACTIVE
3473,00112,114,SBCHQ,514884,ACTIVE
3474,03093,920,CA0033,263228,ACTIVE
3475,00567,317,CAGEN,325684,ACTIVE
3476,50782,396,CACOL,249107,ACTIVE
3477,00998,43,SBODS4,468283,ACTIVE
3478,21067,739,TD001,969074,ACTIVE
3479,31277,162,CACOL,160401,ACTIVE
3480,10123,896,CAGEN,179463,ACTIVE
3481,1980,686,CA0033,587584,ACTIVE
3482,1675,137,TD002,950954,ACTIVE
3483,01178,603,TD003,309652,ACTIVE
3484,21792,468,TD002,22732,ACTIVE
3485,00567,678,TD003,199784,ACTIVE
3486,00800,206,SBCHQ,243787,ACTIVE
3487,21803,39,SB101,590726,ACTIVE
3488,2714,943,CAGEN,971646,ACTIVE
3489,00891,170,TD002,364192,ACTIVE
3490,05678,918,SBBAS2,466052,ACTIVE
3491,20984,669,SBGEN,293751,ACTIVE
3492,21240,106,TD002,815070,ACTIVE
3493,00412,632,SB101,987888,ACTIVE
3494,60159,158,TD003,647126,ACTIVE
3495,21612,963,TD002,439739,ACTIVE
3496,1195,419,SBODS4,676009,ACTIVE
3497,01378,38,SBODS4,133027,ACTIVE
3498,11234,946,SB101,437247,ACTIVE
3499,21291,260,SBCHQ,815375,ACTIVE
3500,21792,505,CA0033,48018,ACTIVE
3501,01245,803,TD001,418079,ACTIVE
3502,1195,557,SBODS4,76813,ACTIVE
3503,00765,248,SBBAS2,453581,ACTIVE
3504,17921,650,SBBAS2,516790,ACTIVE
3505,00856,591,CAGEN,497886,ACTIVE
3506,15248,683,CAGEN,525711,ACTIVE
3507,00382,732,CACOL,177408,ACTIVE
3508,20998,1,TD002,254028,ACTIVE
3509,00745,176,SB101,386689,ACTIVE
3510,20591,370,TD003,759729,ACTIVE
3511,21792,964,TD002,159494,ACTIVE
3512,21210,365,SBODS4,623851,ACTIVE
3513,00212,607,SBCHQ,461069,ACTIVE
3514,00799,614,SB101,623242,ACTIVE
3515,00613,500,CA0033,311498,ACTIVE
3516,00634,27,SB101,127035,ACTIVE
3517,01478,792,CACOL,595421,ACTIVE
3518,00782,638,TD001,412255,ACTIVE
3519,08901,791,SBGEN,135670,ACTIVE
3520,02786,483,CACOL,70677,ACTIVE
3521,00421,422,TD002,85776,ACTIVE
3522,00399,484,SB101,209519,ACTIVE
3523,00201,677,SBODS4,683649,ACTIVE
3524,21284,8,TD002,313159,ACTIVE
3525,18901,110,SBODS4,732099,ACTIVE
3526,02696,416,TD001,151563,ACTIVE
3527,00421,369,TD001,155179,ACTIVE
3528,01378,643,SB101,705226,ACTIVE
3529,21279,976,CACOL,162899,ACTIVE
3530,00373,34,SB101,432078,ACTIVE
3531,00901,874,SBCHQ,502445,ACTIVE
3532,40769,346,SBODS4,792755,ACTIVE
3533,00977,175,SB101,874052,ACTIVE
3534,61020,187,SBODS4,743467,ACTIVE
3535,04567,653,CAGEN,561849,ACTIVE
3536,01112,241,TD003,608719,ACTIVE
3537,21210,903,SB101,23279,ACTIVE
3538,00382,696,SBGEN,113371,ACTIVE
3539,21061,303,TD001,110759,ACTIVE
3540,00876,206,TD002,844294,ACTIVE
3541,00867,556,TD003,420822,ACTIVE
3542,21752,571,SBODS4,264992,ACTIVE
3543,14171,833,CACOL,439782,ACTIVE
3544,60148,738,CACOL,527404,ACTIVE
3545,00293,371,SBCHQ,15441,ACTIVE
3546,21210,449,CACOL,195210,ACTIVE
3547,00373,934,TD003,473583,ACTIVE
3548,00255,314,SBGEN,786210,ACTIVE
3549,50782,56,SBBAS2,261066,ACTIVE
3550,01078,381,SBGEN,423431,ACTIVE
3551,01145,70,TD002,246742,ACTIVE
3552,21007,572,CAGEN,15240,ACTIVE
3553,50782,56,SBODS4,533663,ACTIVE
3554,21803,556,SBBAS2,441705,ACTIVE
3555,00334,586,SBGEN,593169,ACTIVE
3556,1675,498,TD001,40208,ACTIVE
3557,00182,286,SBGEN,134303,ACTIVE
3558,20507,6,CA0033,674573,ACTIVE
3559,20854,143,SB101,825931,ACTIVE
3560,21061,257,CAGEN,254937,ACTIVE
3561,2714,881,SBBAS2,3362,ACTIVE
3562,61020,70,SBCHQ,635546,ACTIVE
3563,01234,741,SBODS4,27287,ACTIVE
3564,00293,141,CACOL,263888,ACTIVE
3565,21516,385,SBBAS2,891606,ACTIVE
3566,00691,80,TD002,743355,ACTIVE
3567,00551,730,SBGEN,508754,ACTIVE
3568,15306,792,SBODS4,575757,ACTIVE
3569,01278,811,SB101,848413,ACTIVE
3570,21279,947,SBGEN,239629,ACTIVE
3571,31277,367,TD002,892908,ACTIVE
3572,01445,179,TD002,326649,ACTIVE
3573,15069,869,CA0033,64207,ACTIVE
3574,17980,109,SBBAS2,390032,ACTIVE
3575,20591,698,CAGEN,350698,ACTIVE
3576,01045,585,SBCHQ,587112,ACTIVE
3577,21400,360,CAGEN,911920,ACTIVE
3578,21251,273,TD003,167125,ACTIVE
3579,00812,85,SBBAS2,884611,ACTIVE
3580,21251,850,TD001,730299,ACTIVE
3581,03093,499,CA0033,508531,ACTIVE
3582,20820,470,TD001,45660,ACTIVE
3583,14158,462,SBCHQ,910204,ACTIVE
3584,50782,635,SBGEN,207378,ACTIVE
3585,12960,443,CACOL,234450,ACTIVE
3586,1675,700,SBGEN,112678,ACTIVE
3587,00112,605,SBBAS2,250832,ACTIVE
3588,31277,651,SBODS4,774380,ACTIVE
3589,11119,353,SBCHQ,173476,ACTIVE
3590,00412,361,TD002,721714,ACTIVE
3591,01234,247,SBODS4,778174,ACTIVE
3592,11121,122,SBGEN,831904,ACTIVE
3593,17921,942,SB101,48566,ACTIVE
3594,00823,476,CACOL,393072,ACTIVE
3595,11234,380,CACOL,237641,ACTIVE
3596,21279,815,CAGEN,527529,ACTIVE
3597,00977,319,SBGEN,658023,ACTIVE
3598,21240,93,CAGEN,438395,ACTIVE
3599,03456,398,SBBAS2,366362,ACTIVE
3600,00654,638,CACOL,966067,ACTIVE
3601,00867,385,SB101,513091,ACTIVE
3602,21792,58,TD001,851086,ACTIVE
3603,15071,521,SBODS4,922726,ACTIVE
3604,01078,598,SBODS4,695931,ACTIVE
3605,21523,597,SBGEN,291267,ACTIVE
3606,1675,138,CAGEN,366383,ACTIVE
3607,01212,221,CACOL,193550,ACTIVE
3608,1980,525,SBGEN,396127,ACTIVE
3609,21792,591,CACOL,706955,ACTIVE
3610,00213,708,TD002,830117,ACTIVE
3611,00634,109,CA0033,990245,ACTIVE
3612,11660,781,CACOL,922203,ACTIVE
3613,00711,173,TD001,270565,ACTIVE
3614,00867,998,TD001,887729,ACTIVE
3615,60159,156,SB101,812311,ACTIVE
3616,00745,734,SBODS4,902365,ACTIVE
3617,01478,500,CAGEN,778457,ACTIVE
3618,21251,752,TD003,525750,ACTIVE
3619,41024,455,TD002,53186,ACTIVE
3620,00836,97,CA0033,497162,ACTIVE
3621,00656,125,TD003,320287,ACTIVE
3622,00293,845,SBODS4,931437,ACTIVE
3623,21205,900,SBODS4,477577,ACTIVE
3624,00543,587,SBBAS2,191884,ACTIVE
3625,21406,388,TD001,152183,ACTIVE
3626,00491,381,CA0033,104571,ACTIVE
3627,05364,661,SBODS4,393057,ACTIVE
3628,21625,129,SB101,363864,ACTIVE
3629,1675,327,SB101,569236,ACTIVE
3630,21612,371,SB101,314488,ACTIVE
3631,03456,667,CACOL,605223,ACTIVE
3632,00267,604,CAGEN,574561,ACTIVE
3633,15071,408,CACOL,813179,ACTIVE
3634,03093,627,TD001,359987,ACTIVE
3635,00342,209,CACOL,881606,ACTIVE
3636,20854,598,SBODS4,399333,ACTIVE
3637,00382,527,SBODS4,960185,ACTIVE
3638,21067,117,SB101,629169,ACTIVE
3639,00454,887,SBCHQ,311561,ACTIVE
3640,00373,397,SBBAS2,13316,ACTIVE
3641,21210,13,SBODS4,728569,ACTIVE
3642,00765,679,SBCHQ,711441,ACTIVE
3643,17921,233,CACOL,134100,ACTIVE
3644,00567,527,SBBAS2,530928,ACTIVE
3645,15248,506,SB101,784671,ACTIVE
3646,21240,929,SBCHQ,821653,ACTIVE
3647,01045,724,CAGEN,926448,ACTIVE
3648,31346,673,TD001,977072,ACTIVE
3649,02696,716,SB101,861157,ACTIVE
3650,00543,292,CAGEN,193871,ACTIVE
3651,00723,92,CACOL,566433,ACTIVE
3652,21803,763,SBODS4,138782,ACTIVE
3653,20984,537,CACOL,204249,ACTIVE
3654,60159,830,TD002,170629,ACTIVE
3655,00723,147,SB101,174827,ACTIVE
3656,15678,860,SBODS4,281101,ACTIVE
3657,01045,330,CA0033,190028,ACTIVE
3658,18849,636,SBODS4,240961,ACTIVE
3659,00654,815,SBCHQ,85702,ACTIVE
3660,00800,665,SB101,768659,ACTIVE
3661,18294,516,TD001,218558,ACTIVE
3662,13279,498,SBGEN,239997,ACTIVE
3663,02786,87,TD003,810549,ACTIVE
3664,11660,458,SBBAS2,567708,ACTIVE
3665,60007,284,SBCHQ,861091,ACTIVE
3666,21424,530,CAGEN,955768,ACTIVE
3667,00823,850,SBGEN,368787,ACTIVE
3668,00282,926,TD002,157386,ACTIVE
3669,12960,154,TD001,263247,ACTIVE
3670,04816,161,SBODS4,843548,ACTIVE
3671,21213,154,CAGEN,524290,ACTIVE
3672,20591,904,SB101,731832,ACTIVE
3673,00891,166,TD002,507162,ACTIVE
3674,04567,449,TD003,816468,ACTIVE
3675,00836,457,SB101,439951,ACTIVE
3676,18849,116,TD002,607080,ACTIVE
3677,01145,28,SB101,974916,ACTIVE
3678,01378,575,SB101,720996,ACTIVE
3679,00745,952,TD003,6293,ACTIVE
3680,00234,59,TD002,692982,ACTIVE
3681,01112,185,TD001,936752,ACTIVE
3682,01012,67,SBGEN,371890,ACTIVE
3683,60156,32,SB101,762509,ACTIVE
3684,01212,857,SBODS4,627832,ACTIVE
3685,00543,294,SB101,888137,ACTIVE
3686,11660,15,CACOL,683299,ACTIVE
3687,00244,762,SBODS4,7993,ACTIVE
3688,15248,221,TD003,54559,ACTIVE
3689,21284,695,SBGEN,535622,ACTIVE
3690,21625,977,TD001,900898,ACTIVE
3691,09012,550,CA0033,475047,ACTIVE
3692,13456,802,SBODS4,629969,ACTIVE
3693,00301,853,SBCHQ,762197,ACTIVE
3694,00692,719,SBCHQ,327692,ACTIVE
3695,00213,884,SBCHQ,721566,ACTIVE
3696,3026,636,SB101,761016,ACTIVE
3697,00782,834,SBGEN,654393,ACTIVE
3698,21249,560,CACOL,498746,ACTIVE
3699,14166,475,SBGEN,887823,ACTIVE
3700,00301,979,SBODS4,477170,ACTIVE
3701,00244,454,CAGEN,524775,ACTIVE
3702,00889,485,CACOL,594004,ACTIVE
3703,14681,240,SBCHQ,57396,ACTIVE
3704,17980,210,TD003,350353,ACTIVE
3705,18901,243,CACOL,731818,ACTIVE
3706,01378,774,SB101,562365,ACTIVE
3707,01378,234,CACOL,771517,ACTIVE
3708,21279,394,CACOL,808286,ACTIVE
3709,00656,198,CA0033,698855,ACTIVE
3710,60148,63,SBCHQ,724736,ACTIVE
3711,00812,562,CAGEN,323369,ACTIVE
3712,30142,447,SBGEN,323849,ACTIVE
3713,21240,921,CACOL,348518,ACTIVE
3714,12345,514,CACOL,849456,ACTIVE
3715,21061,373,SBBAS2,815405,ACTIVE
3716,02796,743,SB101,862212,ACTIVE
3717,15248,572,CACOL,908268,ACTIVE
3718,20591,121,CAGEN,909455,ACTIVE
3719,21803,318,TD001,829802,ACTIVE
3720,03456,171,CACOL,416034,ACTIVE
3721,00977,982,SBCHQ,427889,ACTIVE
3722,01173,954,TD002,484029,ACTIVE
3723,21612,359,TD002,182938,ACTIVE
3724,1980,156,TD003,833054,ACTIVE
3725,13456,371,SBGEN,219604,ACTIVE
3726,70649,1,TD003,110889,ACTIVE
3727,01378,365,CAGEN,252228,ACTIVE
3728,06789,137,TD002,950793,ACTIVE
3729,00543,995,SBBAS2,856811,ACTIVE
3730,21210,152,TD001,496123,ACTIVE
3731,15071,900,SBBAS2,559416,ACTIVE
3732,20507,311,TD003,796656,ACTIVE
3733,01478,424,CA0033,819268,ACTIVE
3734,31277,560,SBODS4,575803,ACTIVE
3735,18779,95,TD002,890849,ACTIVE
3736,1676,577,TD003,162914,ACTIVE
3737,00765,90,SBBAS2,338781,ACTIVE
3738,00823,972,TD001,56440,ACTIVE
3739,00311,944,CAGEN,490503,ACTIVE
3740,01173,39,CACOL,794586,ACTIVE
3741,1676,736,SBODS4,455788,ACTIVE
3742,00267,990,SBCHQ,916486,ACTIVE
3743,00334,208,TD001,518746,ACTIVE
3744,11121,823,SBODS4,275559,ACTIVE
3745,50782,776,SBCHQ,684027,ACTIVE
3746,50784,783,TD001,89866,ACTIVE
3747,00234,306,SBODS4,289557,ACTIVE
3748,01045,194,CAGEN,728334,ACTIVE
3749,00234,574,CAGEN,843424,ACTIVE
3750,00399,497,SBGEN,103548,ACTIVE
3751,00692,611,TD001,793626,ACTIVE
3752,50869,41,TD001,952022,ACTIVE
3753,01212,177,CAGEN,922427,ACTIVE
3754,00678,977,TD003,373801,ACTIVE
3755,21406,968,SBODS4,362203,ACTIVE
3756,18294,565,TD003,507035,ACTIVE
3757,40769,881,TD003,242368,ACTIVE
3758,00782,241,SBODS4,121081,ACTIVE
3759,00454,772,TD002,452847,ACTIVE
3760,05744,228,TD001,231621,ACTIVE
3761,00745,18,CA0033,939996,ACTIVE
3762,00692,639,TD001,411347,ACTIVE
3763,00112,19,SBCHQ,210484,ACTIVE
3764,1980,332,CAGEN,438708,ACTIVE
3765,20854,728,SBCHQ,972060,ACTIVE
3766,21210,486,SBBAS2,677091,ACTIVE
3767,21289,873,SBCHQ,919706,ACTIVE
3768,14166,690,SBODS4,49136,ACTIVE
3769,16789,387,SBGEN,169038,ACTIVE
3770,00244,922,SBBAS2,600968,ACTIVE
3771,00567,469,SBODS4,537467,ACTIVE
3772,21279,397,SBBAS2,654579,ACTIVE
3773,00691,273,TD002,48524,ACTIVE
3774,00765,56,SBCHQ,204751,ACTIVE
3775,00901,878,TD002,755338,ACTIVE
3776,00123,196,TD002,564220,ACTIVE
3777,1195,224,CACOL,903981,ACTIVE
3778,21067,865,TD002,942177,ACTIVE
3779,21007,433,SBCHQ,358108,ACTIVE
3780,00301,518,SBCHQ,764565,ACTIVE
3781,18779,735,SBBAS2,758722,ACTIVE
3782,14826,722,CAGEN,422305,ACTIVE
3783,00512,903,SBBAS2,586373,ACTIVE
3784,21279,305,CAGEN,458645,ACTIVE
3785,00182,639,TD001,964111,ACTIVE
3786,00782,346,CACOL,211366,ACTIVE
3787,00998,898,SBBAS2,416907,ACTIVE
3788,21516,893,CAGEN,514547,ACTIVE
3789,01278,859,SBGEN,888498,ACTIVE
3790,00301,192,SBBAS2,437644,ACTIVE
3791,21289,91,CAGEN,668409,ACTIVE
3792,00551,174,TD002,676046,ACTIVE
3793,16383,58,SB101,781558,ACTIVE
3794,00812,527,SBCHQ,841265,ACTIVE
3795,00889,474,TD003,640311,ACTIVE
3796,20820,771,CACOL,920184,ACTIVE
3797,20795,422,TD001,225621,ACTIVE
3798,00311,131,SBODS4,76359,ACTIVE
3799,21210,327,TD002,205547,ACTIVE
3800,00212,798,TD002,940254,ACTIVE
3801,09012,733,CAGEN,362989,ACTIVE
3802,00876,150,TD002,894688,ACTIVE
3803,00412,662,TD002,513620,ACTIVE
3804,00234,26,SBODS4,505269,ACTIVE
3805,50782,764,CAGEN,272532,ACTIVE
3806,00678,784,CACOL,728269,ACTIVE
3807,00382,226,TD001,743707,ACTIVE
3808,00867,950,TD003,866931,ACTIVE
3809,01078,907,SBBAS2,301561,ACTIVE
3810,20815,291,TD003,249366,ACTIVE
3811,00356,738,SBCHQ,742399,ACTIVE
3812,00201,291,TD001,835716,ACTIVE
3813,00678,508,SB101,494020,ACTIVE
3814,01234,108,SBGEN,324729,ACTIVE
3815,11234,150,SBCHQ,78309,ACTIVE
3816,13456,542,CA0033,644873,ACTIVE
3817,3026,633,CA0033,477926,ACTIVE
3818,00823,647,TD001,6543,ACTIVE
3819,01234,739,TD002,780731,ACTIVE
3820,00301,539,TD002,233183,ACTIVE
3821,21210,600,SBBAS2,762785,ACTIVE
3822,00382,492,TD002,388225,ACTIVE
3823,00978,647,TD001,720687,ACTIVE
3824,20984,224,CACOL,115099,ACTIVE
3825,31277,583,CACOL,331516,ACTIVE
3826,00542,24,SBGEN,549996,ACTIVE
3827,20963,17,CA0033,50489,ACTIVE
3828,21184,863,TD001,782655,ACTIVE
3829,15071,430,SBBAS2,194492,ACTIVE
3830,00293,399,CAGEN,528618,ACTIVE
3831,21406,962,SBCHQ,277911,ACTIVE
3832,00692,316,TD003,593194,ACTIVE
3833,10123,255,SB101,25173,ACTIVE
3834,15306,163,SBBAS2,3050,ACTIVE
3835,00765,10,CACOL,556867,ACTIVE
3836,17980,799,CA0033,402225,ACTIVE
3837,00978,376,TD003,748795,ACTIVE
3838,20591,625,TD002,760158,ACTIVE
3839,21752,877,CAGEN,234188,ACTIVE
3840,14158,883,TD001,655164,ACTIVE
3841,50784,993,SBCHQ,115316,ACTIVE
3842,01145,132,SBCHQ,297910,ACTIVE
3843,17890,706,SBGEN,97173,ACTIVE
3844,18779,671,SB101,896265,ACTIVE
3845,40769,718,SBGEN,730133,ACTIVE
3846,15306,220,SBBAS2,737858,ACTIVE
3847,00745,180,TD001,100258,ACTIVE
3848,08901,67,SBCHQ,324094,ACTIVE
3849,02345,532,SBODS4,731384,ACTIVE
3850,20815,985,CAGEN,293596,ACTIVE
3851,14171,636,SBBAS2,115529,ACTIVE
3852,2714,449,TD001,953252,ACTIVE
3853,00244,928,TD001,828264,ACTIVE
3854,17980,501,SBBAS2,386246,ACTIVE
3855,21523,780,SBBAS2,31991,ACTIVE
3856,03093,966,TD001,559716,ACTIVE
3857,41024,568,SB101,865834,ACTIVE
3858,00325,701,TD003,269629,ACTIVE
3859,50869,930,CA0033,708427,ACTIVE
3860,00432,546,SBCHQ,401605,ACTIVE
3861,00325,213,SBCHQ,394966,ACTIVE
3862,00656,377,SBODS4,172463,ACTIVE
3863,00382,787,SBBAS2,493723,ACTIVE
3864,00978,525,CA0033,705505,ACTIVE
3865,01278,933,TD003,728821,ACTIVE
3866,04187,362,SBODS4,82763,ACTIVE
3867,16789,151,CAGEN,377969,ACTIVE
3868,1675,677,SBBAS2,786204,ACTIVE
3869,01045,721,SBBAS2,17108,ACTIVE
3870,21803,640,SB101,892927,ACTIVE
3871,05744,772,CAGEN,906978,ACTIVE
3872,31277,36,SB101,109015,ACTIVE
3873,11723,314,CACOL,950042,ACTIVE
3874,21625,539,SBODS4,261126,ACTIVE
3875,11660,190,CACOL,317651,ACTIVE
3876,04816,937,SBGEN,626486,ACTIVE
3877,20591,823,CACOL,407475,ACTIVE
3878,00234,828,CACOL,371767,ACTIVE
3879,00325,329,CA0033,561454,ACTIVE
3880,00301,274,TD002,106192,ACTIVE
3881,61020,588,SBCHQ,538378,ACTIVE
3882,00478,152,SBBAS2,697287,ACTIVE
3883,01345,678,CACOL,757350,ACTIVE
3884,00678,307,TD003,967349,ACTIVE
3885,00745,896,SBODS4,753800,ACTIVE
3886,00745,235,SB101,622260,ACTIVE
3887,21067,634,TD002,573520,ACTIVE
3888,00656,809,SBODS4,681407,ACTIVE
3889,03093,646,SB101,279550,ACTIVE
3890,21240,274,SBBAS2,365714,ACTIVE
3891,21213,983,CA0033,711573,ACTIVE
3892,04567,627,CA0033,777016,ACTIVE
3893,00234,251,SBODS4,771405,ACTIVE
3894,00765,943,CA0033,192678,ACTIVE
3895,00751,744,CACOL,355403,ACTIVE
3896,15678,882,SBGEN,863958,ACTIVE
3897,00123,336,SBCHQ,314061,ACTIVE
3898,02786,700,TD003,295744,ACTIVE
3899,00212,194,CAGEN,509402,ACTIVE
3900,00613,218,TD001,831825,ACTIVE
3901,00941,635,SBGEN,782806,ACTIVE
3902,6854,126,CACOL,290254,ACTIVE
3903,14158,620,SBCHQ,109837,ACTIVE
3904,20815,998,TD002,631299,ACTIVE
3905,00325,229,SBGEN,813792,ACTIVE
3906,00945,216,CA0033,594054,ACTIVE
3907,00678,884,SBBAS2,672079,ACTIVE
3908,18849,533,CA0033,884134,ACTIVE
3909,05061,192,CACOL,56288,ACTIVE
3910,15069,31,SBBAS2,565817,ACTIVE
3911,00342,390,CA0033,986763,ACTIVE
3912,00912,301,SB101,227619,ACTIVE
3913,41024,531,SBBAS2,17128,ACTIVE
3914,02696,73,TD001,246618,ACTIVE
3915,01234,926,SBGEN,778782,ACTIVE
3916,21406,36,CACOL,154097,ACTIVE
3917,00267,379,SBBAS2,22814,ACTIVE
3918,04816,542,SBBAS2,196818,ACTIVE
3919,00867,307,SB101,394297,ACTIVE
3920,16528,202,SBODS4,359842,ACTIVE
3921,00912,781,SB101,231668,ACTIVE
3922,10123,696,CAGEN,323614,ACTIVE
3923,01378,143,CAGEN,785875,ACTIVE
3924,00612,794,SB101,852601,ACTIVE
3925,14681,25,SBCHQ,312530,ACTIVE
3926,1676,10,SBCHQ,193151,ACTIVE
3927,18849,305,CA0033,26648,ACTIVE
3928,00800,949,SBGEN,565888,ACTIVE
3929,21284,553,SBCHQ,781950,ACTIVE
3930,00977,25,CAGEN,620552,ACTIVE
3931,3026,821,TD003,601762,ACTIVE
3932,01145,915,TD002,77018,ACTIVE
3933,14158,247,CA0033,598212,ACTIVE
3934,41024,68,SBGEN,779363,ACTIVE
3935,20815,605,CACOL,929125,ACTIVE
3936,1676,622,TD002,489384,ACTIVE
3937,00255,131,SBBAS2,474895,ACTIVE
3938,21612,405,TD003,23477,ACTIVE
3939,18849,814,CACOL,263482,ACTIVE
3940,30273,404,CAGEN,246772,ACTIVE
3941,00534,482,CA0033,541806,ACTIVE
3942,21803,798,CA0033,632574,ACTIVE
3943,14567,938,CAGEN,470384,ACTIVE
3944,00977,614,SBODS4,988636,ACTIVE
3945,00244,123,CAGEN,258334,ACTIVE
3946,21213,33,SBCHQ,984867,ACTIVE
3947,06789,744,CA0033,130491,ACTIVE
3948,30273,979,SBCHQ,374749,ACTIVE
3949,20984,870,TD002,71675,ACTIVE
3950,21792,346,SBODS4,267339,ACTIVE
3951,21651,453,TD001,537463,ACTIVE
3952,14681,566,TD002,788782,ACTIVE
3953,00654,741,CA0033,283014,ACTIVE
3954,01378,924,TD002,123725,ACTIVE
3955,18849,378,TD001,792990,ACTIVE
3956,02345,835,TD003,695549,ACTIVE
3957,00399,342,CACOL,196554,ACTIVE
3958,00478,254,CACOL,200876,ACTIVE
3959,00342,130,SBGEN,582148,ACTIVE
3960,00382,474,SBBAS2,282450,ACTIVE
3961,20963,434,CAGEN,973375,ACTIVE
3962,50784,385,CAGEN,670223,ACTIVE
3963,18901,194,SBCHQ,142977,ACTIVE
3964,01045,713,TD001,924327,ACTIVE
3965,1980,413,SBBAS2,305765,ACTIVE
3966,00156,677,TD003,184603,ACTIVE
3967,21210,55,SBCHQ,588526,ACTIVE
3968,00711,920,CA0033,86385,ACTIVE
3969,02345,232,CACOL,729959,ACTIVE
3970,60007,44,SB101,665516,ACTIVE
3971,21279,651,SB101,716861,ACTIVE
3972,21554,259,TD002,812629,ACTIVE
3973,19012,154,SBGEN,575149,ACTIVE
3974,00941,138,TD003,625288,ACTIVE
3975,11660,191,SBGEN,43582,ACTIVE
3976,01234,131,CAGEN,952834,ACTIVE
3977,00201,788,SBBAS2,644133,ACTIVE
3978,03456,631,CA0033,411285,ACTIVE
3979,01173,453,SB101,757906,ACTIVE
3980,00301,750,SBGEN,72390,ACTIVE
3981,16383,332,CAGEN,34599,ACTIVE
3982,14826,187,TD002,864235,ACTIVE
3983,00891,260,TD001,707367,ACTIVE
3984,00978,607,CA0033,20213,ACTIVE
3985,00634,580,TD001,445373,ACTIVE
3986,21205,469,TD003,22727,ACTIVE
3987,06789,135,CA0033,830635,ACTIVE
3988,15248,845,SBODS4,363931,ACTIVE
3989,00201,275,SBGEN,305305,ACTIVE
3990,14158,692,CA0033,58753,ACTIVE
3991,00765,577,CA0033,24238,ACTIVE
3992,00599,186,CACOL,631334,ACTIVE
3993,00399,267,SBODS4,283476,ACTIVE
3994,21289,59,CA0033,626806,ACTIVE
3995,00551,758,CAGEN,76604,ACTIVE
3996,14567,490,TD002,971372,ACTIVE
3997,20847,272,SBGEN,181500,ACTIVE
3998,01112,361,TD003,601468,ACTIVE
3999,61020,350,SBCHQ,879817,ACTIVE
4000,01212,947,CACOL,317969,ACTIVE
4001,01512,16,TD002,733128,ACTIVE
4002,15248,568,SBBAS2,239089,ACTIVE
4003,00978,485,CA0033,352131,ACTIVE
4004,20123,625,CA0033,880141,ACTIVE
4005,04187,857,TD001,394177,ACTIVE
4006,00201,668,SBGEN,575353,ACTIVE
4007,6854,567,TD002,596765,ACTIVE
4008,1675,434,CAGEN,652477,ACTIVE
4009,21612,934,SBGEN,721685,ACTIVE
4010,00382,891,SBCHQ,680038,ACTIVE
4011,00634,766,CACOL,751527,ACTIVE
4012,50784,280,CAGEN,499881,ACTIVE
4013,21205,646,SBGEN,893450,ACTIVE
4014,20591,30,SBODS4,816458,ACTIVE
4015,03456,206,CACOL,331817,ACTIVE
4016,12345,480,SBBAS2,111279,ACTIVE
4017,00599,745,TD001,970662,ACTIVE
4018,01312,881,CA0033,372095,ACTIVE
4019,14158,746,CACOL,99977,ACTIVE
4020,00799,806,TD001,546095,ACTIVE
4021,03456,985,TD003,221522,ACTIVE
4022,1195,876,CACOL,585478,ACTIVE
4023,01234,937,TD003,109629,ACTIVE
4024,00745,286,CA0033,581761,ACTIVE
4025,11121,960,TD002,528520,ACTIVE
4026,00613,873,CA0033,139766,ACTIVE
4027,05061,122,TD003,852611,ACTIVE
4028,13456,40,TD002,370270,ACTIVE
4029,00765,896,TD003,856904,ACTIVE
4030,00998,549,TD001,328021,ACTIVE
4031,50782,260,SB101,152385,ACTIVE
4032,21554,802,SB101,153773,ACTIVE
4033,60159,56,TD003,439591,ACTIVE
4034,10123,302,TD003,710832,ACTIVE
4035,01012,128,SBODS4,245984,ACTIVE
4036,00454,844,SBGEN,825541,ACTIVE
4037,01245,441,CA0033,574392,ACTIVE
4038,00867,436,TD002,752542,ACTIVE
4039,00745,960,SBBAS2,479982,ACTIVE
4040,00978,164,CACOL,36424,ACTIVE
4041,14826,29,CA0033,608774,ACTIVE
4042,11723,645,CACOL,396451,ACTIVE
4043,31277,460,TD003,780602,ACTIVE
4044,01378,404,SBODS4,374642,ACTIVE
4045,00412,74,TD001,650740,ACTIVE
4046,14166,438,SB101,654706,ACTIVE
4047,00311,971,SB101,969787,ACTIVE
4048,01112,572,CAGEN,508547,ACTIVE
4049,13456,954,SBCHQ,93899,ACTIVE
4050,00691,577,TD002,401475,ACTIVE
4051,04187,925,CAGEN,513611,ACTIVE
4052,00751,446,SBODS4,203274,ACTIVE
4053,00542,890,TD001,667916,ACTIVE
4054,3026,348,SB101,238156,ACTIVE
4055,00844,328,SBODS4,905744,ACTIVE
4056,00978,14,SB101,496787,ACTIVE
4057,61020,99,SB101,171940,ACTIVE
4058,14567,866,SBBAS2,712025,ACTIVE
4059,12960,445,SB101,970374,ACTIVE
4060,05364,609,SBODS4,726137,ACTIVE
4061,20963,622,CA0033,870087,ACTIVE
4062,00876,970,SBCHQ,495142,ACTIVE
4063,13456,938,CACOL,686820,ACTIVE
4064,20963,43,TD002,868680,ACTIVE
4065,00293,217,TD001,246582,ACTIVE
4066,21861,497,CACOL,590251,ACTIVE
4067,00201,405,CAGEN,103065,ACTIVE
4068,00856,502,TD001,144569,ACTIVE
4069,01112,493,SBCHQ,894866,ACTIVE
4070,01278,536,CA0033,366633,ACTIVE
4071,01278,237,TD002,544859,ACTIVE
4072,31277,614,TD003,609324,ACTIVE
4073,16383,874,SBGEN,144202,ACTIVE
4074,21523,869,CA0033,210041,ACTIVE
4075,00182,758,CA0033,310479,ACTIVE
4076,04187,753,SB101,222970,ACTIVE
4077,00112,797,SBODS4,846337,ACTIVE
4078,2714,387,TD003,546356,ACTIVE
4079,18294,235,TD001,570744,ACTIVE
4080,00201,771,SB101,841904,ACTIVE
4081,00912,139,TD003,438864,ACTIVE
4082,01045,680,SBCHQ,385656,ACTIVE
4083,18901,33,SBBAS2,903798,ACTIVE
4084,00478,560,TD002,490442,ACTIVE
4085,00311,772,SBODS4,73446,ACTIVE
4086,00876,765,TD001,275002,ACTIVE
4087,21424,535,CAGEN,898648,ACTIVE
4088,14681,555,CAGEN,724999,ACTIVE
4089,14171,119,CAGEN,458925,ACTIVE
4090,40769,295,SB101,120112,ACTIVE
4091,01112,916,SBBAS2,420429,ACTIVE
4092,16789,573,TD002,123639,ACTIVE
4093,00788,297,SBODS4,43840,ACTIVE
4094,21424,87,CACOL,267256,ACTIVE
4095,02786,296,CAGEN,716209,ACTIVE
4096,21523,317,SBGEN,403527,ACTIVE
4097,00977,640,SB101,828108,ACTIVE
4098,21251,753,SBBAS2,962428,ACTIVE
4099,60007,202,CA0033,584583,ACTIVE
4100,21007,879,SB101,578990,ACTIVE
4101,05364,412,TD001,885940,ACTIVE
4102,21516,122,TD001,492197,ACTIVE
4103,00799,560,CACOL,955923,ACTIVE
4104,00293,467,TD003,869762,ACTIVE
4105,15306,393,CAGEN,184646,ACTIVE
4106,11119,455,CA0033,423585,ACTIVE
4107,20984,331,SBODS4,512725,ACTIVE
4108,13279,999,SB101,644297,ACTIVE
4109,21406,699,SB101,190018,ACTIVE
4110,03456,417,SB101,380716,ACTIVE
4111,21406,658,TD001,210762,ACTIVE
4112,20507,873,CA0033,163524,ACTIVE
4113,06789,191,SBBAS2,403550,ACTIVE
4114,00213,155,SBGEN,80660,ACTIVE
4115,00799,802,SBCHQ,520837,ACTIVE
4116,10123,615,SBCHQ,578175,ACTIVE
4117,00654,637,TD001,326774,ACTIVE
4118,07890,314,SBGEN,886826,ACTIVE
4119,00613,765,TD002,479645,ACTIVE
4120,18849,987,SBCHQ,690159,ACTIVE
4121,02696,870,SBCHQ,243475,ACTIVE
4122,21424,516,TD001,476867,ACTIVE
4123,00945,118,CAGEN,342147,ACTIVE
4124,21651,858,SBCHQ,430842,ACTIVE
4125,01045,490,SB101,643081,ACTIVE
4126,61020,80,CACOL,246740,ACTIVE
4127,00912,528,CA0033,118690,ACTIVE
4128,20847,659,SBODS4,445391,ACTIVE
4129,05061,271,SBODS4,941788,ACTIVE
4130,16383,131,SBCHQ,155258,ACTIVE
4131,17921,593,TD002,933039,ACTIVE
4132,00156,4,SBBAS2,594907,ACTIVE
4133,01312,453,CAGEN,832293,ACTIVE
4134,17921,41,CA0033,539722,ACTIVE
4135,00889,146,SB101,503960,ACTIVE
4136,11119,733,SB101,955861,ACTIVE
4137,01234,710,SB101,195618,ACTIVE
4138,05061,628,SBGEN,772620,ACTIVE
4139,00941,345,TD001,499436,ACTIVE
4140,00891,238,TD001,856482,ACTIVE
4141,18901,266,CA0033,935172,ACTIVE
4142,30142,395,TD002,492965,ACTIVE
4143,01445,329,TD001,489095,ACTIVE
4144,21523,785,TD001,105917,ACTIVE
4145,03456,589,TD002,165806,ACTIVE
4146,01178,580,CAGEN,3849,ACTIVE
4147,00711,665,SBGEN,401797,ACTIVE
4148,70649,81,SBBAS2,583067,ACTIVE
4149,01512,12,SB101,258755,ACTIVE
4150,18779,151,CACOL,544305,ACTIVE
4151,00692,602,SBCHQ,936040,ACTIVE
4152,05744,486,SB101,629649,ACTIVE
4153,00551,103,CAGEN,661470,ACTIVE
4154,16959,17,SBCHQ,757594,ACTIVE
4155,00213,135,SBGEN,912350,ACTIVE
4156,14166,547,TD001,691755,ACTIVE
4157,01441,713,TD003,69351,ACTIVE
4158,15306,98,TD001,797928,ACTIVE
4159,21213,211,TD003,576814,ACTIVE
4160,15069,84,TD001,630285,ACTIVE
4161,21516,660,SBGEN,618619,ACTIVE
4162,15678,730,TD002,519499,ACTIVE
4163,21213,439,SBCHQ,939400,ACTIVE
4164,20795,74,CA0033,866514,ACTIVE
4165,00334,942,TD002,785628,ACTIVE
4166,00856,190,TD001,750165,ACTIVE
4167,00334,852,SBGEN,481565,ACTIVE
4168,20507,620,CA0033,9181,ACTIVE
4169,21803,379,CAGEN,507324,ACTIVE
4170,00123,695,TD003,48209,ACTIVE
4171,00255,477,SBODS4,7871,ACTIVE
4172,05678,59,CAGEN,158141,ACTIVE
4173,21424,940,SBBAS2,199922,ACTIVE
4174,14158,652,TD002,34157,ACTIVE
4175,21205,642,CA0033,474026,ACTIVE
4176,00723,571,TD003,327675,ACTIVE
4177,00723,264,TD003,135919,ACTIVE
4178,11119,108,CA0033,442928,ACTIVE
4179,00421,735,SBCHQ,238902,ACTIVE
4180,21007,195,TD001,366641,ACTIVE
4181,00123,591,CAGEN,210238,ACTIVE
4182,00399,562,TD003,356134,ACTIVE
4183,50784,210,TD003,636249,ACTIVE
4184,00234,164,CA0033,364256,ACTIVE
4185,11119,318,CAGEN,374545,ACTIVE
4186,21752,399,SBGEN,427476,ACTIVE
4187,00978,563,CACOL,184347,ACTIVE
4188,03456,624,TD002,788151,ACTIVE
4189,00512,305,CA0033,433781,ACTIVE
4190,00301,135,TD001,963759,ACTIVE
4191,20998,976,SBODS4,121811,ACTIVE
4192,21184,815,SB101,792531,ACTIVE
4193,12960,158,CACOL,136513,ACTIVE
4194,00267,764,TD001,882783,ACTIVE
4195,06789,29,TD002,204692,ACTIVE
4196,01312,463,TD001,515409,ACTIVE
4197,00844,29,TD002,206451,ACTIVE
4198,01245,269,CAGEN,562438,ACTIVE
4199,14567,442,SBBAS2,998815,ACTIVE
4200,00823,92,SBGEN,415477,ACTIVE
4201,00542,74,SBCHQ,311125,ACTIVE
4202,1980,473,SBODS4,30524,ACTIVE
4203,21612,279,SBODS4,73396,ACTIVE
4204,00856,563,CACOL,988180,ACTIVE
4205,11121,190,TD003,901752,ACTIVE
4206,01478,590,SBCHQ,372765,ACTIVE
4207,01078,735,CACOL,210530,ACTIVE
4208,21213,624,TD001,975844,ACTIVE
4209,04816,127,CA0033,280151,ACTIVE
4210,15069,12,SBODS4,354338,ACTIVE
4211,20847,274,CAGEN,863650,ACTIVE
4212,00123,684,SBBAS2,501560,ACTIVE
4213,00678,265,CA0033,541426,ACTIVE
4214,21523,611,TD001,801846,ACTIVE
4215,21406,409,CA0033,812534,ACTIVE
4216,11121,315,SBCHQ,896824,ACTIVE
4217,21516,948,CACOL,478526,ACTIVE
4218,00311,58,CA0033,666758,ACTIVE
4219,16959,818,CAGEN,689637,ACTIVE
4220,17980,627,SBBAS2,540499,ACTIVE
4221,05678,682,SB101,824792,ACTIVE
4222,21752,526,SBBAS2,965290,ACTIVE
4223,00977,955,TD001,545320,ACTIVE
4224,01478,949,SB101,896432,ACTIVE
4225,00543,48,SBODS4,462803,ACTIVE
4226,00977,798,SBGEN,738997,ACTIVE
4227,01412,953,CA0033,565943,ACTIVE
4228,2714,174,SBODS4,383367,ACTIVE
4229,21205,909,CACOL,566755,ACTIVE
4230,21205,300,TD001,111665,ACTIVE
4231,03456,435,TD003,259139,ACTIVE
4232,02786,491,TD001,636014,ACTIVE
4233,21284,858,SBCHQ,100679,ACTIVE
4234,21289,927,SBBAS2,140206,ACTIVE
4235,06789,962,SBODS4,93362,ACTIVE
4236,00912,415,TD003,381366,ACTIVE
4237,14166,168,CAGEN,130523,ACTIVE
4238,00293,960,SBODS4,907436,ACTIVE
4239,00901,598,CACOL,969162,ACTIVE
4240,1675,406,CACOL,827913,ACTIVE
4241,16789,639,CACOL,642960,ACTIVE
4242,00856,562,SBCHQ,475792,ACTIVE
4243,01234,449,CAGEN,331302,ACTIVE
4244,60159,773,CAGEN,169399,ACTIVE
4245,00998,749,SBCHQ,14324,ACTIVE
4246,50869,389,CAGEN,791258,ACTIVE
4247,1980,572,TD003,741326,ACTIVE
4248,00412,973,TD003,637848,ACTIVE
4249,06789,925,TD002,123928,ACTIVE
4250,02345,749,CAGEN,661832,ACTIVE
4251,00978,662,SB101,18269,ACTIVE
4252,00751,391,TD002,797968,ACTIVE
4253,02786,263,SBODS4,24694,ACTIVE
4254,01145,173,SBODS4,184159,ACTIVE
4255,06789,719,TD002,264363,ACTIVE
4256,01412,426,TD001,881442,ACTIVE
4257,2714,679,CACOL,512659,ACTIVE
4258,00325,471,SB101,121687,ACTIVE
4259,00282,150,TD003,148278,ACTIVE
4260,00182,45,SBBAS2,913419,ACTIVE
4261,01145,279,TD003,853282,ACTIVE
4262,00491,503,SBODS4,679992,ACTIVE
4263,00123,664,CAGEN,51742,ACTIVE
4264,03456,231,SBODS4,274483,ACTIVE
4265,00112,39,TD001,555638,ACTIVE
4266,01445,259,CACOL,486099,ACTIVE
4267,20963,558,CAGEN,457479,ACTIVE
4268,01278,960,CA0033,109815,ACTIVE
4269,00800,826,CA0033,809634,ACTIVE
4270,00301,535,SBODS4,931721,ACTIVE
4271,14567,954,CA0033,540231,ACTIVE
4272,21792,811,SBCHQ,855716,ACTIVE
4273,20998,445,SBODS4,325554,ACTIVE
4274,00112,142,TD002,593898,ACTIVE
4275,00998,89,SB101,447522,ACTIVE
4276,00551,535,TD002,39485,ACTIVE
4277,00692,394,CACOL,733433,ACTIVE
4278,00823,424,TD001,553982,ACTIVE
4279,15069,881,SBODS4,912199,ACTIVE
4280,21424,370,TD001,31710,ACTIVE
4281,20507,986,SBCHQ,913721,ACTIVE
4282,61020,927,TD003,228811,ACTIVE
4283,00512,56,SBCHQ,532564,ACTIVE
4284,00282,458,CA0033,640720,ACTIVE
4285,50782,452,TD001,965022,ACTIVE
4286,00612,104,TD001,890656,ACTIVE
4287,21516,521,SB101,675850,ACTIVE
4288,11723,672,TD003,97230,ACTIVE
4289,3026,739,TD002,25019,ACTIVE
4290,09012,713,CACOL,993502,ACTIVE
4291,00491,388,SBODS4,411586,ACTIVE
4292,20507,314,TD003,521909,ACTIVE
4293,00123,868,CAGEN,748955,ACTIVE
4294,00978,280,SBODS4,127179,ACTIVE
4295,00889,944,TD001,956064,ACTIVE
4296,21625,323,TD003,329884,ACTIVE
4297,14826,215,TD001,123656,ACTIVE
4298,00543,24,TD001,136645,ACTIVE
4299,00267,802,SB101,741996,ACTIVE
4300,00978,610,TD001,92181,ACTIVE
4301,00901,836,SB101,297641,ACTIVE
4302,05061,99,CA0033,367973,ACTIVE
4303,00912,41,SBGEN,834466,ACTIVE
4304,05364,985,TD002,319232,ACTIVE
4305,11234,301,TD003,255335,ACTIVE
4306,20507,672,CAGEN,498309,ACTIVE
4307,21251,200,CA0033,621176,ACTIVE
4308,02786,688,CACOL,899779,ACTIVE
4309,01173,398,SBCHQ,785699,ACTIVE
4310,05678,244,SBODS4,757096,ACTIVE
4311,40769,732,CACOL,904975,ACTIVE
4312,10123,597,TD001,66614,ACTIVE
4313,00551,975,TD002,762495,ACTIVE
4314,15069,465,SBCHQ,259138,ACTIVE
4315,21861,828,SBGEN,981406,ACTIVE
4316,01145,487,TD002,129771,ACTIVE
4317,21803,101,TD003,517008,ACTIVE
4318,21251,5,CAGEN,945795,ACTIVE
4319,21554,335,TD002,698421,ACTIVE
4320,15071,449,SBCHQ,864044,ACTIVE
4321,00412,140,CACOL,989874,ACTIVE
4322,20963,495,TD001,104547,ACTIVE
4323,30142,506,SB101,175258,ACTIVE
4324,00745,196,SBCHQ,126451,ACTIVE
4325,00812,184,SBGEN,136429,ACTIVE
4326,00567,626,CAGEN,451090,ACTIVE
4327,00745,251,TD001,673922,ACTIVE
4328,21651,841,CA0033,730193,ACTIVE
4329,01445,277,SBCHQ,21178,ACTIVE
4330,00889,148,SB101,415161,ACTIVE
4331,20507,468,SBCHQ,435934,ACTIVE
4332,13279,652,SBODS4,242544,ACTIVE
4333,21061,250,CA0033,450971,ACTIVE
4334,12345,313,CACOL,981975,ACTIVE
4335,01112,814,TD001,194035,ACTIVE
4336,00812,164,SBODS4,910130,ACTIVE
4337,21752,930,SB101,502882,ACTIVE
4338,01312,843,SBBAS2,607091,ACTIVE
4339,21240,276,TD001,385463,ACTIVE
4340,01173,10,CA0033,330097,ACTIVE
4341,18849,405,CAGEN,353576,ACTIVE
4342,21792,276,SBCHQ,753742,ACTIVE
4343,00800,599,SB101,80056,ACTIVE
4344,21007,922,SBODS4,510297,ACTIVE
4345,01345,546,SBCHQ,965664,ACTIVE
4346,00412,212,CAGEN,368987,ACTIVE
4347,03456,845,TD002,548863,ACTIVE
4348,01245,564,SBBAS2,332019,ACTIVE
4349,20507,802,TD002,490875,ACTIVE
4350,21792,854,SB101,793233,ACTIVE
4351,20591,130,TD003,160841,ACTIVE
4352,00325,868,TD003,792402,ACTIVE
4353,01378,493,SBBAS2,741087,ACTIVE
4354,00613,349,TD002,741223,ACTIVE
4355,01145,845,TD003,152940,ACTIVE
4356,18901,28,SB101,834790,ACTIVE
4357,04567,121,TD002,477022,ACTIVE
4358,00613,966,CAGEN,136065,ACTIVE
4359,1980,387,SBBAS2,531551,ACTIVE
4360,00654,98,SBGEN,212503,ACTIVE
4361,00844,601,SBODS4,364856,ACTIVE
4362,00634,15,SBCHQ,365851,ACTIVE
4363,21651,22,CACOL,370947,ACTIVE
4364,00213,368,TD003,8541,ACTIVE
4365,00711,421,TD001,314131,ACTIVE
4366,41024,567,SBBAS2,681414,ACTIVE
4367,1980,627,CA0033,875481,ACTIVE
4368,30273,910,TD003,427898,ACTIVE
4369,50784,619,SBODS4,572569,ACTIVE
4370,11660,283,CAGEN,299207,ACTIVE
4371,40769,991,TD003,829394,ACTIVE
4372,60007,690,CACOL,141583,ACTIVE
4373,00751,175,SB101,590416,ACTIVE
4374,21184,670,CAGEN,196728,ACTIVE
4375,15069,336,CAGEN,349181,ACTIVE
4376,01245,247,SBGEN,929197,ACTIVE
4377,00945,36,SBGEN,769370,ACTIVE
4378,01178,576,CACOL,618422,ACTIVE
4379,21752,439,CACOL,78515,ACTIVE
4380,00844,134,CAGEN,379550,ACTIVE
4381,00977,65,SBGEN,279805,ACTIVE
4382,08901,591,SBCHQ,469965,ACTIVE
4383,21279,758,SBBAS2,808911,ACTIVE
4384,00301,795,CAGEN,184943,ACTIVE
4385,00399,823,SBODS4,553906,ACTIVE
4386,21651,742,CAGEN,687988,ACTIVE
4387,15678,855,TD001,909919,ACTIVE
4388,00156,203,SBGEN,195968,ACTIVE
4389,2714,218,SBODS4,68555,ACTIVE
4390,09012,497,SBCHQ,986124,ACTIVE
4391,01312,197,TD001,497007,ACTIVE
4392,00156,879,SBGEN,733708,ACTIVE
4393,17980,90,CACOL,236528,ACTIVE
4394,00234,611,SBBAS2,579550,ACTIVE
4395,21249,935,SBODS4,462008,ACTIVE
4396,00977,330,CA0033,816856,ACTIVE
4397,06789,627,CAGEN,511331,ACTIVE
4398,00711,525,CAGEN,508259,ACTIVE
4399,15306,540,SBCHQ,675865,ACTIVE
4400,05061,956,TD003,486936,ACTIVE
4401,01441,836,SBBAS2,512648,ACTIVE
4402,00765,986,CACOL,486491,ACTIVE
4403,20815,659,SBCHQ,99681,ACTIVE
4404,60156,111,TD001,541134,ACTIVE
4405,01145,280,CACOL,37350,ACTIVE
4406,00421,428,SBODS4,448409,ACTIVE
4407,00551,830,CAGEN,199196,ACTIVE
4408,02696,576,SBGEN,5588,ACTIVE
4409,20815,347,CACOL,37287,ACTIVE
4410,01234,575,TD002,761928,ACTIVE
4411,01145,387,SBCHQ,679125,ACTIVE
4412,00543,347,SBBAS2,291615,ACTIVE
4413,00977,469,SB101,272383,ACTIVE
4414,01412,854,SBBAS2,198246,ACTIVE
4415,21279,797,SBODS4,726948,ACTIVE
4416,00512,451,SBBAS2,431486,ACTIVE
4417,14158,136,SBGEN,648414,ACTIVE
4418,00634,608,SBBAS2,519226,ACTIVE
4419,00844,434,TD003,5007,ACTIVE
4420,21007,447,CA0033,403271,ACTIVE
4421,01412,442,SB101,801288,ACTIVE
4422,1195,167,SBODS4,861613,ACTIVE
4423,00978,948,CACOL,649181,ACTIVE
4424,00201,610,SBBAS2,983563,ACTIVE
4425,00267,129,SBBAS2,986508,ACTIVE
4426,50869,266,SB101,566963,ACTIVE
4427,17980,178,SBBAS2,732476,ACTIVE
4428,21213,938,CACOL,550433,ACTIVE
4429,02696,377,SB101,461824,ACTIVE
4430,00634,988,SBCHQ,604642,ACTIVE
4431,00844,117,TD002,245727,ACTIVE
4432,21516,515,SB101,681665,ACTIVE
4433,14171,24,SBGEN,597244,ACTIVE
4434,21792,328,CAGEN,484686,ACTIVE
4435,17980,661,TD002,539780,ACTIVE
4436,21240,627,SB101,628177,ACTIVE
4437,17921,285,CACOL,70361,ACTIVE
4438,17980,270,SBBAS2,236048,ACTIVE
4439,6854,423,CAGEN,603078,ACTIVE
4440,20847,723,CAGEN,103714,ACTIVE
4441,21210,610,SB101,355519,ACTIVE
4442,20963,494,SB101,686712,ACTIVE
4443,21651,825,SB101,260480,ACTIVE
4444,20963,53,CAGEN,885364,ACTIVE
4445,1675,508,SBCHQ,923742,ACTIVE
4446,1195,439,SB101,348797,ACTIVE
4447,05678,924,TD002,776895,ACTIVE
4448,21249,900,SBCHQ,626620,ACTIVE
4449,17980,639,CACOL,431077,ACTIVE
4450,00876,594,CAGEN,269752,ACTIVE
4451,1980,776,SBGEN,950418,ACTIVE
4452,11119,280,SBGEN,367512,ACTIVE
4453,21803,872,TD003,26757,ACTIVE
4454,02786,68,CAGEN,171690,ACTIVE
4455,14681,584,TD003,528711,ACTIVE
4456,04187,852,CA0033,186943,ACTIVE
4457,11121,157,SBBAS2,371343,ACTIVE
4458,00782,326,CA0033,152447,ACTIVE
4459,21400,261,SBODS4,363391,ACTIVE
4460,10123,452,CA0033,682692,ACTIVE
4461,12345,283,SBBAS2,382370,ACTIVE
4462,00876,404,SBBAS2,463549,ACTIVE
4463,00213,993,CACOL,899793,ACTIVE
4464,05061,851,SBGEN,706221,ACTIVE
4465,00977,990,SBCHQ,443716,ACTIVE
4466,2714,349,SB101,328449,ACTIVE
4467,00234,295,CA0033,179373,ACTIVE
4468,19012,910,SBBAS2,599971,ACTIVE
4469,14166,581,SBCHQ,435824,ACTIVE
4470,02696,546,SBODS4,256701,ACTIVE
4471,16528,159,TD002,479246,ACTIVE
4472,30142,150,SBCHQ,462534,ACTIVE
4473,05364,658,SB101,707842,ACTIVE
4474,20854,936,SBGEN,809967,ACTIVE
4475,61020,3,TD001,937093,ACTIVE
4476,00334,618,SB101,685302,ACTIVE
4477,01512,864,TD001,878409,ACTIVE
4478,00856,674,SBODS4,784687,ACTIVE
4479,00945,13,TD002,945460,ACTIVE
4480,00356,451,CA0033,210851,ACTIVE
4481,19012,119,CA0033,987879,ACTIVE
4482,01212,91,TD002,982246,ACTIVE
4483,00656,197,TD002,588514,ACTIVE
4484,20591,707,SBBAS2,803871,ACTIVE
4485,04816,664,SBCHQ,134049,ACTIVE
4486,04567,347,SBBAS2,458160,ACTIVE
4487,6854,967,SBCHQ,757202,ACTIVE
4488,00656,604,SBGEN,256983,ACTIVE
4489,21184,58,TD003,697190,ACTIVE
4490,17980,557,SBGEN,300863,ACTIVE
4491,00656,307,SBCHQ,901697,ACTIVE
4492,00342,308,SBODS4,124404,ACTIVE
4493,05678,771,SBGEN,927698,ACTIVE
4494,21406,309,CACOL,559990,ACTIVE
4495,00342,422,SB101,309838,ACTIVE
4496,00454,165,TD003,176046,ACTIVE
4497,21625,47,SBODS4,448845,ACTIVE
4498,00551,404,CA0033,412558,ACTIVE
4499,00876,188,TD002,497672,ACTIVE
4500,00613,989,TD003,888869,ACTIVE
4501,20847,713,CACOL,469427,ACTIVE
4502,20123,798,SB101,198220,ACTIVE
4503,20815,991,SBODS4,14165,ACTIVE
4504,00432,413,SBODS4,380258,ACTIVE
4505,20847,147,TD001,97832,ACTIVE
4506,61020,846,SBCHQ,367449,ACTIVE
4507,21249,229,SB101,595831,ACTIVE
4508,31277,684,SB101,317566,ACTIVE
4509,09012,696,SBODS4,380837,ACTIVE
4510,04567,162,SBCHQ,508392,ACTIVE
4511,01478,396,SBODS4,82491,ACTIVE
4512,20815,948,SBGEN,477037,ACTIVE
4513,50782,407,SBODS4,601854,ACTIVE
4514,14567,482,SB101,527321,ACTIVE
4515,13456,156,SBGEN,822120,ACTIVE
4516,00978,300,SB101,6381,ACTIVE
4517,00334,766,SBBAS2,425409,ACTIVE
4518,21205,335,TD002,329952,ACTIVE
4519,00156,608,CAGEN,873130,ACTIVE
4520,00182,907,TD002,558365,ACTIVE
4521,00282,92,CAGEN,93443,ACTIVE
4522,01045,398,SBBAS2,96679,ACTIVE
4523,00567,229,CACOL,797366,ACTIVE
4524,17890,422,TD002,615064,ACTIVE
4525,15069,768,SB101,870529,ACTIVE
4526,21651,852,CACOL,550014,ACTIVE
4527,03456,82,SBGEN,674677,ACTIVE
4528,21067,550,SBGEN,560721,ACTIVE
4529,15248,733,TD002,851030,ACTIVE
4530,00325,5,TD002,39688,ACTIVE
4531,21651,321,TD001,254928,ACTIVE
4532,01512,317,SB101,587698,ACTIVE
4533,21279,731,SBBAS2,431325,ACTIVE
4534,00234,916,SBGEN,219928,ACTIVE
4535,50784,514,TD001,243807,ACTIVE
4536,21279,662,SBODS4,240384,ACTIVE
4537,05744,805,TD001,452099,ACTIVE
4538,11723,266,CACOL,804428,ACTIVE
4539,60148,949,SBGEN,651226,ACTIVE
4540,16383,802,SBGEN,589511,ACTIVE
4541,20123,148,SBBAS2,448731,ACTIVE
4542,14171,382,SB101,264903,ACTIVE
4543,01445,25,SBODS4,774216,ACTIVE
4544,00691,804,SB101,979497,ACTIVE
4545,02696,132,SBODS4,806764,ACTIVE
4546,00567,757,CA0033,560198,ACTIVE
4547,15069,947,CACOL,355253,ACTIVE
4548,20123,2,TD001,67483,ACTIVE
4549,00234,619,CAGEN,292778,ACTIVE
4550,00421,219,SB101,835564,ACTIVE
4551,20984,684,SBCHQ,141992,ACTIVE
4552,60156,745,CA0033,898048,ACTIVE
4553,14171,821,CACOL,505108,ACTIVE
4554,17980,766,SBCHQ,404641,ACTIVE
4555,00613,474,CA0033,797994,ACTIVE
4556,00382,210,SBCHQ,599314,ACTIVE
4557,00901,810,CAGEN,474463,ACTIVE
4558,00382,270,TD003,283235,ACTIVE
4559,00634,793,CAGEN,914644,ACTIVE
4560,08901,437,CACOL,11921,ACTIVE
4561,21554,121,TD003,340935,ACTIVE
4562,1195,616,SBBAS2,320813,ACTIVE
4563,04567,973,TD001,645680,ACTIVE
4564,00799,721,SBODS4,976750,ACTIVE
4565,00213,19,TD002,588737,ACTIVE
4566,01178,237,CACOL,402104,ACTIVE
4567,20847,143,SB101,248902,ACTIVE
4568,11234,813,SB101,616005,ACTIVE
4569,18779,675,SB101,420689,ACTIVE
4570,21752,550,SB101,724081,ACTIVE
4571,20998,244,TD003,887802,ACTIVE
4572,15248,429,CAGEN,745528,ACTIVE
4573,00613,617,CACOL,790136,ACTIVE
4574,01478,353,CA0033,774667,ACTIVE
4575,18779,672,TD003,16696,ACTIVE
4576,21651,685,SBCHQ,878797,ACTIVE
4577,14826,976,CACOL,659789,ACTIVE
4578,00800,698,CACOL,908713,ACTIVE
4579,01045,459,CAGEN,397025,ACTIVE
4580,17980,192,CACOL,632232,ACTIVE
4581,00267,920,SBODS4,744344,ACTIVE
4582,6854,615,CACOL,72449,ACTIVE
4583,00373,145,TD001,484648,ACTIVE
4584,50784,204,SBODS4,320548,ACTIVE
4585,00534,626,TD002,591376,ACTIVE
4586,00255,985,TD002,197335,ACTIVE
4587,01078,720,SB101,357938,ACTIVE
4588,14171,363,SBODS4,852524,ACTIVE
4589,11723,878,SBODS4,940238,ACTIVE
4590,17890,461,CA0033,338070,ACTIVE
4591,01445,334,SBGEN,532491,ACTIVE
4592,20507,102,SBBAS2,383785,ACTIVE
4593,16959,649,SBCHQ,751674,ACTIVE
4594,41024,304,CACOL,519728,ACTIVE
4595,00889,969,TD002,849802,ACTIVE
4596,21861,735,SB101,911169,ACTIVE
4597,01512,663,TD003,302720,ACTIVE
4598,60007,407,TD002,593532,ACTIVE
4599,00356,239,CACOL,232660,ACTIVE
4600,00421,123,CAGEN,357609,ACTIVE
4601,00691,581,SB101,115331,ACTIVE
4602,13279,868,SB101,500806,ACTIVE
4603,08901,887,SB101,469858,ACTIVE
4604,1675,793,SBBAS2,310913,ACTIVE
4605,18849,512,SBGEN,73167,ACTIVE
4606,14171,434,SBGEN,970261,ACTIVE
4607,00751,446,TD003,297330,ACTIVE
4608,20795,929,CAGEN,218445,ACTIVE
4609,60148,91,SBODS4,432140,ACTIVE
4610,00901,911,TD001,347487,ACTIVE
4611,31346,997,CACOL,128526,ACTIVE
4612,14171,841,TD002,344646,ACTIVE
4613,00799,970,SBBAS2,297725,ACTIVE
4614,50784,689,TD002,23301,ACTIVE
4615,00255,764,TD003,568805,ACTIVE
4616,01012,557,SBCHQ,813404,ACTIVE
4617,01178,961,TD002,200660,ACTIVE
4618,00751,368,SB101,547190,ACTIVE
4619,00691,436,TD001,935267,ACTIVE
4620,01234,678,SBCHQ,806360,ACTIVE
4621,31346,176,CAGEN,617393,ACTIVE
4622,00421,215,CA0033,258173,ACTIVE
4623,12960,99,TD002,979587,ACTIVE
4624,00334,851,CA0033,979638,ACTIVE
4625,00634,639,TD001,390826,ACTIVE
4626,18901,67,SBODS4,166169,ACTIVE
4627,00123,77,SBGEN,743501,ACTIVE
4628,05364,453,TD002,991154,ACTIVE
4629,00244,378,CAGEN,866241,ACTIVE
4630,00613,249,TD002,984423,ACTIVE
4631,03456,195,TD003,93076,ACTIVE
4632,15071,297,CAGEN,914421,ACTIVE
4633,04567,823,TD001,739256,ACTIVE
4634,14166,797,TD003,683339,ACTIVE
4635,00656,180,SBODS4,249315,ACTIVE
4636,00998,625,TD003,402931,ACTIVE
4637,01178,261,CA0033,155265,ACTIVE
4638,00567,632,TD002,722026,ACTIVE
4639,21279,976,TD002,747708,ACTIVE
4640,20854,103,CAGEN,606031,ACTIVE
4641,00301,964,SBCHQ,149369,ACTIVE
4642,11234,146,SB101,279107,ACTIVE
4643,01445,699,TD003,391927,ACTIVE
4644,1676,596,CAGEN,805480,ACTIVE
4645,20815,795,SBODS4,455005,ACTIVE
4646,20998,309,SBBAS2,278903,ACTIVE
4647,01378,499,SBCHQ,16198,ACTIVE
4648,21061,471,SBGEN,888774,ACTIVE
4649,02696,45,SBCHQ,706314,ACTIVE
4650,10123,834,CA0033,840570,ACTIVE
4651,00613,442,SB101,354419,ACTIVE
4652,00654,79,TD003,247046,ACTIVE
4653,01345,667,SB101,252949,ACTIVE
4654,03456,293,SBODS4,611934,ACTIVE
4655,70649,504,CA0033,368529,ACTIVE
4656,00432,927,TD003,155748,ACTIVE
4657,21400,722,TD002,948153,ACTIVE
4658,00512,811,CAGEN,422677,ACTIVE
4659,50782,28,TD002,657804,ACTIVE
4660,01212,564,SBCHQ,846753,ACTIVE
4661,00421,203,SBGEN,363630,ACTIVE
4662,20123,908,CA0033,468005,ACTIVE
4663,00182,889,SBCHQ,629677,ACTIVE
4664,70649,523,SBBAS2,805547,ACTIVE
4665,04816,1,TD001,135695,ACTIVE
4666,40769,244,CA0033,326746,ACTIVE
4667,60159,560,CAGEN,783429,ACTIVE
4668,15248,307,CA0033,231253,ACTIVE
4669,18294,199,CA0033,206155,ACTIVE
4670,00678,889,TD002,604031,ACTIVE
4671,00711,10,SBODS4,736468,ACTIVE
4672,21651,184,CAGEN,449658,ACTIVE
4673,00325,720,CA0033,832148,ACTIVE
4674,21861,470,SBBAS2,419948,ACTIVE
4675,00613,630,TD002,968138,ACTIVE
4676,1675,139,TD003,271276,ACTIVE
4677,05678,953,CAGEN,891374,ACTIVE
4678,00112,251,SBODS4,195643,ACTIVE
4679,15248,372,CAGEN,68701,ACTIVE
4680,12960,442,SBGEN,615198,ACTIVE
4681,05061,357,TD001,357005,ACTIVE
4682,00542,828,CACOL,487212,ACTIVE
4683,08901,919,CA0033,633274,ACTIVE
4684,00977,695,CA0033,149446,ACTIVE
4685,00293,690,CACOL,563637,ACTIVE
4686,21400,5,TD003,492295,ACTIVE
4687,00765,713,SBBAS2,24198,ACTIVE
4688,20123,435,CA0033,939704,ACTIVE
4689,00654,963,SBODS4,399428,ACTIVE
4690,20847,180,TD001,497590,ACTIVE
4691,21651,694,SBCHQ,391903,ACTIVE
4692,00512,824,SBCHQ,19371,ACTIVE
4693,00551,418,SB101,122086,ACTIVE
4694,00812,225,CA0033,821949,ACTIVE
4695,00613,471,SBODS4,218837,ACTIVE
4696,00782,661,SBGEN,448386,ACTIVE
4697,16789,349,SBODS4,722183,ACTIVE
4698,21861,981,TD003,763372,ACTIVE
4699,00542,552,TD001,112728,ACTIVE
4700,21249,632,SBCHQ,338829,ACTIVE
4701,21651,991,TD001,778515,ACTIVE
4702,60007,20,SBBAS2,41979,ACTIVE
4703,21424,181,SBODS4,372333,ACTIVE
4704,00267,26,SB101,347892,ACTIVE
4705,13456,771,TD001,893097,ACTIVE
4706,00941,585,TD002,622709,ACTIVE
4707,00325,837,TD002,530260,ACTIVE
4708,21240,259,TD002,836629,ACTIVE
4709,00334,207,SBCHQ,260645,ACTIVE
4710,00856,616,CACOL,377759,ACTIVE
4711,00213,921,SBBAS2,47180,ACTIVE
4712,00234,594,SBBAS2,236902,ACTIVE
4713,1980,496,CA0033,589689,ACTIVE
4714,11119,104,TD002,887199,ACTIVE
4715,00244,311,SBGEN,362132,ACTIVE
4716,15248,845,TD002,301677,ACTIVE
4717,21424,75,CA0033,273744,ACTIVE
4718,21291,435,TD003,156852,ACTIVE
4719,00112,764,SB101,185908,ACTIVE
4720,00567,256,SBGEN,666179,ACTIVE
4721,13456,154,TD003,850754,ACTIVE
4722,40769,654,TD002,173761,ACTIVE
4723,18849,850,SBGEN,382672,ACTIVE
4724,00751,170,SBBAS2,112812,ACTIVE
4725,3026,979,SBCHQ,663291,ACTIVE
4726,17921,151,SB101,216339,ACTIVE
4727,16789,251,CACOL,932425,ACTIVE
4728,21523,302,SBGEN,716604,ACTIVE
4729,00800,431,SBCHQ,639389,ACTIVE
4730,00656,263,SBODS4,899686,ACTIVE
4731,15069,75,CAGEN,157108,ACTIVE
4732,01278,615,SBODS4,559658,ACTIVE
4733,07890,909,CAGEN,74296,ACTIVE
4734,1675,19,SBGEN,576463,ACTIVE
4735,21184,413,SBCHQ,26253,ACTIVE
4736,00182,778,TD002,47295,ACTIVE
4737,1980,21,SBGEN,902456,ACTIVE
4738,21284,365,SBGEN,686015,ACTIVE
4739,13456,150,TD002,326449,ACTIVE
4740,21279,653,SBCHQ,680113,ACTIVE
4741,04187,240,CA0033,709473,ACTIVE
4742,30273,407,SBGEN,259279,ACTIVE
4743,11119,814,SBODS4,695112,ACTIVE
4744,00382,641,CAGEN,850871,ACTIVE
4745,41024,572,CA0033,621678,ACTIVE
4746,00634,604,SBBAS2,507938,ACTIVE
4747,00912,30,SBCHQ,148183,ACTIVE
4748,01278,934,TD002,630687,ACTIVE
4749,01445,272,TD001,497626,ACTIVE
4750,00613,32,TD002,282171,ACTIVE
4751,31277,667,CAGEN,815689,ACTIVE
4752,20854,545,SBBAS2,378404,ACTIVE
4753,10123,164,CA0033,213688,ACTIVE
4754,20507,605,SBODS4,189566,ACTIVE
4755,00311,831,TD001,874102,ACTIVE
4756,16528,738,TD002,554797,ACTIVE
4757,01345,267,SBODS4,691415,ACTIVE
4758,40769,301,CAGEN,400116,ACTIVE
4759,00244,600,CA0033,829925,ACTIVE
4760,21007,721,SBCHQ,817728,ACTIVE
4761,21792,364,TD001,489664,ACTIVE
4762,20847,658,SBBAS2,870132,ACTIVE
4763,10123,611,SBGEN,396504,ACTIVE
4764,30142,635,SBBAS2,63393,ACTIVE
4765,1195,660,TD002,703399,ACTIVE
4766,20591,153,CACOL,335508,ACTIVE
4767,00711,660,SBCHQ,319344,ACTIVE
4768,00512,493,CAGEN,557871,ACTIVE
4769,08901,754,SB101,623916,ACTIVE
4770,21291,350,CAGEN,973622,ACTIVE
4771,15306,756,CAGEN,494323,ACTIVE
4772,00823,777,TD002,377685,ACTIVE
4773,00751,832,SBBAS2,729888,ACTIVE
4774,00551,822,CACOL,195593,ACTIVE
4775,00491,988,CA0033,280864,ACTIVE
4776,00692,824,SBBAS2,943463,ACTIVE
4777,05061,709,TD002,594560,ACTIVE
4778,15306,216,SB101,165294,ACTIVE
4779,00542,399,SBCHQ,568306,ACTIVE
4780,20854,738,TD003,233563,ACTIVE
4781,15678,953,TD002,399447,ACTIVE
4782,11119,243,SBCHQ,849754,ACTIVE
4783,00255,838,SBODS4,781990,ACTIVE
4784,21523,493,SBODS4,476410,ACTIVE
4785,01178,790,SBODS4,87699,ACTIVE
4786,3026,51,CACOL,886539,ACTIVE
4787,11660,275,TD003,316358,ACTIVE
4788,21424,436,CACOL,651089,ACTIVE
4789,05744,944,CACOL,332956,ACTIVE
4790,21861,627,TD003,226723,ACTIVE
4791,14166,51,TD002,109873,ACTIVE
4792,00856,652,TD002,409602,ACTIVE
4793,18294,605,TD003,222802,ACTIVE
4794,00723,197,SBODS4,146197,ACTIVE
4795,15306,77,CACOL,117296,ACTIVE
4796,16789,497,TD002,399432,ACTIVE
4797,21400,193,TD003,640275,ACTIVE
4798,11119,100,TD002,668096,ACTIVE
4799,11723,369,SBGEN,617620,ACTIVE
4800,21184,657,SB101,17984,ACTIVE
4801,15678,446,TD003,440668,ACTIVE
4802,15678,857,SB101,736297,ACTIVE
4803,20507,669,SBODS4,63445,ACTIVE
4804,00201,495,SB101,877118,ACTIVE
4805,00478,750,CAGEN,45106,ACTIVE
4806,00844,808,TD002,860816,ACTIVE
4807,21523,460,CACOL,267920,ACTIVE
4808,02796,84,SBBAS2,849550,ACTIVE
4809,70649,758,SBGEN,92767,ACTIVE
4810,01145,293,CACOL,356833,ACTIVE
4811,6854,545,CA0033,870063,ACTIVE
4812,00612,505,SB101,241358,ACTIVE
4813,21007,73,SBGEN,793048,ACTIVE
4814,00745,672,SB101,637965,ACTIVE
4815,18294,681,SBCHQ,334515,ACTIVE
4816,30273,249,CAGEN,193775,ACTIVE
4817,00599,920,TD001,248334,ACTIVE
4818,14681,422,SBODS4,76392,ACTIVE
4819,00844,611,CA0033,292649,ACTIVE
4820,00421,269,SB101,480234,ACTIVE
4821,00412,920,CA0033,96318,ACTIVE
4822,14681,629,SBODS4,763092,ACTIVE
4823,02796,83,TD002,535414,ACTIVE
4824,21625,332,TD003,606417,ACTIVE
4825,21067,440,SB101,100586,ACTIVE
4826,21289,995,CA0033,353081,ACTIVE
4827,01245,312,TD002,505219,ACTIVE
4828,01234,146,TD002,582021,ACTIVE
4829,05678,784,CACOL,833037,ACTIVE
4830,20854,598,TD003,120000,ACTIVE
4831,21803,936,TD003,786890,ACTIVE
4832,21612,353,CACOL,327222,ACTIVE
4833,04567,520,CAGEN,425198,ACTIVE
4834,00001,564,SBGEN,987694,ACTIVE
4835,11234,764,CAGEN,320853,ACTIVE
4836,21284,140,SBBAS2,81070,ACTIVE
4837,60159,221,TD003,781369,ACTIVE
4838,18779,300,TD001,136171,ACTIVE
4839,00634,302,SBODS4,296575,ACTIVE
4840,30273,981,CA0033,505277,ACTIVE
4841,20820,331,CAGEN,13464,ACTIVE
4842,00234,777,TD002,603357,ACTIVE
4843,00293,787,SBBAS2,940274,ACTIVE
4844,11121,209,TD001,549963,ACTIVE
4845,18901,93,SBCHQ,747230,ACTIVE
4846,00723,888,TD003,248863,ACTIVE
4847,20507,116,SBGEN,243745,ACTIVE
4848,01478,192,CACOL,867015,ACTIVE
4849,20998,527,SB101,583359,ACTIVE
4850,41024,418,TD002,45020,ACTIVE
4851,00901,176,SBGEN,731032,ACTIVE
4852,21213,579,CA0033,143467,ACTIVE
4853,00567,463,CA0033,78838,ACTIVE
4854,1195,558,CACOL,280427,ACTIVE
4855,00542,892,TD003,794183,ACTIVE
4856,00156,656,SBODS4,81765,ACTIVE
4857,03093,497,TD003,731455,ACTIVE
4858,00234,329,SB101,383745,ACTIVE
4859,00799,421,SBGEN,96441,ACTIVE
4860,20795,317,SBODS4,785203,ACTIVE
4861,11234,780,CACOL,434034,ACTIVE
4862,60156,323,CA0033,648931,ACTIVE
4863,06789,988,SBCHQ,451742,ACTIVE
4864,03093,606,CAGEN,306371,ACTIVE
4865,09012,574,SBGEN,993494,ACTIVE
4866,14158,508,SB101,103879,ACTIVE
4867,00800,646,SBCHQ,392834,ACTIVE
4868,00788,379,TD002,8989,ACTIVE
4869,00156,497,CACOL,902886,ACTIVE
4870,00800,318,SBODS4,823074,ACTIVE
4871,21291,42,SBCHQ,209692,ACTIVE
4872,00512,105,TD002,893016,ACTIVE
4873,01173,316,TD001,229925,ACTIVE
4874,01445,339,SBODS4,961635,ACTIVE
4875,00723,867,SB101,710184,ACTIVE
4876,21213,670,SBBAS2,832389,ACTIVE
4877,00382,29,SBCHQ,34690,ACTIVE
4878,00543,38,SBODS4,955182,ACTIVE
4879,18849,457,TD002,131424,ACTIVE
4880,1676,404,SB101,924615,ACTIVE
4881,00788,819,CACOL,333330,ACTIVE
4882,00234,586,CACOL,571420,ACTIVE
4883,12345,68,TD003,875460,ACTIVE
4884,00399,838,SBGEN,611892,ACTIVE
4885,19012,217,TD003,344706,ACTIVE
4886,00889,580,SBCHQ,634845,ACTIVE
4887,21067,654,TD002,304836,ACTIVE
4888,11723,748,CA0033,1277,ACTIVE
4889,00599,240,CA0033,324293,ACTIVE
4890,00978,32,TD002,376417,ACTIVE
4891,21651,946,CA0033,314576,ACTIVE
4892,00213,542,TD003,278932,ACTIVE
4893,50784,856,SB101,858215,ACTIVE
4894,14826,105,SBCHQ,339780,ACTIVE
4895,00856,327,SBBAS2,318002,ACTIVE
4896,50869,832,SBODS4,408883,ACTIVE
4897,00123,578,SBBAS2,630894,ACTIVE
4898,00998,41,SBGEN,851149,ACTIVE
4899,14681,862,CACOL,228418,ACTIVE
4900,00213,177,TD003,374786,ACTIVE
4901,00876,781,CA0033,402058,ACTIVE
4902,00823,876,CACOL,743593,ACTIVE
4903,1676,725,CACOL,435143,ACTIVE
4904,01441,182,CAGEN,542057,ACTIVE
4905,11119,555,SB101,629184,ACTIVE
4906,01245,496,SBODS4,486354,ACTIVE
4907,00812,588,TD002,587742,ACTIVE
4908,3026,553,SB101,519320,ACTIVE
4909,00301,758,CACOL,170040,ACTIVE
4910,00001,365,TD003,305692,ACTIVE
4911,00799,967,SB101,874632,ACTIVE
4912,01441,517,TD003,882011,ACTIVE
4913,00412,45,SBODS4,783140,ACTIVE
4914,00876,489,SBBAS2,845931,ACTIVE
4915,00342,651,CA0033,406829,ACTIVE
4916,21249,312,SBGEN,60911,ACTIVE
4917,21289,84,CACOL,739210,ACTIVE
4918,11660,781,TD003,625418,ACTIVE
4919,00112,951,CA0033,599957,ACTIVE
4920,00823,232,CA0033,946552,ACTIVE
4921,20795,87,CA0033,429095,ACTIVE
4922,2714,181,SBGEN,493546,ACTIVE
4923,00765,525,SB101,138342,ACTIVE
4924,00691,5,CAGEN,888886,ACTIVE
4925,01445,335,CACOL,442719,ACTIVE
4926,50869,328,SB101,422671,ACTIVE
4927,01278,910,SB101,613505,ACTIVE
4928,00977,799,SBGEN,726332,ACTIVE
4929,02696,583,SBCHQ,22308,ACTIVE
4930,00692,859,CAGEN,257376,ACTIVE
4931,17980,742,TD003,733970,ACTIVE
4932,01445,792,SBCHQ,22232,ACTIVE
4933,05364,49,TD003,794148,ACTIVE
4934,01245,541,SBODS4,950194,ACTIVE
4935,00977,751,TD002,104024,ACTIVE
4936,00112,682,TD003,20963,ACTIVE
4937,00432,312,CAGEN,889957,ACTIVE
4938,10123,901,TD001,258636,ACTIVE
4939,21516,315,CACOL,431663,ACTIVE
4940,14681,721,SB101,862484,ACTIVE
4941,2714,582,SBODS4,77518,ACTIVE
4942,10123,708,SBODS4,910375,ACTIVE
4943,20795,888,CAGEN,327729,ACTIVE
4944,00765,784,SBODS4,112470,ACTIVE
4945,21424,954,SBCHQ,722316,ACTIVE
4946,21400,759,SBCHQ,699327,ACTIVE
4947,00599,686,SB101,74748,ACTIVE
4948,00800,703,TD001,855932,ACTIVE
4949,20963,835,SBODS4,727735,ACTIVE
4950,21184,825,CAGEN,840693,ACTIVE
4951,21284,995,SB101,382328,ACTIVE
4952,00267,750,SBCHQ,438089,ACTIVE
4953,21205,215,SBBAS2,674049,ACTIVE
4954,04567,341,SBODS4,242716,ACTIVE
4955,02345,466,SB101,898603,ACTIVE
4956,1676,945,CA0033,545113,ACTIVE
4957,18779,392,SBODS4,8753,ACTIVE
4958,01312,91,SBBAS2,967858,ACTIVE
4959,00782,662,SBCHQ,621692,ACTIVE
4960,16528,761,CAGEN,470196,ACTIVE
4961,04567,759,SBCHQ,177303,ACTIVE
4962,00691,878,SBGEN,631445,ACTIVE
4963,00856,45,CA0033,516078,ACTIVE
4964,00876,719,TD002,406755,ACTIVE
4965,00599,548,CACOL,644966,ACTIVE
4966,21210,260,TD002,640600,ACTIVE
4967,21251,586,SBGEN,547759,ACTIVE
4968,00342,820,CACOL,333899,ACTIVE
4969,01078,173,TD003,487981,ACTIVE
4970,00213,843,TD002,187029,ACTIVE
4971,21554,889,SBODS4,212836,ACTIVE
4972,04816,165,TD003,500070,ACTIVE
4973,21861,293,CAGEN,525634,ACTIVE
4974,30273,208,TD002,619202,ACTIVE
4975,21067,87,CACOL,796369,ACTIVE
4976,10123,528,SBCHQ,818244,ACTIVE
4977,00998,784,CAGEN,852518,ACTIVE
4978,11660,708,TD002,460078,ACTIVE
4979,01445,337,SB101,873162,ACTIVE
4980,60007,628,CA0033,355287,ACTIVE
4981,21400,317,SBODS4,202834,ACTIVE
4982,00765,923,CA0033,481503,ACTIVE
4983,21400,926,SBODS4,414808,ACTIVE
4984,00692,16,CA0033,131302,ACTIVE
4985,08901,634,TD002,185138,ACTIVE
4986,05744,171,TD001,284742,ACTIVE
4987,00156,494,CAGEN,688855,ACTIVE
4988,1195,210,SBBAS2,602502,ACTIVE
4989,00711,271,SBODS4,224017,ACTIVE
4990,00342,284,TD002,123430,ACTIVE
4991,21861,631,SBCHQ,777389,ACTIVE
4992,18294,339,CAGEN,624225,ACTIVE
4993,00373,133,TD002,293668,ACTIVE
4994,17890,544,CAGEN,146567,ACTIVE
4995,20815,935,CACOL,698653,ACTIVE
4996,00182,682,SB101,615860,ACTIVE
4997,11660,263,SBODS4,216846,ACTIVE
4998,00788,65,SBCHQ,998821,ACTIVE
4999,02696,477,SBBAS2,158148,ACTIVE
5000,07890,792,SB101,961784,ACTIVE
