customer_id,first_name,surname,address,Phone,email,PAN,AADHAR,status
1,Rahul,Reddy,"278, Gandhi Street, Delhi",9374425067,rahul.reddy1@example.com,INUAY6172H,168038736053,ACTIVE
2,Rahul,Jain,"384, Gandhi Street, Mumbai",9970894804,rahul.jain2@example.com,GOKFF2090X,281485660431,ACTIVE
3,Vikram,Yadav,"372, Temple Road, Delhi",9262134923,vikram.yadav3@example.com,TCEAI4471R,756898671194,ACTIVE
4,Diya,Verma,"815, MG Road, Pune",9991218781,diya.verma4@example.com,IQHCE5119X,336953770349,ACTIVE
5,Vikram,Jain,"110, Park Avenue, Kochi",9250053115,vikram.jain5@example.com,QTMNY8516P,177288722224,ACTIVE
6,Lakshmi,Joshi,"367, Park Avenue, Coimbatore",9457010231,lakshmi.joshi6@example.com,PBDXV8679H,164845107947,ACTIVE
7,Sanjay,Jain,"252, Nehru Nagar, Bengaluru",9952397873,sanjay.jain7@example.com,MFTID7118G,792302687818,ACTIVE
8,Vikram,Rao,"820, Lake View, Hyderabad",9334013899,vikram.rao8@example.com,YSFCD3298C,882376391973,ACTIVE
9,Sneha,Mishra,"195, Brigade Road, Bengaluru",9829533979,sneha.mishra9@example.com,VWJGQ4578K,656741043024,ACTIVE
10,Rahul,Reddy,"157, Temple Road, Coimbatore",9058595219,rahul.reddy10@example.com,JORIJ4897F,887177780681,ACTIVE
11,Ananya,Kumar,"363, Temple Road, Mumbai",9891792464,ananya.kumar11@example.com,FKPSJ4266C,775728154427,ACTIVE
12,Karthik,Rao,"854, Gandhi Street, Hyderabad",9263423587,karthik.rao12@example.com,KRWJZ5000J,398881041492,ACTIVE
13,Ananya,Kumar,"254, MG Road, Hyderabad",9318713342,ananya.kumar13@example.com,JLMEW8983D,886039649389,ACTIVE
14,Kiran,Jain,"953, Lake View, Pune",9152220577,kiran.jain14@example.com,HFYPB8828F,602202304644,ACTIVE
15,Riya,Rao,"947, Gandhi Street, Chennai",9041437708,riya.rao15@example.com,DZUMK8460C,247978211029,ACTIVE
16,Sanjay,Jain,"847, Anna Salai, Hyderabad",9298287886,sanjay.jain16@example.com,FQMOY2066U,229972016555,ACTIVE
17,Riya,Reddy,"217, Lake View, Delhi",9577713880,riya.reddy17@example.com,XJLHH9217H,943611135407,ACTIVE
18,Vivaan,Rao,"954, MG Road, Hyderabad",9008343406,vivaan.rao18@example.com,GNMFW2648Z,723768117125,ACTIVE
19,Lakshmi,Rao,"417, MG Road, Chennai",9527492716,lakshmi.rao19@example.com,JWBXK9578E,684138193512,ACTIVE
20,Riya,Gupta,"952, Lake View, Delhi",9007511783,riya.gupta20@example.com,AMDLR7779X,770368513934,ACTIVE
21,Rahul,Menon,"101, Brigade Road, Coimbatore",9111705894,rahul.menon21@example.com,IRTNG5525V,599417398181,ACTIVE
22,Meera,Nair,"318, Lake View, Hyderabad",9250926739,meera.nair22@example.com,IODGH6176I,176058036698,ACTIVE
23,Arjun,Chopra,"827, Nehru Nagar, Bengaluru",9287495144,arjun.chopra23@example.com,XMMVR8367T,848898513093,ACTIVE
24,Arjun,Reddy,"136, Nehru Nagar, Mumbai",9870207177,arjun.reddy24@example.com,KKPNW7938I,148988402852,ACTIVE
25,Vikram,Reddy,"538, Temple Road, Mumbai",9610008230,vikram.reddy25@example.com,NCIZN8898H,565182816957,ACTIVE
26,Aarav,Bose,"444, Park Avenue, Kochi",9612073916,aarav.bose26@example.com,VZOHK3812E,424107965721,ACTIVE
27,Sneha,Gupta,"785, Anna Salai, Hyderabad",9136319516,sneha.gupta27@example.com,CPQDH4065L,569047737747,ACTIVE
28,Meera,Pillai,"446, Anna Salai, Coimbatore",9359515595,meera.pillai28@example.com,JHTWV8120O,877964980023,ACTIVE
29,Riya,Patel,"205, Park Avenue, Kochi",9550273409,riya.patel29@example.com,GYBRC3842E,825792562941,ACTIVE
30,Pooja,Kumar,"369, MG Road, Mumbai",9040736334,pooja.kumar30@example.com,AIJFV5495A,747488734273,ACTIVE
31,Karthik,Patel,"862, Brigade Road, Pune",9822358794,karthik.patel31@example.com,FTQZQ8157L,669520125397,ACTIVE
32,Vivaan,Das,"844, MG Road, Mumbai",9863990657,vivaan.das32@example.com,SFOBI6208S,358370636893,ACTIVE
33,Suresh,Reddy,"162, Brigade Road, Chennai",9686556610,suresh.reddy33@example.com,SUNFR8774B,188962770862,ACTIVE
34,Aditya,Kapoor,"240, Gandhi Street, Coimbatore",9603003156,aditya.kapoor34@example.com,MTEAR4310T,852360490181,BLOCKED
35,Aarav,Das,"839, Park Avenue, Mumbai",9528010152,aarav.das35@example.com,IFVRM6333M,306178422508,ACTIVE
36,Riya,Verma,"795, Brigade Road, Bengaluru",9188946050,riya.verma36@example.com,IBQCM4554P,710392614732,BLOCKED
37,Sneha,Nair,"259, Brigade Road, Mumbai",9511531300,sneha.nair37@example.com,YQSNQ2276U,644049968058,BLOCKED
38,Kiran,Chopra,"378, MG Road, Kochi",9584502467,kiran.chopra38@example.com,IVIGT1989Q,722501836407,ACTIVE
39,Nisha,Jain,"471, Park Avenue, Bengaluru",9802643930,nisha.jain39@example.com,YYFDY1734P,993887482147,ACTIVE
40,Nisha,Joshi,"847, Brigade Road, Delhi",9659575619,nisha.joshi40@example.com,UPYHV5710H,868467936819,ACTIVE
41,Karthik,Reddy,"194, Nehru Nagar, Coimbatore",9131542584,karthik.reddy41@example.com,TPCHO4052T,404317177333,ACTIVE
42,Karthik,Gupta,"924, Anna Salai, Bengaluru",9195090286,karthik.gupta42@example.com,EGUGV6478A,158548868610,ACTIVE
43,Meera,Reddy,"999, Anna Salai, Hyderabad",9549849983,meera.reddy43@example.com,KZFUP6733A,721481810990,ACTIVE
44,Sneha,Rao,"95, MG Road, Delhi",9039785509,sneha.rao44@example.com,CEMYO4048O,276153693007,ACTIVE
45,Sneha,Kapoor,"672, MG Road, Coimbatore",9962582582,sneha.kapoor45@example.com,YZYYU9033X,940752255313,ACTIVE
46,Aditya,Joshi,"509, Brigade Road, Mumbai",9938317594,aditya.joshi46@example.com,ROBNP2218Z,256739532716,ACTIVE
47,Aarav,Nair,"980, Brigade Road, Bengaluru",9295029058,aarav.nair47@example.com,JNYLS5667N,446364028269,ACTIVE
48,Lakshmi,Jain,"235, MG Road, Coimbatore",9025273024,lakshmi.jain48@example.com,EDIIG6164Z,976524003573,ACTIVE
49,Aditya,Chopra,"446, Gandhi Street, Coimbatore",9449578835,aditya.chopra49@example.com,HEYRT9664W,284673782442,ACTIVE
50,Diya,Gupta,"16, Park Avenue, Hyderabad",9878760570,diya.gupta50@example.com,AEQYV1541F,468464156080,ACTIVE
51,Diya,Pillai,"101, Temple Road, Bengaluru",9256280525,diya.pillai51@example.com,UIQPK6503R,537338171702,ACTIVE
52,Aditya,Mishra,"926, Lake View, Pune",9269165248,aditya.mishra52@example.com,AQFFO1180F,255747661294,ACTIVE
53,Vikram,Pillai,"522, Anna Salai, Bengaluru",9568276951,vikram.pillai53@example.com,DNDDR9513J,627676803025,ACTIVE
54,Vivaan,Kapoor,"445, Park Avenue, Pune",9544069516,vivaan.kapoor54@example.com,MPXRA3718D,587807040459,ACTIVE
55,Diya,Patel,"594, Park Avenue, Hyderabad",9561319926,diya.patel55@example.com,ELAWA6095F,649653340132,ACTIVE
56,Arjun,Kapoor,"831, Anna Salai, Hyderabad",9459751124,arjun.kapoor56@example.com,XFXJG1254H,480876710821,ACTIVE
57,Sanjay,Menon,"666, Gandhi Street, Chennai",9461146246,sanjay.menon57@example.com,FLNEM7666S,519507669993,ACTIVE
58,Aarav,Chopra,"424, Anna Salai, Pune",9968491458,aarav.chopra58@example.com,OPRIK8615D,491460213988,BLOCKED
59,Nisha,Iyer,"378, Park Avenue, Coimbatore",9970433901,nisha.iyer59@example.com,BOWEH4988E,894420688332,BLOCKED
60,Priya,Jain,"839, MG Road, Kochi",9567026696,priya.jain60@example.com,OJXGM2541B,316326382815,BLOCKED
61,Meera,Nair,"58, Temple Road, Kochi",9278192665,meera.nair61@example.com,MYWDI3478C,688505516269,ACTIVE
62,Suresh,Das,"810, Nehru Nagar, Hyderabad",9572189835,suresh.das62@example.com,MAKRO8971A,796120215228,ACTIVE
63,Aditya,Rao,"643, Lake View, Chennai",9986148302,aditya.rao63@example.com,IUXQP5669L,546090195501,ACTIVE
64,Ananya,Verma,"696, Gandhi Street, Pune",9054414458,ananya.verma64@example.com,GJBJF6027A,923708456570,ACTIVE
65,Vikram,Joshi,"221, Gandhi Street, Delhi",9727437464,vikram.joshi65@example.com,WVMKB8692O,106172927442,ACTIVE
66,Sneha,Jain,"896, Gandhi Street, Chennai",9594919687,sneha.jain66@example.com,WJJEP2137B,224701061646,ACTIVE
67,Suresh,Patel,"791, Brigade Road, Coimbatore",9488661230,suresh.patel67@example.com,LMXFG1003M,521922274942,ACTIVE
68,Kiran,Iyer,"816, Gandhi Street, Delhi",9212273116,kiran.iyer68@example.com,ZTDYF4313O,130578444760,ACTIVE
69,Karthik,Joshi,"905, Brigade Road, Pune",9145597472,karthik.joshi69@example.com,XHYQS9940R,904880387307,BLOCKED
70,Nisha,Das,"3, Temple Road, Coimbatore",9339790791,nisha.das70@example.com,PCDSH7390N,310208402871,ACTIVE
71,Arjun,Jain,"473, Lake View, Delhi",9639271026,arjun.jain71@example.com,VBIUM9248C,798647465451,ACTIVE
72,Kiran,Joshi,"951, Gandhi Street, Pune",9789943288,kiran.joshi72@example.com,ZJQFQ1289T,409590524990,ACTIVE
73,Rahul,Kumar,"310, Anna Salai, Mumbai",9294076089,rahul.kumar73@example.com,UBQIX2789S,360755991426,BLOCKED
74,Rahul,Kumar,"450, MG Road, Coimbatore",9012355355,rahul.kumar74@example.com,ESZNC9723L,950760981782,ACTIVE
75,Riya,Gupta,"235, Brigade Road, Pune",9673957670,riya.gupta75@example.com,NJDRV5716C,336647805348,BLOCKED
76,Sanjay,Rao,"343, Brigade Road, Hyderabad",9413929371,sanjay.rao76@example.com,SBAVI3536K,193354150519,ACTIVE
77,Aditya,Kumar,"195, Park Avenue, Kochi",9059397778,aditya.kumar77@example.com,IWOHM5911C,753665769908,ACTIVE
78,Rahul,Das,"477, Nehru Nagar, Bengaluru",9797063723,rahul.das78@example.com,GDQYW9407V,319371345818,ACTIVE
79,Suresh,Rao,"814, Park Avenue, Chennai",9950053633,suresh.rao79@example.com,QWLDW6176Y,140651066142,ACTIVE
80,Riya,Jain,"683, Temple Road, Coimbatore",9310632107,riya.jain80@example.com,OEEEK6572F,447610358058,BLOCKED
81,Lakshmi,Sharma,"495, Park Avenue, Chennai",9589083526,lakshmi.sharma81@example.com,GSQBK2879C,326872686164,ACTIVE
82,Deepa,Mishra,"291, Anna Salai, Kochi",9245731532,deepa.mishra82@example.com,PVXGR5290L,337331210535,ACTIVE
83,Vikram,Sharma,"617, MG Road, Chennai",9724968438,vikram.sharma83@example.com,ZXUSA6828W,254349832756,ACTIVE
84,Pooja,Verma,"187, MG Road, Hyderabad",9688068662,pooja.verma84@example.com,PIHEU2392L,970522625356,ACTIVE
85,Pooja,Yadav,"910, Nehru Nagar, Delhi",9983930008,pooja.yadav85@example.com,ETLAA7786E,349717870435,ACTIVE
86,Lakshmi,Reddy,"1, Nehru Nagar, Mumbai",9849831366,lakshmi.reddy86@example.com,OUNAK4872A,699623703520,ACTIVE
87,Arjun,Reddy,"941, Anna Salai, Delhi",9248909067,arjun.reddy87@example.com,UCOIB3085Y,433356188601,ACTIVE
88,Vikram,Singh,"21, Lake View, Pune",9442787444,vikram.singh88@example.com,CWHTN6445K,770842944317,BLOCKED
89,Arjun,Singh,"649, Gandhi Street, Coimbatore",9255500669,arjun.singh89@example.com,XKNBL9325I,600985389400,ACTIVE
90,Aditya,Menon,"913, MG Road, Delhi",9831926935,aditya.menon90@example.com,GZDRS4461T,999817374870,ACTIVE
91,Suresh,Yadav,"765, MG Road, Coimbatore",9343673207,suresh.yadav91@example.com,CDAAL7530J,464494137286,ACTIVE
92,Lakshmi,Das,"207, Temple Road, Mumbai",9615543764,lakshmi.das92@example.com,HOJQM4269V,594624799494,ACTIVE
93,Diya,Reddy,"102, Park Avenue, Mumbai",9302739418,diya.reddy93@example.com,MHMYE5697S,148333365834,ACTIVE
94,Suresh,Patel,"23, Lake View, Hyderabad",9977377240,suresh.patel94@example.com,PCPNK4076S,854130210422,ACTIVE
95,Vikram,Reddy,"323, Park Avenue, Kochi",9107557203,vikram.reddy95@example.com,CBROP8264N,403296145526,BLOCKED
96,Aditya,Kumar,"764, Temple Road, Bengaluru",9918239184,aditya.kumar96@example.com,LREDF7035U,356950068294,ACTIVE
97,Deepa,Bose,"548, MG Road, Bengaluru",9115315930,deepa.bose97@example.com,RZFYO9274W,159503151860,ACTIVE
98,Karthik,Nair,"61, MG Road, Kochi",9079957250,karthik.nair98@example.com,SFIWK3989H,821398914166,ACTIVE
99,Nisha,Pillai,"470, Park Avenue, Pune",9596246638,nisha.pillai99@example.com,ZNLRH8708K,631358542399,ACTIVE
100,Arjun,Gupta,"332, Park Avenue, Delhi",9652000484,arjun.gupta100@example.com,BTTEL1845R,759295039117,ACTIVE
101,Arjun,Bose,"339, Temple Road, Coimbatore",9722598877,arjun.bose101@example.com,JBARJ5174P,841808450942,ACTIVE
102,Kiran,Sharma,"832, Temple Road, Kochi",9185232964,kiran.sharma102@example.com,LKHPY9935G,972945591265,ACTIVE
103,Suresh,Verma,"300, MG Road, Chennai",9398800104,suresh.verma103@example.com,ICLAI4065Y,490023479014,ACTIVE
104,Arjun,Gupta,"206, Park Avenue, Chennai",9791534956,arjun.gupta104@example.com,MAVNB7340L,538853513330,ACTIVE
105,Sanjay,Mishra,"662, Gandhi Street, Chennai",9880282165,sanjay.mishra105@example.com,JSXYQ1240J,925513777993,ACTIVE
106,Diya,Rao,"882, Nehru Nagar, Hyderabad",9397714608,diya.rao106@example.com,BXVYB4976Q,184746904579,ACTIVE
107,Vikram,Kapoor,"663, MG Road, Coimbatore",9788920044,vikram.kapoor107@example.com,YUDQK7877P,154343207196,ACTIVE
108,Deepa,Jain,"871, Park Avenue, Delhi",9650628813,deepa.jain108@example.com,LRZBC8172A,689391044906,ACTIVE
109,Suresh,Bose,"747, MG Road, Kochi",9340608894,suresh.bose109@example.com,PHNIA1328B,408597083482,BLOCKED
110,Deepa,Menon,"267, Brigade Road, Coimbatore",9560709170,deepa.menon110@example.com,OQCQJ3960H,151108078267,BLOCKED
111,Ananya,Mishra,"529, Nehru Nagar, Coimbatore",9913859002,ananya.mishra111@example.com,BGUCN5860G,852094965679,ACTIVE
112,Priya,Kapoor,"347, Lake View, Delhi",9913314129,priya.kapoor112@example.com,GRKQS1215Z,130046255415,ACTIVE
113,Sneha,Yadav,"920, Anna Salai, Hyderabad",9876527334,sneha.yadav113@example.com,NLXVW5795D,465145664370,ACTIVE
114,Diya,Bose,"832, Nehru Nagar, Bengaluru",9211378431,diya.bose114@example.com,JFPVD2566O,259927834102,ACTIVE
115,Nisha,Rao,"928, Park Avenue, Chennai",9829056190,nisha.rao115@example.com,BUZMC3412P,383354483245,ACTIVE
116,Karthik,Kapoor,"714, Gandhi Street, Delhi",9879341848,karthik.kapoor116@example.com,FQBBM5637U,103127315906,ACTIVE
117,Vivaan,Rao,"154, Nehru Nagar, Delhi",9667552897,vivaan.rao117@example.com,IMWKZ5167S,954992779617,ACTIVE
118,Aditya,Yadav,"928, Lake View, Mumbai",9169246462,aditya.yadav118@example.com,LDJEG1991V,504093474956,ACTIVE
119,Kiran,Joshi,"904, MG Road, Hyderabad",9676826787,kiran.joshi119@example.com,ZVZMI9802K,853416009409,ACTIVE
120,Karthik,Kumar,"442, Park Avenue, Coimbatore",9461892453,karthik.kumar120@example.com,KBTQL4642D,629194289461,ACTIVE
121,Arjun,Verma,"302, Anna Salai, Chennai",9956816202,arjun.verma121@example.com,VTFMX2334R,790011670170,ACTIVE
122,Sneha,Kumar,"397, Temple Road, Chennai",9269288134,sneha.kumar122@example.com,EDQFE5024Q,104755062136,ACTIVE
123,Nisha,Singh,"974, Nehru Nagar, Chennai",9687770552,nisha.singh123@example.com,QLBBE1996Z,909103817813,ACTIVE
124,Riya,Singh,"347, Park Avenue, Pune",9147160984,riya.singh124@example.com,XOUHA2220N,748631793782,ACTIVE
125,Vikram,Kumar,"631, Gandhi Street, Coimbatore",9200594869,vikram.kumar125@example.com,YSARA4252B,532339366963,ACTIVE
126,Aditya,Jain,"780, Gandhi Street, Pune",9242506430,aditya.jain126@example.com,FOCSR1370C,278727492323,ACTIVE
127,Vikram,Rao,"428, Temple Road, Pune",9771313819,vikram.rao127@example.com,UXOEG4558W,388406903841,BLOCKED
128,Priya,Bose,"699, Temple Road, Chennai",9704568537,priya.bose128@example.com,SPFOC4187C,290631930637,BLOCKED
129,Aarav,Menon,"378, Nehru Nagar, Kochi",9164270116,aarav.menon129@example.com,FFWOY8317F,915938853590,ACTIVE
130,Pooja,Menon,"224, Park Avenue, Mumbai",9105431585,pooja.menon130@example.com,IZLKG3049Y,296012893041,ACTIVE
131,Kiran,Kumar,"832, Brigade Road, Delhi",9861115999,kiran.kumar131@example.com,KZLBV2549U,311584342487,ACTIVE
132,Nisha,Gupta,"826, Anna Salai, Coimbatore",9927298744,nisha.gupta132@example.com,CCFWK4999X,532756773850,ACTIVE
133,Sneha,Jain,"881, MG Road, Bengaluru",9306755940,sneha.jain133@example.com,KHOIV3853D,441573878236,ACTIVE
134,Priya,Reddy,"954, Gandhi Street, Bengaluru",9155191819,priya.reddy134@example.com,CUNNF2764B,505224641185,BLOCKED
135,Pooja,Kumar,"308, Lake View, Pune",9193177608,pooja.kumar135@example.com,MBFCM3453U,649677985187,ACTIVE
136,Riya,Iyer,"832, Park Avenue, Coimbatore",9226176339,riya.iyer136@example.com,XJPQC9542U,552372167971,ACTIVE
137,Meera,Yadav,"411, Lake View, Pune",9031769341,meera.yadav137@example.com,IUTLH8016T,486113321599,ACTIVE
138,Ananya,Singh,"385, Gandhi Street, Mumbai",9821369545,ananya.singh138@example.com,SWUPC3503Y,652022649803,ACTIVE
139,Deepa,Kumar,"542, Nehru Nagar, Delhi",9778524787,deepa.kumar139@example.com,GKWLR4949N,995609087558,ACTIVE
140,Vikram,Singh,"972, Park Avenue, Pune",9744004100,vikram.singh140@example.com,MTIZB8299A,799150198724,BLOCKED
141,Sanjay,Menon,"415, Temple Road, Hyderabad",9541686820,sanjay.menon141@example.com,LUWDV3135P,341521241079,ACTIVE
142,Arjun,Jain,"54, Gandhi Street, Pune",9460066942,arjun.jain142@example.com,CZLFH9908S,346141475658,ACTIVE
143,Deepa,Menon,"150, Brigade Road, Delhi",9385581014,deepa.menon143@example.com,MORVD3035S,926528523997,ACTIVE
144,Sneha,Sharma,"65, Nehru Nagar, Hyderabad",9142551608,sneha.sharma144@example.com,LEICK5262G,587673606752,ACTIVE
145,Nisha,Jain,"92, Gandhi Street, Mumbai",9732496047,nisha.jain145@example.com,SLFHP6904G,247917739547,ACTIVE
146,Vikram,Pillai,"731, Anna Salai, Coimbatore",9956753579,vikram.pillai146@example.com,SIHCV6143K,814622909085,ACTIVE
147,Diya,Mishra,"390, Anna Salai, Kochi",9432957020,diya.mishra147@example.com,CZHEH2599Z,350140303435,ACTIVE
148,Deepa,Nair,"51, Nehru Nagar, Kochi",9138680716,deepa.nair148@example.com,UGEIH6936E,388799391234,ACTIVE
149,Arjun,Jain,"507, Lake View, Chennai",9920598316,arjun.jain149@example.com,PUHWE6213H,137968953876,ACTIVE
150,Lakshmi,Rao,"500, Temple Road, Kochi",9877834935,lakshmi.rao150@example.com,OJLRI6228N,292548986946,ACTIVE
151,Sneha,Chopra,"105, Brigade Road, Chennai",9900584304,sneha.chopra151@example.com,CJTLH5472F,929969536172,ACTIVE
152,Diya,Kapoor,"446, MG Road, Chennai",9475663298,diya.kapoor152@example.com,ZTECS7838H,883252629142,ACTIVE
153,Vikram,Verma,"927, Park Avenue, Coimbatore",9904449546,vikram.verma153@example.com,KWYVN9002A,556311695072,BLOCKED
154,Aditya,Iyer,"425, Park Avenue, Hyderabad",9770626214,aditya.iyer154@example.com,VDSAR5454N,677932544659,ACTIVE
155,Diya,Pillai,"538, Park Avenue, Bengaluru",9343216066,diya.pillai155@example.com,FMEGS6312A,891037523788,ACTIVE
156,Vivaan,Nair,"209, Temple Road, Mumbai",9840917419,vivaan.nair156@example.com,YYKSB3305W,468841265446,ACTIVE
157,Vivaan,Nair,"766, MG Road, Chennai",9077195559,vivaan.nair157@example.com,NPAZU6500L,733664768690,ACTIVE
158,Karthik,Singh,"592, Lake View, Kochi",9131527551,karthik.singh158@example.com,XTMOM5774T,936686437155,ACTIVE
159,Lakshmi,Nair,"90, Nehru Nagar, Chennai",9487563489,lakshmi.nair159@example.com,ZCWTM4373W,700475537878,ACTIVE
160,Ananya,Singh,"579, Anna Salai, Coimbatore",9657901919,ananya.singh160@example.com,TXXVM1120U,525077203545,ACTIVE
161,Pooja,Sharma,"429, Anna Salai, Coimbatore",9748766041,pooja.sharma161@example.com,ZXEDT8567T,611629531894,ACTIVE
162,Sneha,Bose,"446, Brigade Road, Coimbatore",9077883749,sneha.bose162@example.com,KUFWO1530V,829761836981,ACTIVE
163,Deepa,Chopra,"793, Lake View, Chennai",9103310504,deepa.chopra163@example.com,AIRRE4908L,199388923286,ACTIVE
164,Lakshmi,Iyer,"854, Park Avenue, Mumbai",9179252024,lakshmi.iyer164@example.com,BUQEH2393H,258586459255,ACTIVE
165,Riya,Yadav,"472, Nehru Nagar, Coimbatore",9188551383,riya.yadav165@example.com,STJNG7571J,906043239223,ACTIVE
166,Priya,Iyer,"636, Park Avenue, Bengaluru",9805566065,priya.iyer166@example.com,LDAER2211R,545637256628,ACTIVE
167,Aarav,Sharma,"846, MG Road, Bengaluru",9467766557,aarav.sharma167@example.com,FRNUG5008S,325216004901,ACTIVE
168,Riya,Reddy,"837, MG Road, Delhi",9940452210,riya.reddy168@example.com,NAOLS2632D,455310354447,ACTIVE
169,Aarav,Kapoor,"520, Lake View, Chennai",9203444370,aarav.kapoor169@example.com,UXUQV1397V,227847373789,ACTIVE
170,Vivaan,Jain,"651, Brigade Road, Kochi",9632863519,vivaan.jain170@example.com,IQTNE2991O,939654752237,ACTIVE
171,Aarav,Pillai,"511, Gandhi Street, Hyderabad",9626116172,aarav.pillai171@example.com,KUTNJ5343G,884433464897,ACTIVE
172,Karthik,Nair,"60, Nehru Nagar, Coimbatore",9366235634,karthik.nair172@example.com,QTAVT5339I,828644579725,ACTIVE
173,Nisha,Kumar,"581, Temple Road, Hyderabad",9598830694,nisha.kumar173@example.com,CHZEJ6957Y,728612502662,ACTIVE
174,Pooja,Kumar,"757, Nehru Nagar, Chennai",9101457020,pooja.kumar174@example.com,SLPQA7271X,852667282576,ACTIVE
175,Rahul,Iyer,"496, Anna Salai, Chennai",9686756125,rahul.iyer175@example.com,IJIID3032J,331087402171,ACTIVE
176,Priya,Reddy,"666, MG Road, Kochi",9274281696,priya.reddy176@example.com,MNBBS8274E,436468975886,ACTIVE
177,Lakshmi,Menon,"451, Anna Salai, Delhi",9086677570,lakshmi.menon177@example.com,IRBDU8762V,628384740641,ACTIVE
178,Sanjay,Gupta,"889, Gandhi Street, Mumbai",9734610452,sanjay.gupta178@example.com,OKSUV4246Q,316072129685,ACTIVE
179,Aarav,Das,"367, MG Road, Mumbai",9328348944,aarav.das179@example.com,JCUNN8479Z,626789437999,ACTIVE
180,Vikram,Nair,"594, MG Road, Chennai",9716394620,vikram.nair180@example.com,DFXGU1814R,493091133618,ACTIVE
181,Vikram,Yadav,"624, Anna Salai, Chennai",9852581959,vikram.yadav181@example.com,QASDH9984E,780778738434,ACTIVE
182,Vikram,Nair,"398, Lake View, Delhi",9321837354,vikram.nair182@example.com,UBYEL7601T,695565027434,ACTIVE
183,Pooja,Reddy,"453, Park Avenue, Hyderabad",9764646004,pooja.reddy183@example.com,JYFDI8576S,481378317611,ACTIVE
184,Arjun,Menon,"327, Anna Salai, Pune",9626276125,arjun.menon184@example.com,QWWHG1917L,931494158698,ACTIVE
185,Vivaan,Menon,"895, Park Avenue, Hyderabad",9883526772,vivaan.menon185@example.com,WMDVQ4444I,915403400323,ACTIVE
186,Nisha,Kumar,"655, Gandhi Street, Kochi",9761192333,nisha.kumar186@example.com,HPEEQ9738Q,341588431600,ACTIVE
187,Sneha,Chopra,"683, Nehru Nagar, Bengaluru",9665537233,sneha.chopra187@example.com,EXGEP6129D,394239252075,ACTIVE
188,Kiran,Verma,"455, Anna Salai, Hyderabad",9376014166,kiran.verma188@example.com,ZEFTZ4767Z,441280403512,ACTIVE
189,Aarav,Iyer,"347, Anna Salai, Hyderabad",9366978326,aarav.iyer189@example.com,ZNZTT9042N,190145910880,ACTIVE
190,Lakshmi,Rao,"511, Lake View, Pune",9717893131,lakshmi.rao190@example.com,FMPSZ7109S,761472395553,BLOCKED
191,Vivaan,Yadav,"585, Park Avenue, Bengaluru",9286768328,vivaan.yadav191@example.com,GYECT8514D,479071264672,ACTIVE
192,Pooja,Kumar,"824, MG Road, Mumbai",9275472172,pooja.kumar192@example.com,HDYJB5753B,463262011445,ACTIVE
193,Riya,Kumar,"986, Brigade Road, Pune",9756785286,riya.kumar193@example.com,DLSKK5455Y,566850378831,ACTIVE
194,Aarav,Reddy,"536, Park Avenue, Bengaluru",9277547528,aarav.reddy194@example.com,ZHEIE3480K,730995649617,ACTIVE
195,Vivaan,Joshi,"897, Brigade Road, Kochi",9758393516,vivaan.joshi195@example.com,TBPKX2407V,935861701393,ACTIVE
196,Kiran,Gupta,"981, Gandhi Street, Bengaluru",9873296779,kiran.gupta196@example.com,JFKCV9743L,804804211835,ACTIVE
197,Riya,Jain,"364, Brigade Road, Pune",9479049325,riya.jain197@example.com,SMKAO1337A,333370347172,ACTIVE
198,Suresh,Sharma,"235, Park Avenue, Pune",9309241939,suresh.sharma198@example.com,WPVZP6602V,734901334138,ACTIVE
199,Sanjay,Rao,"556, Lake View, Coimbatore",9709748144,sanjay.rao199@example.com,HNLPJ8250J,249893430185,ACTIVE
200,Diya,Mishra,"408, Anna Salai, Hyderabad",9570916771,diya.mishra200@example.com,RLNJC9012T,199237698570,ACTIVE
201,Ananya,Iyer,"132, Anna Salai, Bengaluru",9654404637,ananya.iyer201@example.com,GZTHQ3882Y,153472557000,ACTIVE
202,Ananya,Sharma,"311, Park Avenue, Kochi",9381783904,ananya.sharma202@example.com,AJNRC7115M,502365636901,ACTIVE
203,Lakshmi,Bose,"227, Park Avenue, Bengaluru",9507160959,lakshmi.bose203@example.com,DLIVA4543T,505485894193,ACTIVE
204,Lakshmi,Joshi,"741, Anna Salai, Coimbatore",9403775253,lakshmi.joshi204@example.com,JSDFF9763W,663708266200,ACTIVE
205,Rahul,Patel,"970, Temple Road, Delhi",9524842784,rahul.patel205@example.com,LSCOP6676N,789249069145,ACTIVE
206,Pooja,Das,"765, MG Road, Coimbatore",9146522115,pooja.das206@example.com,KFUEO9124N,573660731959,ACTIVE
207,Pooja,Iyer,"68, Brigade Road, Hyderabad",9681942837,pooja.iyer207@example.com,CGYGM7970I,582772574609,ACTIVE
208,Arjun,Das,"622, Lake View, Chennai",9838895264,arjun.das208@example.com,EFEUV2806S,355028305578,BLOCKED
209,Sanjay,Das,"128, Temple Road, Hyderabad",9129417420,sanjay.das209@example.com,MWJSB7713C,868040351250,ACTIVE
210,Aarav,Bose,"780, Brigade Road, Hyderabad",9209776551,aarav.bose210@example.com,ZFVUJ9002M,962059843022,BLOCKED
211,Aarav,Sharma,"805, Gandhi Street, Pune",9400977457,aarav.sharma211@example.com,AYXEQ9931Q,550753963142,ACTIVE
212,Vikram,Pillai,"778, Nehru Nagar, Coimbatore",9414162795,vikram.pillai212@example.com,BSAUF9832I,790894747864,ACTIVE
213,Kiran,Rao,"123, MG Road, Chennai",9886909869,kiran.rao213@example.com,XBENE7623S,169315067141,ACTIVE
214,Karthik,Nair,"439, Park Avenue, Chennai",9320288899,karthik.nair214@example.com,UYVYL3526Y,362442839677,ACTIVE
215,Priya,Iyer,"42, Nehru Nagar, Bengaluru",9959977578,priya.iyer215@example.com,RDKIZ2148S,960250655517,ACTIVE
216,Suresh,Yadav,"610, Gandhi Street, Coimbatore",9326805801,suresh.yadav216@example.com,SGWPX7388E,950963597420,ACTIVE
217,Suresh,Nair,"329, MG Road, Kochi",9849791414,suresh.nair217@example.com,QKTDK2349V,359951114546,ACTIVE
218,Priya,Menon,"2, Gandhi Street, Mumbai",9892883373,priya.menon218@example.com,UHTWG4594N,321367912499,ACTIVE
219,Sneha,Chopra,"418, Brigade Road, Delhi",9735768098,sneha.chopra219@example.com,OKTRG9983T,994347262504,ACTIVE
220,Sanjay,Yadav,"426, MG Road, Bengaluru",9308651683,sanjay.yadav220@example.com,GGRBR4740G,558495561634,ACTIVE
221,Sanjay,Nair,"457, MG Road, Chennai",9168625897,sanjay.nair221@example.com,DLVLA6257H,193482336953,ACTIVE
222,Vivaan,Mishra,"217, Park Avenue, Chennai",9872018193,vivaan.mishra222@example.com,SEYAT5998V,902246975707,ACTIVE
223,Deepa,Iyer,"187, MG Road, Delhi",9464502741,deepa.iyer223@example.com,FEUJO7594C,445990722605,ACTIVE
224,Pooja,Yadav,"358, Park Avenue, Coimbatore",9593683875,pooja.yadav224@example.com,ZRLMF4560T,682744226151,BLOCKED
225,Sanjay,Das,"545, Anna Salai, Chennai",9943637671,sanjay.das225@example.com,WDAAJ1366O,362715177488,ACTIVE
226,Deepa,Iyer,"24, Gandhi Street, Bengaluru",9144539358,deepa.iyer226@example.com,LUWUN6578Y,963133775432,ACTIVE
227,Vikram,Menon,"770, Brigade Road, Kochi",9710242344,vikram.menon227@example.com,GGEPK4057D,731621198967,ACTIVE
228,Pooja,Yadav,"711, MG Road, Pune",9908555444,pooja.yadav228@example.com,WONLK8341B,589180863707,ACTIVE
229,Pooja,Das,"430, MG Road, Coimbatore",9658469971,pooja.das229@example.com,RNURQ5718E,514310219278,ACTIVE
230,Sanjay,Menon,"734, Temple Road, Kochi",9345905344,sanjay.menon230@example.com,TYBRH6759Q,986200636251,BLOCKED
231,Suresh,Kapoor,"187, Anna Salai, Kochi",9840397302,suresh.kapoor231@example.com,DCBAW7786C,624624648839,ACTIVE
232,Kiran,Kapoor,"502, Park Avenue, Coimbatore",9793928280,kiran.kapoor232@example.com,ENTLX4574V,628233394135,BLOCKED
233,Sneha,Joshi,"896, MG Road, Pune",9153442893,sneha.joshi233@example.com,QRVYA6486K,502922690420,BLOCKED
234,Sanjay,Patel,"197, MG Road, Hyderabad",9779423581,sanjay.patel234@example.com,FYTOO7531C,887290897797,BLOCKED
235,Ananya,Iyer,"966, Nehru Nagar, Kochi",9792424402,ananya.iyer235@example.com,LKIPY8707M,873252434631,ACTIVE
236,Suresh,Mishra,"608, Temple Road, Hyderabad",9199388514,suresh.mishra236@example.com,ORIWA6118Q,953493275583,ACTIVE
237,Vivaan,Pillai,"25, Anna Salai, Bengaluru",9102832562,vivaan.pillai237@example.com,BUNVO9665Z,318428517013,ACTIVE
238,Vivaan,Yadav,"561, Park Avenue, Hyderabad",9481410217,vivaan.yadav238@example.com,AYXEQ7201U,550452933202,ACTIVE
239,Karthik,Joshi,"719, Park Avenue, Chennai",9521735031,karthik.joshi239@example.com,IAMVU1005V,349107750568,ACTIVE
240,Diya,Kapoor,"199, Brigade Road, Kochi",9213560753,diya.kapoor240@example.com,IVSPO8318M,432806953485,BLOCKED
241,Suresh,Das,"893, Brigade Road, Bengaluru",9672504261,suresh.das241@example.com,YUZJO2311R,979295913344,ACTIVE
242,Suresh,Kumar,"900, Lake View, Pune",9857199095,suresh.kumar242@example.com,RAPWQ9004N,186581205276,ACTIVE
243,Nisha,Pillai,"835, Gandhi Street, Mumbai",9628455389,nisha.pillai243@example.com,JQMKE6416T,238570919323,BLOCKED
244,Diya,Pillai,"708, Gandhi Street, Pune",9119188511,diya.pillai244@example.com,UQFRT3889Y,944987061330,ACTIVE
245,Diya,Verma,"294, Anna Salai, Kochi",9447809103,diya.verma245@example.com,GSLRS7084L,804657248221,ACTIVE
246,Sneha,Chopra,"622, Anna Salai, Mumbai",9552959222,sneha.chopra246@example.com,YQHYK9042X,988791795065,BLOCKED
247,Vikram,Menon,"142, Lake View, Coimbatore",9904865045,vikram.menon247@example.com,ZVXOL4096E,990548445042,ACTIVE
248,Sanjay,Menon,"354, Gandhi Street, Kochi",9367375233,sanjay.menon248@example.com,KLFOE1745Z,519895246504,BLOCKED
249,Arjun,Sharma,"774, MG Road, Coimbatore",9705161065,arjun.sharma249@example.com,FRCPS6366F,891988404696,ACTIVE
250,Riya,Yadav,"977, Lake View, Hyderabad",9598909126,riya.yadav250@example.com,VGSCL8871I,927887045894,ACTIVE
251,Sanjay,Pillai,"467, Brigade Road, Mumbai",9857723679,sanjay.pillai251@example.com,CGRYT1903V,499070947238,ACTIVE
252,Aditya,Chopra,"461, MG Road, Hyderabad",9632102888,aditya.chopra252@example.com,UMVDX4500Y,966068952105,ACTIVE
253,Rahul,Patel,"530, Park Avenue, Chennai",9934400534,rahul.patel253@example.com,OHLWH6121T,891946050518,ACTIVE
254,Karthik,Nair,"621, Brigade Road, Delhi",9278694390,karthik.nair254@example.com,EKTNC5803E,467267327172,ACTIVE
255,Sneha,Reddy,"935, Brigade Road, Chennai",9250940767,sneha.reddy255@example.com,BDXLU8708X,211105881095,ACTIVE
256,Aditya,Nair,"231, Gandhi Street, Coimbatore",9271328384,aditya.nair256@example.com,PNCDU3106P,692960969183,ACTIVE
257,Karthik,Pillai,"326, Lake View, Mumbai",9500489960,karthik.pillai257@example.com,ZJKMC3344Z,134235799493,ACTIVE
258,Sneha,Pillai,"141, MG Road, Mumbai",9213248080,sneha.pillai258@example.com,RGQEH2938D,382380629110,ACTIVE
259,Priya,Jain,"569, MG Road, Bengaluru",9991025380,priya.jain259@example.com,IPAIW6071F,399148897577,ACTIVE
260,Kiran,Pillai,"104, Anna Salai, Hyderabad",9076284699,kiran.pillai260@example.com,BPDJU9750X,774504545076,ACTIVE
261,Sneha,Chopra,"319, MG Road, Kochi",9720275344,sneha.chopra261@example.com,BLFSL6177P,210949058155,ACTIVE
262,Aarav,Bose,"809, Anna Salai, Hyderabad",9050167630,aarav.bose262@example.com,OOFPA8041T,442807139055,ACTIVE
263,Nisha,Iyer,"951, Lake View, Mumbai",9392838190,nisha.iyer263@example.com,FIIVV1123V,297966217518,ACTIVE
264,Nisha,Jain,"224, Temple Road, Bengaluru",9571371206,nisha.jain264@example.com,INPXD2808B,804711966720,ACTIVE
265,Priya,Sharma,"574, Brigade Road, Coimbatore",9416333453,priya.sharma265@example.com,PASHS1971T,479647137409,ACTIVE
266,Aarav,Bose,"676, Anna Salai, Delhi",9449759891,aarav.bose266@example.com,SEAQQ3964O,366862674313,ACTIVE
267,Ananya,Nair,"298, MG Road, Mumbai",9241080672,ananya.nair267@example.com,SDKUW3724L,905259738403,ACTIVE
268,Kiran,Pillai,"382, Nehru Nagar, Hyderabad",9642430711,kiran.pillai268@example.com,MQTVC1049N,846884682306,ACTIVE
269,Nisha,Mishra,"587, Nehru Nagar, Chennai",9483179006,nisha.mishra269@example.com,XAWHD2048H,752105793864,ACTIVE
270,Sneha,Gupta,"9, MG Road, Mumbai",9503331042,sneha.gupta270@example.com,IJSMM9991F,493303963071,ACTIVE
271,Aarav,Patel,"14, Anna Salai, Pune",9333377282,aarav.patel271@example.com,IRXUZ1831G,640811429022,ACTIVE
272,Aarav,Pillai,"728, Brigade Road, Delhi",9490911061,aarav.pillai272@example.com,DGHTT9331S,266023816847,ACTIVE
273,Suresh,Singh,"920, Lake View, Hyderabad",9631919821,suresh.singh273@example.com,CNIKK6197Z,662827264346,ACTIVE
274,Diya,Nair,"574, Nehru Nagar, Mumbai",9544952313,diya.nair274@example.com,FOTGF7046J,771810201881,ACTIVE
275,Lakshmi,Yadav,"94, Brigade Road, Pune",9216830429,lakshmi.yadav275@example.com,LEBCC6103I,818883475948,ACTIVE
276,Arjun,Bose,"692, Gandhi Street, Coimbatore",9654246529,arjun.bose276@example.com,JIQFT2071F,474114107525,ACTIVE
277,Vivaan,Kumar,"489, Brigade Road, Hyderabad",9079139248,vivaan.kumar277@example.com,AXSCM4288F,168482785893,ACTIVE
278,Lakshmi,Singh,"609, Temple Road, Coimbatore",9850006848,lakshmi.singh278@example.com,BCZTL8615M,414913726132,ACTIVE
279,Karthik,Verma,"839, Park Avenue, Coimbatore",9510406683,karthik.verma279@example.com,LMKMO3227S,151567898177,ACTIVE
280,Aditya,Menon,"280, Temple Road, Pune",9534327067,aditya.menon280@example.com,SNYSB7032H,265080242167,ACTIVE
281,Rahul,Jain,"36, Temple Road, Delhi",9687959986,rahul.jain281@example.com,CGZHH6855A,498117454408,ACTIVE
282,Pooja,Kumar,"703, Anna Salai, Delhi",9089988868,pooja.kumar282@example.com,DOTOI9673P,424931981468,ACTIVE
283,Rahul,Singh,"25, Lake View, Delhi",9492805805,rahul.singh283@example.com,ATCVI6373D,613437335784,ACTIVE
284,Aditya,Gupta,"381, Gandhi Street, Mumbai",9885473483,aditya.gupta284@example.com,WQKAO3507Z,515245054687,ACTIVE
285,Rahul,Menon,"320, Lake View, Pune",9712522769,rahul.menon285@example.com,XBASI7605N,183176340861,ACTIVE
286,Ananya,Das,"399, Anna Salai, Hyderabad",9203696232,ananya.das286@example.com,SAVED3877J,715298381658,ACTIVE
287,Priya,Chopra,"494, Brigade Road, Bengaluru",9633305147,priya.chopra287@example.com,GZSEC9517Q,298682903621,ACTIVE
288,Riya,Singh,"238, Nehru Nagar, Delhi",9241098430,riya.singh288@example.com,VXIYR9802N,332310324628,ACTIVE
289,Aarav,Iyer,"250, Brigade Road, Bengaluru",9852405426,aarav.iyer289@example.com,TUWGK9151P,782952936814,ACTIVE
290,Aditya,Chopra,"279, Park Avenue, Kochi",9353930734,aditya.chopra290@example.com,QFJVC3749D,224093160280,ACTIVE
291,Vikram,Gupta,"685, MG Road, Kochi",9581368504,vikram.gupta291@example.com,EMONT3865E,827418280965,ACTIVE
292,Ananya,Pillai,"893, Anna Salai, Delhi",9611220618,ananya.pillai292@example.com,JTUJX9174N,265989782852,ACTIVE
293,Rahul,Yadav,"29, Brigade Road, Coimbatore",9403233701,rahul.yadav293@example.com,OPKYH4078Q,304310577799,ACTIVE
294,Suresh,Reddy,"717, Temple Road, Mumbai",9075603879,suresh.reddy294@example.com,TEKZL7603F,820431864431,ACTIVE
295,Pooja,Chopra,"362, Temple Road, Pune",9280874651,pooja.chopra295@example.com,FLDDR4628R,641006938691,ACTIVE
296,Diya,Yadav,"511, Temple Road, Kochi",9870522468,diya.yadav296@example.com,YYNZW6041O,949240398152,ACTIVE
297,Vikram,Pillai,"153, Nehru Nagar, Pune",9758229832,vikram.pillai297@example.com,XAJUK4964D,391054203458,ACTIVE
298,Kiran,Kumar,"724, Temple Road, Kochi",9656484753,kiran.kumar298@example.com,RSRZN3185B,202864269372,BLOCKED
299,Meera,Bose,"498, Anna Salai, Coimbatore",9336650803,meera.bose299@example.com,HFMBQ2950N,316986999610,ACTIVE
300,Priya,Jain,"871, Nehru Nagar, Coimbatore",9189044408,priya.jain300@example.com,UCSRG4211O,499445982642,ACTIVE
301,Deepa,Mishra,"779, Anna Salai, Chennai",9800059853,deepa.mishra301@example.com,ZZSFR6742U,563508081271,ACTIVE
302,Aditya,Joshi,"260, Lake View, Bengaluru",9294232170,aditya.joshi302@example.com,ABCTP8145X,812782478837,ACTIVE
303,Sanjay,Joshi,"244, Brigade Road, Hyderabad",9672199629,sanjay.joshi303@example.com,NVCZX1680U,496445375288,ACTIVE
304,Nisha,Chopra,"926, MG Road, Bengaluru",9223206611,nisha.chopra304@example.com,RJLDM7768H,988613141060,ACTIVE
305,Diya,Nair,"390, Lake View, Mumbai",9231330989,diya.nair305@example.com,FUQEH4326Z,517578060299,ACTIVE
306,Pooja,Rao,"430, Temple Road, Coimbatore",9982085860,pooja.rao306@example.com,STHYN8907O,559747379048,ACTIVE
307,Priya,Patel,"730, Lake View, Chennai",9113145993,priya.patel307@example.com,VOBVO2356J,973151400286,ACTIVE
308,Priya,Verma,"541, Temple Road, Chennai",9798910504,priya.verma308@example.com,HCQIV4272F,372799534410,ACTIVE
309,Sanjay,Reddy,"916, Nehru Nagar, Delhi",9306436779,sanjay.reddy309@example.com,KZWDS9408B,948514847375,ACTIVE
310,Ananya,Gupta,"141, Nehru Nagar, Kochi",9249933603,ananya.gupta310@example.com,BDWHM7829G,203390994257,ACTIVE
311,Rahul,Reddy,"837, Brigade Road, Chennai",9774090366,rahul.reddy311@example.com,CWZOL7990N,947309733520,ACTIVE
312,Deepa,Mishra,"806, Park Avenue, Pune",9564683859,deepa.mishra312@example.com,SEFBR6955Y,672951061006,ACTIVE
313,Aarav,Gupta,"50, Lake View, Pune",9966915264,aarav.gupta313@example.com,VCAZG9523S,892249427659,ACTIVE
314,Riya,Gupta,"266, Lake View, Coimbatore",9157793778,riya.gupta314@example.com,VFMVE7154Z,708560374874,ACTIVE
315,Suresh,Menon,"695, Temple Road, Chennai",9287614264,suresh.menon315@example.com,YRHJO2691Y,253312637245,BLOCKED
316,Aditya,Das,"345, Nehru Nagar, Kochi",9814214115,aditya.das316@example.com,OHIOU4964S,812781190991,ACTIVE
317,Kiran,Mishra,"874, Lake View, Chennai",9394354189,kiran.mishra317@example.com,HCBMP1466N,319604211223,ACTIVE
318,Arjun,Kapoor,"21, Nehru Nagar, Mumbai",9938158978,arjun.kapoor318@example.com,RQQXX8293W,679746177843,ACTIVE
319,Sneha,Iyer,"641, Nehru Nagar, Kochi",9749270648,sneha.iyer319@example.com,LNIJY3731C,279143621046,ACTIVE
320,Aditya,Kumar,"566, Nehru Nagar, Mumbai",9590152959,aditya.kumar320@example.com,VYQYE2921U,600690594798,ACTIVE
321,Nisha,Joshi,"822, Anna Salai, Bengaluru",9843190927,nisha.joshi321@example.com,XNKUI8445K,838660388086,ACTIVE
322,Deepa,Joshi,"477, Anna Salai, Hyderabad",9993429157,deepa.joshi322@example.com,DFINY7440M,718285892858,ACTIVE
323,Rahul,Das,"408, Gandhi Street, Kochi",9205875899,rahul.das323@example.com,SZTAR5130J,342274423264,ACTIVE
324,Meera,Gupta,"734, Anna Salai, Chennai",9758267935,meera.gupta324@example.com,OAWXE3861A,140022862499,ACTIVE
325,Karthik,Joshi,"68, Gandhi Street, Chennai",9469634437,karthik.joshi325@example.com,KBMTY8706W,682385823165,ACTIVE
326,Riya,Chopra,"84, Temple Road, Kochi",9222556608,riya.chopra326@example.com,NRZBA9034P,814590579419,ACTIVE
327,Riya,Iyer,"44, Temple Road, Chennai",9797048690,riya.iyer327@example.com,PLSPX3657H,256626870650,ACTIVE
328,Lakshmi,Patel,"40, Gandhi Street, Hyderabad",9711008072,lakshmi.patel328@example.com,LHHHW1084Q,642201934560,ACTIVE
329,Sanjay,Gupta,"224, Anna Salai, Coimbatore",9384511516,sanjay.gupta329@example.com,XQMSR9525C,492536273615,BLOCKED
330,Aditya,Reddy,"989, Nehru Nagar, Mumbai",9299486114,aditya.reddy330@example.com,NVMTA1789B,354272912790,ACTIVE
331,Kiran,Chopra,"941, Brigade Road, Hyderabad",9802446319,kiran.chopra331@example.com,OLOMJ3794F,675506759597,BLOCKED
332,Rahul,Pillai,"773, Park Avenue, Hyderabad",9625562286,rahul.pillai332@example.com,EAAEY5214J,958402933715,ACTIVE
333,Pooja,Reddy,"829, MG Road, Kochi",9047351613,pooja.reddy333@example.com,QCXRN5050J,875991142828,ACTIVE
334,Arjun,Kumar,"651, MG Road, Chennai",9512865695,arjun.kumar334@example.com,ZXHCV5129H,153953724517,ACTIVE
335,Sanjay,Mishra,"861, Brigade Road, Chennai",9372297267,sanjay.mishra335@example.com,HOZBH1527A,401479667503,ACTIVE
336,Arjun,Pillai,"625, MG Road, Pune",9889702948,arjun.pillai336@example.com,WGHVD1194T,117336146685,ACTIVE
337,Rahul,Verma,"503, Brigade Road, Coimbatore",9800927259,rahul.verma337@example.com,PDUDU7252B,330452805042,ACTIVE
338,Deepa,Mishra,"198, Nehru Nagar, Hyderabad",9245939793,deepa.mishra338@example.com,SJKLK3258I,847196689036,ACTIVE
339,Karthik,Joshi,"332, Brigade Road, Pune",9912600698,karthik.joshi339@example.com,HHXYE6153P,369205426663,ACTIVE
340,Ananya,Kapoor,"947, Temple Road, Chennai",9556883833,ananya.kapoor340@example.com,UIAQE6551R,119274608265,ACTIVE
341,Priya,Bose,"356, Temple Road, Delhi",9762489440,priya.bose341@example.com,MXXFY3989T,142326503094,ACTIVE
342,Vivaan,Yadav,"663, Gandhi Street, Bengaluru",9131917463,vivaan.yadav342@example.com,OBFQH1660W,796990180395,ACTIVE
343,Sanjay,Patel,"134, Brigade Road, Mumbai",9517151820,sanjay.patel343@example.com,UREMU2104O,754470870600,ACTIVE
344,Ananya,Kumar,"60, Brigade Road, Mumbai",9522296529,ananya.kumar344@example.com,LGECI4805Z,938907810346,ACTIVE
345,Diya,Sharma,"148, Nehru Nagar, Bengaluru",9723007851,diya.sharma345@example.com,CCHHQ9233D,595121887726,ACTIVE
346,Sanjay,Patel,"753, Park Avenue, Coimbatore",9200307823,sanjay.patel346@example.com,NYRKN4120Z,486974436671,ACTIVE
347,Rahul,Gupta,"607, Lake View, Hyderabad",9641138179,rahul.gupta347@example.com,GHFFN5429A,755921651094,BLOCKED
348,Ananya,Kapoor,"464, Lake View, Hyderabad",9976430485,ananya.kapoor348@example.com,LNZLP6417J,278836892592,ACTIVE
349,Suresh,Chopra,"461, Park Avenue, Coimbatore",9492509722,suresh.chopra349@example.com,DQQZI9317U,910765150798,ACTIVE
350,Sneha,Menon,"711, Anna Salai, Kochi",9294911503,sneha.menon350@example.com,TIMVB6836I,441275961580,ACTIVE
351,Diya,Menon,"369, Brigade Road, Bengaluru",9962503024,diya.menon351@example.com,LZZJY9553T,608166127655,ACTIVE
352,Nisha,Reddy,"767, Anna Salai, Mumbai",9496547362,nisha.reddy352@example.com,RFUHT2250M,636642428691,ACTIVE
353,Kiran,Pillai,"607, MG Road, Delhi",9225085204,kiran.pillai353@example.com,ISXKM6177S,676380699960,BLOCKED
354,Priya,Jain,"360, Brigade Road, Bengaluru",9155676475,priya.jain354@example.com,FFHGV2607Z,431175766147,ACTIVE
355,Priya,Mishra,"528, MG Road, Pune",9121483275,priya.mishra355@example.com,YLTYS4710O,134126246830,ACTIVE
356,Deepa,Singh,"995, Brigade Road, Hyderabad",9804496238,deepa.singh356@example.com,YTOCJ1562X,401096521723,ACTIVE
357,Priya,Das,"911, MG Road, Delhi",9730267529,priya.das357@example.com,WBSSC5769P,310770423001,ACTIVE
358,Vivaan,Sharma,"50, Gandhi Street, Delhi",9229963288,vivaan.sharma358@example.com,EBZNU5419G,898082769722,ACTIVE
359,Karthik,Sharma,"34, MG Road, Mumbai",9942433454,karthik.sharma359@example.com,OFHMF7359D,803941787035,BLOCKED
360,Nisha,Nair,"845, Lake View, Coimbatore",9769615503,nisha.nair360@example.com,BCWOF9989H,704160598866,ACTIVE
361,Rahul,Joshi,"5, Anna Salai, Hyderabad",9085705738,rahul.joshi361@example.com,ISGXV9044M,713318509302,ACTIVE
362,Aarav,Nair,"152, Lake View, Chennai",9232503419,aarav.nair362@example.com,DVLGQ3852T,108897414894,ACTIVE
363,Vikram,Chopra,"266, Temple Road, Chennai",9754168721,vikram.chopra363@example.com,AIKJD9443B,140323679466,ACTIVE
364,Lakshmi,Joshi,"326, Gandhi Street, Kochi",9646808898,lakshmi.joshi364@example.com,SUHVJ1839H,897926642973,ACTIVE
365,Nisha,Jain,"207, Park Avenue, Hyderabad",9671791595,nisha.jain365@example.com,FKVHR1737N,912514076455,ACTIVE
366,Rahul,Singh,"289, Park Avenue, Kochi",9803803713,rahul.singh366@example.com,FUKWV4025X,156890393887,ACTIVE
367,Deepa,Iyer,"781, MG Road, Kochi",9584858327,deepa.iyer367@example.com,ZIDDL5083Y,978085251075,ACTIVE
368,Sneha,Patel,"686, Anna Salai, Coimbatore",9340332299,sneha.patel368@example.com,VZYKO2906W,911800870301,ACTIVE
369,Aarav,Reddy,"127, Temple Road, Hyderabad",9490494996,aarav.reddy369@example.com,ZUHFB8037Z,211596203236,BLOCKED
370,Vivaan,Patel,"465, Brigade Road, Mumbai",9348024217,vivaan.patel370@example.com,LUOSI4345W,638545493784,ACTIVE
371,Deepa,Jain,"790, Anna Salai, Chennai",9959815787,deepa.jain371@example.com,TRHSI3475L,798990764003,ACTIVE
372,Karthik,Kumar,"571, MG Road, Kochi",9784790675,karthik.kumar372@example.com,THUAL5804T,848771931543,ACTIVE
373,Riya,Iyer,"403, Temple Road, Delhi",9304953690,riya.iyer373@example.com,UBSXT3522X,766881570356,ACTIVE
374,Vivaan,Kumar,"99, Park Avenue, Mumbai",9371845737,vivaan.kumar374@example.com,APNHV4054F,354353985337,ACTIVE
375,Meera,Pillai,"60, Gandhi Street, Pune",9389297789,meera.pillai375@example.com,UHXVH7020U,748341165686,ACTIVE
376,Diya,Kapoor,"265, Gandhi Street, Chennai",9842740445,diya.kapoor376@example.com,PWLEP9176J,320681257149,ACTIVE
377,Diya,Nair,"193, Park Avenue, Coimbatore",9198668472,diya.nair377@example.com,FNUGL3879H,539576881461,ACTIVE
378,Ananya,Reddy,"215, Lake View, Coimbatore",9771200794,ananya.reddy378@example.com,BWDBT3833T,212458089592,ACTIVE
379,Suresh,Kumar,"564, Anna Salai, Pune",9246143301,suresh.kumar379@example.com,LRYTX3634I,594448712187,ACTIVE
380,Arjun,Sharma,"246, Brigade Road, Coimbatore",9184976113,arjun.sharma380@example.com,DAMEU5159Y,100496761817,ACTIVE
381,Kiran,Verma,"960, Anna Salai, Coimbatore",9829632223,kiran.verma381@example.com,ODZJI1768G,916743927958,ACTIVE
382,Vivaan,Kapoor,"329, Anna Salai, Hyderabad",9843673358,vivaan.kapoor382@example.com,YSJQF4058Y,507838084585,BLOCKED
383,Aditya,Patel,"669, Temple Road, Delhi",9284073015,aditya.patel383@example.com,AUXDM9392D,934873724569,ACTIVE
384,Pooja,Das,"154, Gandhi Street, Kochi",9449937339,pooja.das384@example.com,DIVIJ9275L,371076852289,ACTIVE
385,Vikram,Sharma,"440, Brigade Road, Hyderabad",9371240816,vikram.sharma385@example.com,ROQJK3755U,972487858548,ACTIVE
386,Lakshmi,Pillai,"41, Lake View, Mumbai",9003552738,lakshmi.pillai386@example.com,FSBBE1196H,501889225498,ACTIVE
387,Lakshmi,Rao,"697, Nehru Nagar, Coimbatore",9589028443,lakshmi.rao387@example.com,MWXLQ5480L,661383927635,ACTIVE
388,Karthik,Reddy,"854, Anna Salai, Kochi",9591160914,karthik.reddy388@example.com,SIEPE6669H,547352924368,ACTIVE
389,Deepa,Jain,"903, Temple Road, Delhi",9958182112,deepa.jain389@example.com,NNYCC4162M,463725799866,ACTIVE
390,Riya,Das,"922, Anna Salai, Hyderabad",9924009486,riya.das390@example.com,WSODE4456F,407066075458,ACTIVE
391,Kiran,Nair,"341, Gandhi Street, Mumbai",9958716547,kiran.nair391@example.com,AIYZY5348N,881817356497,ACTIVE
392,Sanjay,Pillai,"955, Temple Road, Bengaluru",9920937892,sanjay.pillai392@example.com,EMUIF7017T,177807567391,BLOCKED
393,Rahul,Pillai,"351, Nehru Nagar, Mumbai",9753315136,rahul.pillai393@example.com,TKFCN5935I,115564893166,ACTIVE
394,Riya,Jain,"726, Anna Salai, Coimbatore",9184470609,riya.jain394@example.com,RNKLO1664Y,741258199695,ACTIVE
395,Vivaan,Patel,"799, Lake View, Coimbatore",9028540878,vivaan.patel395@example.com,XOIUN8492W,357706423282,ACTIVE
396,Vivaan,Jain,"205, Park Avenue, Pune",9087652976,vivaan.jain396@example.com,VEFEG7133K,468753543002,ACTIVE
397,Vikram,Patel,"71, Nehru Nagar, Bengaluru",9840792283,vikram.patel397@example.com,ZPIMH5485N,557598461942,ACTIVE
398,Arjun,Patel,"628, Temple Road, Bengaluru",9139896361,arjun.patel398@example.com,COXZA9293W,667399451061,ACTIVE
399,Kiran,Joshi,"391, Brigade Road, Hyderabad",9811473830,kiran.joshi399@example.com,QBUEX3678T,250423093256,ACTIVE
400,Rahul,Menon,"635, Park Avenue, Coimbatore",9974371153,rahul.menon400@example.com,YVNSD8070N,550904260132,ACTIVE
401,Ananya,Gupta,"725, Lake View, Hyderabad",9687144274,ananya.gupta401@example.com,PKRPG5333P,937796582290,ACTIVE
402,Lakshmi,Chopra,"934, Lake View, Bengaluru",9746845712,lakshmi.chopra402@example.com,THVNI1590M,810297185879,ACTIVE
403,Riya,Jain,"977, Brigade Road, Hyderabad",9195352324,riya.jain403@example.com,JKBAO2480Q,459606666614,ACTIVE
404,Suresh,Kapoor,"677, Brigade Road, Chennai",9220075782,suresh.kapoor404@example.com,GAYSO8744D,384611676308,ACTIVE
405,Aarav,Menon,"22, Nehru Nagar, Pune",9563107887,aarav.menon405@example.com,AJTRN4297I,133559111764,ACTIVE
406,Vivaan,Jain,"210, Gandhi Street, Mumbai",9972901980,vivaan.jain406@example.com,GINVA2366W,790137028326,ACTIVE
407,Karthik,Das,"142, Lake View, Pune",9879507953,karthik.das407@example.com,KUEMD4802S,550902118740,ACTIVE
408,Suresh,Das,"36, Temple Road, Mumbai",9576741215,suresh.das408@example.com,DVPGR5498F,704363996357,ACTIVE
409,Vikram,Menon,"235, Gandhi Street, Mumbai",9850398975,vikram.menon409@example.com,DFPCX6428M,732361238968,ACTIVE
410,Pooja,Yadav,"49, MG Road, Hyderabad",9701254588,pooja.yadav410@example.com,CGGDJ5576J,157689223629,BLOCKED
411,Rahul,Patel,"702, Anna Salai, Kochi",9058150102,rahul.patel411@example.com,UOTLH3916Y,290997697701,ACTIVE
412,Sneha,Bose,"191, MG Road, Hyderabad",9713841019,sneha.bose412@example.com,IPQMA7365J,577006113346,ACTIVE
413,Meera,Iyer,"708, Nehru Nagar, Mumbai",9891740919,meera.iyer413@example.com,OBDIQ4933G,868789732503,BLOCKED
414,Rahul,Bose,"136, Gandhi Street, Bengaluru",9858696850,rahul.bose414@example.com,ICOIK7484E,233798452180,ACTIVE
415,Suresh,Sharma,"9, Anna Salai, Mumbai",9014297282,suresh.sharma415@example.com,VHNRE5963M,434285315312,ACTIVE
416,Karthik,Bose,"660, Nehru Nagar, Coimbatore",9002458931,karthik.bose416@example.com,SJCIH8472S,282192146198,ACTIVE
417,Deepa,Singh,"843, Park Avenue, Coimbatore",9614805956,deepa.singh417@example.com,NKWKJ6862O,716949941824,ACTIVE
418,Ananya,Menon,"976, Park Avenue, Bengaluru",9632107056,ananya.menon418@example.com,KKJDZ7040F,103169071368,ACTIVE
419,Aditya,Singh,"342, Lake View, Kochi",9464335602,aditya.singh419@example.com,HKYJE4786S,152334785070,ACTIVE
420,Pooja,Gupta,"175, Temple Road, Bengaluru",9392339462,pooja.gupta420@example.com,EZYME6282B,444493341432,ACTIVE
421,Kiran,Patel,"540, Temple Road, Coimbatore",9768872091,kiran.patel421@example.com,ERWMD5153U,217200997870,ACTIVE
422,Vivaan,Sharma,"141, Brigade Road, Mumbai",9854089397,vivaan.sharma422@example.com,CLURK8150R,920910694550,ACTIVE
423,Kiran,Singh,"815, Temple Road, Kochi",9688353957,kiran.singh423@example.com,XVOYZ7514O,784579466591,ACTIVE
424,Meera,Singh,"327, Anna Salai, Chennai",9992656240,meera.singh424@example.com,YKJEK2275K,361803091156,ACTIVE
425,Ananya,Chopra,"848, MG Road, Coimbatore",9606550124,ananya.chopra425@example.com,BGMAV9422C,925983126213,ACTIVE
426,Lakshmi,Kumar,"151, Gandhi Street, Coimbatore",9774788271,lakshmi.kumar426@example.com,HHKCY3494R,481509662769,ACTIVE
427,Priya,Sharma,"866, Anna Salai, Delhi",9430921332,priya.sharma427@example.com,PDDEO7580C,385094848128,ACTIVE
428,Priya,Bose,"646, Nehru Nagar, Hyderabad",9853496563,priya.bose428@example.com,HQLNJ3554Q,887748604367,ACTIVE
429,Kiran,Sharma,"249, Lake View, Pune",9880158176,kiran.sharma429@example.com,KUYNI5987I,382799696208,BLOCKED
430,Aarav,Mishra,"519, Park Avenue, Delhi",9857944428,aarav.mishra430@example.com,YIBLS6360E,788207165455,ACTIVE
431,Aditya,Sharma,"521, Gandhi Street, Kochi",9654474406,aditya.sharma431@example.com,IRWRI3415T,200302431838,ACTIVE
432,Priya,Reddy,"542, MG Road, Chennai",9741586680,priya.reddy432@example.com,YPRHU8135M,524348609860,ACTIVE
433,Nisha,Jain,"365, MG Road, Hyderabad",9576875084,nisha.jain433@example.com,UKBSV9594D,643275459671,ACTIVE
434,Sanjay,Nair,"188, Park Avenue, Mumbai",9245079458,sanjay.nair434@example.com,JMPXF2997Y,435342427278,ACTIVE
435,Meera,Jain,"917, Nehru Nagar, Chennai",9901145400,meera.jain435@example.com,BJXEJ2091Y,578909195560,ACTIVE
436,Aarav,Joshi,"941, Nehru Nagar, Coimbatore",9801020384,aarav.joshi436@example.com,RVOGX9848O,265092628813,ACTIVE
437,Diya,Sharma,"319, Park Avenue, Hyderabad",9074256112,diya.sharma437@example.com,DZGPC9821M,547886341284,ACTIVE
438,Rahul,Chopra,"700, Gandhi Street, Delhi",9824956641,rahul.chopra438@example.com,JUPXX9081F,452074429955,ACTIVE
439,Sanjay,Joshi,"547, Park Avenue, Kochi",9686310743,sanjay.joshi439@example.com,WGIAJ6414V,337336469796,ACTIVE
440,Vikram,Patel,"377, Temple Road, Coimbatore",9352931905,vikram.patel440@example.com,LRVDA3793R,413054700539,ACTIVE
441,Aditya,Mishra,"692, Brigade Road, Coimbatore",9537272525,aditya.mishra441@example.com,JNHRU5482B,258268501974,BLOCKED
442,Lakshmi,Verma,"176, Temple Road, Kochi",9992986966,lakshmi.verma442@example.com,XLHUT7791X,196230238989,ACTIVE
443,Rahul,Chopra,"534, Lake View, Mumbai",9400835687,rahul.chopra443@example.com,ONMHW1638Q,298436168494,ACTIVE
444,Lakshmi,Reddy,"297, Anna Salai, Delhi",9897498234,lakshmi.reddy444@example.com,NBGYT3321A,563994282245,ACTIVE
445,Aditya,Nair,"658, Brigade Road, Kochi",9908370822,aditya.nair445@example.com,TQTXO1568Z,964895843871,ACTIVE
446,Diya,Reddy,"899, Gandhi Street, Mumbai",9316685527,diya.reddy446@example.com,OKSTZ8411X,349031265293,ACTIVE
447,Aarav,Sharma,"399, MG Road, Coimbatore",9723502319,aarav.sharma447@example.com,UGVAE2380T,880122165362,ACTIVE
448,Suresh,Verma,"500, Park Avenue, Kochi",9461217007,suresh.verma448@example.com,EVFDL5583O,334746817831,ACTIVE
449,Vikram,Chopra,"297, Park Avenue, Bengaluru",9448510985,vikram.chopra449@example.com,ICHFO8102M,567252475041,ACTIVE
450,Pooja,Mishra,"344, Lake View, Coimbatore",9074123705,pooja.mishra450@example.com,ONMKM1728C,965300953483,ACTIVE
451,Diya,Iyer,"431, Brigade Road, Chennai",9124165933,diya.iyer451@example.com,XWFCF4916O,731368371985,ACTIVE
452,Vivaan,Singh,"209, Lake View, Mumbai",9201484393,vivaan.singh452@example.com,AZVFG1677K,608262896661,ACTIVE
453,Deepa,Nair,"809, Anna Salai, Bengaluru",9105314958,deepa.nair453@example.com,VRXIL8429Z,703096415583,ACTIVE
454,Aditya,Iyer,"729, Gandhi Street, Mumbai",9555510908,aditya.iyer454@example.com,DRBMK5050M,373876160235,ACTIVE
455,Lakshmi,Jain,"703, Park Avenue, Delhi",9840246906,lakshmi.jain455@example.com,VNAKC6850Y,729788423170,ACTIVE
456,Sneha,Patel,"755, Park Avenue, Kochi",9602929955,sneha.patel456@example.com,IEGSD8546W,778899301635,ACTIVE
457,Meera,Yadav,"937, Nehru Nagar, Pune",9493744499,meera.yadav457@example.com,BEPSB1676M,671353919867,ACTIVE
458,Lakshmi,Reddy,"944, Park Avenue, Mumbai",9494878351,lakshmi.reddy458@example.com,SHKXI2200R,188726451313,ACTIVE
459,Sneha,Sharma,"684, Lake View, Mumbai",9640557381,sneha.sharma459@example.com,GNWBO7341C,344113420658,ACTIVE
460,Suresh,Verma,"812, Brigade Road, Delhi",9989615586,suresh.verma460@example.com,ODVZE1923K,678517086561,ACTIVE
461,Diya,Mishra,"397, Anna Salai, Delhi",9264304502,diya.mishra461@example.com,TDVCE6237N,547557296064,ACTIVE
462,Riya,Kumar,"228, MG Road, Chennai",9812315814,riya.kumar462@example.com,JRVVJ2586M,243911277330,ACTIVE
463,Vikram,Jain,"703, Lake View, Chennai",9574187019,vikram.jain463@example.com,NXZBK5861O,462375137641,ACTIVE
464,Arjun,Patel,"672, Lake View, Pune",9871188366,arjun.patel464@example.com,MXROX2426D,202931543575,ACTIVE
465,Kiran,Nair,"718, MG Road, Coimbatore",9305950290,kiran.nair465@example.com,TSHZE3689R,824373474098,ACTIVE
466,Sneha,Sharma,"412, Lake View, Mumbai",9425026366,sneha.sharma466@example.com,ZMSTE5909S,196017151283,ACTIVE
467,Vivaan,Yadav,"781, Temple Road, Coimbatore",9786515422,vivaan.yadav467@example.com,RUTRH2330X,442852426302,ACTIVE
468,Sanjay,Kapoor,"627, Nehru Nagar, Coimbatore",9489583212,sanjay.kapoor468@example.com,ULNJH5917G,526018841315,ACTIVE
469,Ananya,Menon,"368, Temple Road, Delhi",9283300328,ananya.menon469@example.com,MTFLW5472C,417472475735,ACTIVE
470,Priya,Kapoor,"973, MG Road, Bengaluru",9696993395,priya.kapoor470@example.com,NDCOW5006R,439684320486,ACTIVE
471,Karthik,Gupta,"983, Park Avenue, Kochi",9266525415,karthik.gupta471@example.com,BBRJY5432V,138456942133,ACTIVE
472,Deepa,Menon,"275, Gandhi Street, Pune",9808252327,deepa.menon472@example.com,GYBWR3753I,503582187829,ACTIVE
473,Diya,Mishra,"680, Lake View, Kochi",9809552460,diya.mishra473@example.com,AHVNS1954R,618646685222,ACTIVE
474,Deepa,Singh,"44, Lake View, Mumbai",9034441749,deepa.singh474@example.com,WEWTE7721L,345984371778,ACTIVE
475,Priya,Verma,"380, MG Road, Bengaluru",9715971688,priya.verma475@example.com,XFPNR8982S,280934060030,ACTIVE
476,Riya,Chopra,"557, Gandhi Street, Hyderabad",9849552718,riya.chopra476@example.com,GQFOY7336G,776607917328,ACTIVE
477,Priya,Rao,"273, Park Avenue, Chennai",9279040384,priya.rao477@example.com,PHBWP4325I,174043287444,ACTIVE
478,Diya,Jain,"519, Gandhi Street, Chennai",9333526216,diya.jain478@example.com,CLCUP9748R,615283646392,ACTIVE
479,Aarav,Reddy,"898, Brigade Road, Chennai",9479770434,aarav.reddy479@example.com,OWFHT5740W,827250005987,ACTIVE
480,Vikram,Chopra,"745, Park Avenue, Chennai",9585798319,vikram.chopra480@example.com,VPQFA7962U,599619631758,ACTIVE
481,Vikram,Gupta,"176, MG Road, Coimbatore",9799414233,vikram.gupta481@example.com,DENLI9563F,491556663091,ACTIVE
482,Ananya,Chopra,"609, Brigade Road, Bengaluru",9950512509,ananya.chopra482@example.com,QERNK1386A,229734769092,ACTIVE
483,Vikram,Jain,"14, MG Road, Kochi",9300964243,vikram.jain483@example.com,MUWMD6751Q,523725074046,ACTIVE
484,Karthik,Pillai,"325, Lake View, Mumbai",9845132635,karthik.pillai484@example.com,BDMNM3187E,202776135135,BLOCKED
485,Karthik,Verma,"346, Park Avenue, Chennai",9637545442,karthik.verma485@example.com,WRKOA3490C,131314581026,BLOCKED
486,Pooja,Kumar,"918, Anna Salai, Delhi",9471087849,pooja.kumar486@example.com,CSFXB7667I,989164597422,ACTIVE
487,Aarav,Kapoor,"465, Anna Salai, Kochi",9193593723,aarav.kapoor487@example.com,JEXZI6007Z,567139388966,ACTIVE
488,Pooja,Sharma,"347, Brigade Road, Delhi",9133949634,pooja.sharma488@example.com,JBWLP8692R,853363292093,BLOCKED
489,Aditya,Yadav,"519, Gandhi Street, Mumbai",9813139066,aditya.yadav489@example.com,QRJPG3707I,821290924553,ACTIVE
490,Riya,Rao,"77, Park Avenue, Delhi",9299426695,riya.rao490@example.com,AZINO5853I,696219305861,ACTIVE
491,Lakshmi,Mishra,"357, Lake View, Delhi",9401500401,lakshmi.mishra491@example.com,JACVN1240K,248816061968,ACTIVE
492,Nisha,Jain,"85, Gandhi Street, Hyderabad",9164642456,nisha.jain492@example.com,DQQLS8387G,142751784130,ACTIVE
493,Aarav,Pillai,"417, Temple Road, Coimbatore",9422663066,aarav.pillai493@example.com,YCWYL3577H,904620215506,BLOCKED
494,Sneha,Kapoor,"757, Nehru Nagar, Mumbai",9526456550,sneha.kapoor494@example.com,CAUUI2267P,278338646990,ACTIVE
495,Deepa,Joshi,"425, Brigade Road, Chennai",9415251483,deepa.joshi495@example.com,SBGJY7635B,533182890589,BLOCKED
496,Sneha,Pillai,"163, Anna Salai, Delhi",9103028911,sneha.pillai496@example.com,GLSAN5121E,927126360897,ACTIVE
497,Deepa,Reddy,"802, Park Avenue, Bengaluru",9973524323,deepa.reddy497@example.com,OUAZX1665B,882257557153,BLOCKED
498,Aditya,Rao,"637, Park Avenue, Bengaluru",9737114968,aditya.rao498@example.com,CPJCT6409Y,594143460677,ACTIVE
499,Deepa,Joshi,"373, Nehru Nagar, Delhi",9892053095,deepa.joshi499@example.com,EKUMV6025I,225707579101,ACTIVE
500,Vivaan,Jain,"160, Brigade Road, Hyderabad",9226527347,vivaan.jain500@example.com,UGFBY7444E,128474422455,ACTIVE
501,Vikram,Nair,"43, Park Avenue, Coimbatore",9664168794,vikram.nair501@example.com,GDEWU7243Y,586148509110,ACTIVE
502,Vivaan,Patel,"898, Brigade Road, Delhi",9772030521,vivaan.patel502@example.com,ZSCGY1467R,984410796001,ACTIVE
503,Arjun,Rao,"813, Nehru Nagar, Kochi",9880522314,arjun.rao503@example.com,AZXSN5124W,337924624370,BLOCKED
504,Sneha,Chopra,"425, Anna Salai, Chennai",9218723128,sneha.chopra504@example.com,DSJYA3884X,940995022051,ACTIVE
505,Diya,Iyer,"775, Temple Road, Delhi",9025733609,diya.iyer505@example.com,AUOBS8613B,161265637723,ACTIVE
506,Sanjay,Menon,"294, Brigade Road, Delhi",9333078646,sanjay.menon506@example.com,TEGCE3256Q,673430036413,ACTIVE
507,Nisha,Reddy,"550, Gandhi Street, Kochi",9068124883,nisha.reddy507@example.com,XJPDQ9470G,910121353138,ACTIVE
508,Ananya,Joshi,"178, MG Road, Hyderabad",9365673874,ananya.joshi508@example.com,PUCTS3020B,193084364016,ACTIVE
509,Meera,Menon,"438, Nehru Nagar, Mumbai",9754728130,meera.menon509@example.com,LOJNN7706Q,481735350917,ACTIVE
510,Nisha,Singh,"341, Park Avenue, Coimbatore",9947005610,nisha.singh510@example.com,ABWAN7047H,589334376047,ACTIVE
511,Priya,Kapoor,"266, Brigade Road, Pune",9496900057,priya.kapoor511@example.com,BUACJ5388C,158339620675,BLOCKED
512,Aarav,Yadav,"737, Lake View, Hyderabad",9896797589,aarav.yadav512@example.com,VDMTO7639I,930889654939,ACTIVE
513,Rahul,Kapoor,"447, Gandhi Street, Kochi",9115012769,rahul.kapoor513@example.com,TAIXR1703Q,250492862216,ACTIVE
514,Meera,Gupta,"989, MG Road, Kochi",9286783774,meera.gupta514@example.com,EYYCT6335N,329907248992,ACTIVE
515,Nisha,Patel,"208, Anna Salai, Hyderabad",9377152181,nisha.patel515@example.com,JDFYL8997X,697370199963,ACTIVE
516,Karthik,Reddy,"930, Lake View, Coimbatore",9304378592,karthik.reddy516@example.com,FALNV9736Q,489918654851,ACTIVE
517,Aditya,Yadav,"939, Temple Road, Pune",9221041535,aditya.yadav517@example.com,LGJXO4014C,175202821359,ACTIVE
518,Sanjay,Nair,"104, Park Avenue, Hyderabad",9248020126,sanjay.nair518@example.com,FKUXC6306F,129807464199,ACTIVE
519,Kiran,Joshi,"840, Lake View, Chennai",9730179777,kiran.joshi519@example.com,WPYIH7496R,862528508091,BLOCKED
520,Pooja,Bose,"588, Park Avenue, Mumbai",9872763658,pooja.bose520@example.com,SWGHY5606Z,996352821149,ACTIVE
521,Vivaan,Joshi,"105, Lake View, Chennai",9852332976,vivaan.joshi521@example.com,MDAPY9598F,651755544671,ACTIVE
522,Deepa,Nair,"509, MG Road, Delhi",9627616933,deepa.nair522@example.com,OQOED9943L,593699106025,ACTIVE
523,Aarav,Chopra,"568, Anna Salai, Bengaluru",9493782654,aarav.chopra523@example.com,LNZYX6408C,754261717423,ACTIVE
524,Lakshmi,Sharma,"203, Park Avenue, Delhi",9761128635,lakshmi.sharma524@example.com,MAAAF3484V,929361754439,ACTIVE
525,Nisha,Sharma,"676, MG Road, Bengaluru",9071569500,nisha.sharma525@example.com,XQKCK3439E,323098876963,ACTIVE
526,Aarav,Gupta,"806, Nehru Nagar, Bengaluru",9513499430,aarav.gupta526@example.com,YRAIT8511F,198530376356,BLOCKED
527,Arjun,Pillai,"7, Park Avenue, Hyderabad",9806357095,arjun.pillai527@example.com,KKOGP8598X,616613282209,ACTIVE
528,Aarav,Nair,"450, Anna Salai, Kochi",9186326009,aarav.nair528@example.com,SRMFQ6019I,598699059205,ACTIVE
529,Vivaan,Yadav,"400, Anna Salai, Bengaluru",9839738375,vivaan.yadav529@example.com,HLCLA5188D,235564924686,ACTIVE
530,Ananya,Patel,"594, Lake View, Chennai",9240577514,ananya.patel530@example.com,MFPWN4804T,323531338176,ACTIVE
531,Aditya,Verma,"284, Gandhi Street, Mumbai",9479930880,aditya.verma531@example.com,SRNMU8861I,186846241685,ACTIVE
532,Vikram,Yadav,"451, Park Avenue, Bengaluru",9605175684,vikram.yadav532@example.com,WHRCW6725Z,674886116367,ACTIVE
533,Aditya,Bose,"65, Brigade Road, Kochi",9618050293,aditya.bose533@example.com,WNTKE4637U,480323624948,ACTIVE
534,Karthik,Sharma,"997, Brigade Road, Chennai",9288377982,karthik.sharma534@example.com,XFJCI5757O,899783333280,ACTIVE
535,Vivaan,Rao,"254, Park Avenue, Chennai",9032687389,vivaan.rao535@example.com,ENSUP5476P,403536294754,ACTIVE
536,Priya,Jain,"700, Temple Road, Coimbatore",9310000648,priya.jain536@example.com,CZBYC1450O,467496207840,ACTIVE
537,Priya,Mishra,"534, Nehru Nagar, Coimbatore",9948147214,priya.mishra537@example.com,KXFDH6746E,965313824574,ACTIVE
538,Riya,Kumar,"117, Lake View, Kochi",9605846471,riya.kumar538@example.com,FVOYN6985E,727936317825,ACTIVE
539,Priya,Verma,"69, Anna Salai, Pune",9647208432,priya.verma539@example.com,CSKGL3539J,361883872018,ACTIVE
540,Meera,Rao,"23, Gandhi Street, Chennai",9979810907,meera.rao540@example.com,RQLNB6793E,872416984426,ACTIVE
541,Lakshmi,Nair,"953, Park Avenue, Chennai",9689117502,lakshmi.nair541@example.com,FLKJE3651C,208110992624,ACTIVE
542,Aditya,Verma,"600, Gandhi Street, Hyderabad",9480412361,aditya.verma542@example.com,UQYMT8028B,326736815341,ACTIVE
543,Lakshmi,Kumar,"282, Park Avenue, Hyderabad",9426652583,lakshmi.kumar543@example.com,QRZLO5820K,566549136573,ACTIVE
544,Aditya,Patel,"452, Temple Road, Kochi",9731307679,aditya.patel544@example.com,NTRPB2662X,429937556813,ACTIVE
545,Meera,Nair,"603, Lake View, Kochi",9044194072,meera.nair545@example.com,EIIWS1270Q,793106533228,ACTIVE
546,Diya,Pillai,"415, Nehru Nagar, Kochi",9649544452,diya.pillai546@example.com,HQYWH9768Q,290871144582,ACTIVE
547,Vivaan,Patel,"39, Brigade Road, Delhi",9740976411,vivaan.patel547@example.com,AMKDS3917B,588711030968,ACTIVE
548,Sanjay,Reddy,"507, Brigade Road, Delhi",9406572173,sanjay.reddy548@example.com,QBOCW7940V,185789442486,ACTIVE
549,Arjun,Mishra,"964, Park Avenue, Delhi",9692027772,arjun.mishra549@example.com,AHMLW5778C,830662526962,ACTIVE
550,Nisha,Patel,"227, Gandhi Street, Pune",9906720181,nisha.patel550@example.com,DDDUC8083D,999978363657,ACTIVE
551,Sanjay,Joshi,"655, MG Road, Delhi",9367174535,sanjay.joshi551@example.com,DFTPP8107V,413675204299,ACTIVE
552,Priya,Yadav,"588, Lake View, Chennai",9924692758,priya.yadav552@example.com,ZBQSC4246H,358559915487,ACTIVE
553,Sneha,Pillai,"315, Park Avenue, Coimbatore",9341254890,sneha.pillai553@example.com,YQOYJ8254U,495893357524,ACTIVE
554,Aditya,Yadav,"266, Anna Salai, Chennai",9586232039,aditya.yadav554@example.com,ZTSTP4256R,131359566964,ACTIVE
555,Diya,Verma,"127, Temple Road, Chennai",9542719836,diya.verma555@example.com,EFUTT9325G,578300538829,ACTIVE
556,Priya,Kumar,"638, Temple Road, Coimbatore",9791257977,priya.kumar556@example.com,OWVEP5301A,855465131150,ACTIVE
557,Priya,Yadav,"513, Park Avenue, Delhi",9881228475,priya.yadav557@example.com,DLSDV6008U,700771024473,ACTIVE
558,Nisha,Das,"363, Anna Salai, Coimbatore",9853797988,nisha.das558@example.com,HVOIW2869G,548451316366,ACTIVE
559,Vikram,Menon,"794, Anna Salai, Coimbatore",9197191976,vikram.menon559@example.com,ZSNTR9103T,331283434261,ACTIVE
560,Kiran,Verma,"258, Anna Salai, Mumbai",9858194286,kiran.verma560@example.com,PDXTI4703C,815631320998,ACTIVE
561,Sanjay,Chopra,"410, Lake View, Coimbatore",9117124566,sanjay.chopra561@example.com,OKIVF7074Q,960274932797,ACTIVE
562,Kiran,Joshi,"278, Temple Road, Mumbai",9499581222,kiran.joshi562@example.com,WLSLR9272T,651914942737,ACTIVE
563,Vikram,Sharma,"119, Gandhi Street, Chennai",9877173440,vikram.sharma563@example.com,YEWJX6074O,244820087395,ACTIVE
564,Pooja,Verma,"607, MG Road, Chennai",9808599245,pooja.verma564@example.com,SAPBM9449O,341536305820,ACTIVE
565,Lakshmi,Gupta,"40, Temple Road, Kochi",9944850368,lakshmi.gupta565@example.com,VSGQO9375U,476414886904,ACTIVE
566,Pooja,Iyer,"272, Brigade Road, Coimbatore",9087977774,pooja.iyer566@example.com,GAWUU1682L,368911439046,ACTIVE
567,Arjun,Chopra,"934, Park Avenue, Chennai",9896294597,arjun.chopra567@example.com,KQEZA1943Y,392915815161,ACTIVE
568,Rahul,Singh,"773, Anna Salai, Delhi",9978980435,rahul.singh568@example.com,RNRSM4293L,481140673590,ACTIVE
569,Aditya,Yadav,"454, Temple Road, Kochi",9167099858,aditya.yadav569@example.com,FLNUD1667S,948244514572,ACTIVE
570,Meera,Verma,"624, Gandhi Street, Chennai",9066068976,meera.verma570@example.com,HVLIE6873X,440555403373,ACTIVE
571,Ananya,Verma,"378, Temple Road, Mumbai",9464117279,ananya.verma571@example.com,TKOCC9877Z,984547840672,ACTIVE
572,Arjun,Iyer,"744, Nehru Nagar, Coimbatore",9560181429,arjun.iyer572@example.com,DOMLV3577O,105771542146,ACTIVE
573,Nisha,Chopra,"786, Lake View, Pune",9964932225,nisha.chopra573@example.com,VRNTA4039W,561444609378,ACTIVE
574,Deepa,Jain,"515, Temple Road, Hyderabad",9032586736,deepa.jain574@example.com,NMIKR5838M,288147620213,ACTIVE
575,Diya,Singh,"86, Brigade Road, Coimbatore",9751972904,diya.singh575@example.com,OXEMZ2537Z,132680376625,ACTIVE
576,Ananya,Kumar,"524, Anna Salai, Pune",9213401320,ananya.kumar576@example.com,ECZRZ5619D,911704866430,BLOCKED
577,Nisha,Kumar,"647, Lake View, Bengaluru",9782868381,nisha.kumar577@example.com,XYEPU5981D,582188262686,BLOCKED
578,Nisha,Singh,"813, Temple Road, Mumbai",9003969082,nisha.singh578@example.com,GUOSO2381U,886308838653,ACTIVE
579,Vikram,Das,"883, Nehru Nagar, Delhi",9876939024,vikram.das579@example.com,HLROK3905S,235412834630,ACTIVE
580,Vikram,Nair,"442, Brigade Road, Hyderabad",9172145670,vikram.nair580@example.com,XGHUB7404W,424734983869,ACTIVE
581,Ananya,Rao,"266, Park Avenue, Bengaluru",9153337387,ananya.rao581@example.com,YKBKX9677F,292444119770,BLOCKED
582,Deepa,Menon,"310, Nehru Nagar, Bengaluru",9953348988,deepa.menon582@example.com,IGDGM6675R,349766039952,BLOCKED
583,Vivaan,Bose,"820, Nehru Nagar, Coimbatore",9974160860,vivaan.bose583@example.com,EYWMD8842P,198218153708,ACTIVE
584,Vivaan,Iyer,"992, Anna Salai, Pune",9848273597,vivaan.iyer584@example.com,JQYXV7438J,915872088176,ACTIVE
585,Aditya,Patel,"896, Nehru Nagar, Chennai",9694863174,aditya.patel585@example.com,VGBPZ4717U,937130374203,ACTIVE
586,Ananya,Sharma,"631, MG Road, Mumbai",9297540494,ananya.sharma586@example.com,QCJIB2311P,662082803214,ACTIVE
587,Sanjay,Gupta,"337, Park Avenue, Kochi",9295149713,sanjay.gupta587@example.com,UJQNY4588T,192575153681,ACTIVE
588,Riya,Kapoor,"393, Lake View, Mumbai",9183275498,riya.kapoor588@example.com,CIEVY4967X,880185131440,ACTIVE
589,Sneha,Joshi,"477, Lake View, Kochi",9342869140,sneha.joshi589@example.com,LRXLB9800B,523040083535,ACTIVE
590,Suresh,Pillai,"879, Nehru Nagar, Pune",9834070678,suresh.pillai590@example.com,PDABD8774R,402444664832,ACTIVE
591,Karthik,Joshi,"896, Gandhi Street, Hyderabad",9582859254,karthik.joshi591@example.com,YZFCT4345U,123303130758,ACTIVE
592,Aditya,Bose,"434, Gandhi Street, Kochi",9231818543,aditya.bose592@example.com,DCMGQ6892P,963963643880,ACTIVE
593,Lakshmi,Joshi,"920, Nehru Nagar, Delhi",9548974111,lakshmi.joshi593@example.com,AROVY6126B,974812795047,ACTIVE
594,Karthik,Reddy,"545, Lake View, Mumbai",9450086654,karthik.reddy594@example.com,DHRCC2039C,639436915560,ACTIVE
595,Kiran,Bose,"865, Anna Salai, Chennai",9165836239,kiran.bose595@example.com,OCJTJ9243Q,902059859919,BLOCKED
596,Vikram,Das,"6, Nehru Nagar, Chennai",9621002063,vikram.das596@example.com,OPFQO8398V,227154096061,ACTIVE
597,Sneha,Joshi,"519, Brigade Road, Kochi",9068877562,sneha.joshi597@example.com,MYUVE3214V,345460592449,ACTIVE
598,Diya,Patel,"505, Brigade Road, Hyderabad",9718116495,diya.patel598@example.com,WMGQB5293G,363423153982,BLOCKED
599,Lakshmi,Menon,"858, Temple Road, Chennai",9636162531,lakshmi.menon599@example.com,EQBBU8416N,566529671565,BLOCKED
600,Deepa,Gupta,"969, Gandhi Street, Delhi",9356533980,deepa.gupta600@example.com,XXRJH2622S,128407987634,ACTIVE
601,Lakshmi,Kapoor,"827, Lake View, Pune",9582878337,lakshmi.kapoor601@example.com,RRLYT8648C,556546063027,ACTIVE
602,Arjun,Joshi,"269, MG Road, Bengaluru",9619096538,arjun.joshi602@example.com,MQFZZ3722Q,781536615710,ACTIVE
603,Suresh,Sharma,"950, Park Avenue, Pune",9800696884,suresh.sharma603@example.com,IILJG6881Y,942008796304,BLOCKED
604,Arjun,Gupta,"287, MG Road, Pune",9013499129,arjun.gupta604@example.com,ATHOB2764H,829782871493,ACTIVE
605,Sneha,Das,"130, Nehru Nagar, Pune",9387008508,sneha.das605@example.com,YRRWL4540I,436448272975,ACTIVE
606,Sneha,Nair,"757, Gandhi Street, Pune",9907812438,sneha.nair606@example.com,TOCWW1215Q,419420199254,ACTIVE
607,Karthik,Iyer,"731, Brigade Road, Mumbai",9607239144,karthik.iyer607@example.com,XDAWB2459F,202897013018,ACTIVE
608,Aarav,Verma,"123, Nehru Nagar, Coimbatore",9996778746,aarav.verma608@example.com,HEREQ7481S,170835401134,ACTIVE
609,Rahul,Reddy,"160, Brigade Road, Delhi",9920386095,rahul.reddy609@example.com,EMPXM3238M,757678516466,ACTIVE
610,Aarav,Joshi,"738, Temple Road, Delhi",9893624245,aarav.joshi610@example.com,IOCXX7489T,458556065109,ACTIVE
611,Vivaan,Jain,"680, MG Road, Mumbai",9471935928,vivaan.jain611@example.com,ACEWN6929Y,999999008542,ACTIVE
612,Vikram,Chopra,"725, Gandhi Street, Delhi",9767559664,vikram.chopra612@example.com,XLAJZ4290C,690968735931,ACTIVE
613,Ananya,Iyer,"831, Temple Road, Kochi",9323587496,ananya.iyer613@example.com,XEASQ3224J,868692414749,ACTIVE
614,Vivaan,Das,"18, Lake View, Delhi",9909870197,vivaan.das614@example.com,KGYYT7992C,971481221599,ACTIVE
615,Vivaan,Rao,"49, MG Road, Hyderabad",9875958492,vivaan.rao615@example.com,QIGJK4518V,173171695665,ACTIVE
616,Rahul,Patel,"551, Temple Road, Bengaluru",9551159662,rahul.patel616@example.com,VRVJD5084Q,611645097387,ACTIVE
617,Priya,Verma,"450, Gandhi Street, Kochi",9700040183,priya.verma617@example.com,BMTNQ9901W,478035557657,ACTIVE
618,Lakshmi,Chopra,"398, Brigade Road, Kochi",9250180553,lakshmi.chopra618@example.com,TOYYH1847A,574046041289,ACTIVE
619,Vikram,Bose,"159, Anna Salai, Coimbatore",9369389429,vikram.bose619@example.com,TZUNB6088J,445544461198,ACTIVE
620,Vikram,Sharma,"831, Temple Road, Kochi",9478393843,vikram.sharma620@example.com,OLAKV3692N,797695872641,ACTIVE
621,Meera,Menon,"748, Brigade Road, Pune",9044615680,meera.menon621@example.com,FDUVU7840C,813085297537,ACTIVE
622,Aarav,Rao,"169, Park Avenue, Coimbatore",9807273549,aarav.rao622@example.com,SUECQ9198A,230333176492,ACTIVE
623,Diya,Reddy,"604, Nehru Nagar, Hyderabad",9864110138,diya.reddy623@example.com,FJLPC6772G,178360417193,ACTIVE
624,Vivaan,Kapoor,"192, Lake View, Hyderabad",9124341295,vivaan.kapoor624@example.com,WZQRE7321H,569833625444,ACTIVE
625,Arjun,Verma,"401, Temple Road, Mumbai",9156868463,arjun.verma625@example.com,LUHFP1037F,460451083935,ACTIVE
626,Pooja,Yadav,"947, Gandhi Street, Coimbatore",9595503106,pooja.yadav626@example.com,UCMDH8969U,643857408087,ACTIVE
627,Aditya,Kapoor,"267, Anna Salai, Pune",9604505972,aditya.kapoor627@example.com,ZLJER6721G,447756556534,ACTIVE
628,Vikram,Das,"181, Nehru Nagar, Mumbai",9185168939,vikram.das628@example.com,IXQJZ9433I,369080648591,ACTIVE
629,Diya,Patel,"636, Temple Road, Delhi",9493270351,diya.patel629@example.com,FMEIE1479R,668001982596,ACTIVE
630,Vikram,Reddy,"119, Temple Road, Bengaluru",9847608516,vikram.reddy630@example.com,SSPXW8342N,734689902223,ACTIVE
631,Aarav,Rao,"578, Park Avenue, Pune",9328965695,aarav.rao631@example.com,UGIDS6339B,559515793723,ACTIVE
632,Suresh,Yadav,"81, Gandhi Street, Hyderabad",9788645633,suresh.yadav632@example.com,TFUEC1240O,844315943994,ACTIVE
633,Sanjay,Rao,"117, MG Road, Bengaluru",9768579080,sanjay.rao633@example.com,LIJMV7681I,988631026388,ACTIVE
634,Lakshmi,Jain,"145, Lake View, Kochi",9139336236,lakshmi.jain634@example.com,GKAJH1421C,345812284486,ACTIVE
635,Priya,Gupta,"652, Lake View, Bengaluru",9112345582,priya.gupta635@example.com,XKITC5494X,512071549978,ACTIVE
636,Sanjay,Kumar,"118, Lake View, Hyderabad",9559901440,sanjay.kumar636@example.com,XTQIE8102X,640395980512,ACTIVE
637,Kiran,Pillai,"713, MG Road, Bengaluru",9918637905,kiran.pillai637@example.com,JTGFQ6798Z,520292477715,ACTIVE
638,Rahul,Jain,"341, Lake View, Pune",9152278771,rahul.jain638@example.com,RENJV9307N,616437659783,BLOCKED
639,Vivaan,Patel,"15, Anna Salai, Coimbatore",9453565479,vivaan.patel639@example.com,ZZUFT1747H,516343744876,ACTIVE
640,Rahul,Chopra,"613, Park Avenue, Mumbai",9121473972,rahul.chopra640@example.com,WHQDY8017O,266657066444,ACTIVE
641,Aditya,Iyer,"669, Brigade Road, Delhi",9923206311,aditya.iyer641@example.com,WTGHZ1956Z,934508564024,ACTIVE
642,Pooja,Kapoor,"447, Brigade Road, Chennai",9940338110,pooja.kapoor642@example.com,EKYKT9840J,812104679721,BLOCKED
643,Rahul,Das,"922, Anna Salai, Kochi",9450517269,rahul.das643@example.com,VYRVD6690Y,500768512527,ACTIVE
644,Nisha,Sharma,"863, Lake View, Delhi",9568783652,nisha.sharma644@example.com,AJOAC9874Q,640047630827,ACTIVE
645,Priya,Iyer,"986, Park Avenue, Kochi",9987952755,priya.iyer645@example.com,JRMJQ3410I,294378777877,ACTIVE
646,Lakshmi,Joshi,"71, Nehru Nagar, Coimbatore",9767129069,lakshmi.joshi646@example.com,ZJXXC7650V,946956786433,ACTIVE
647,Meera,Pillai,"163, Brigade Road, Kochi",9490656866,meera.pillai647@example.com,JCPQV7238Z,936432371852,ACTIVE
648,Karthik,Iyer,"518, Park Avenue, Kochi",9248782151,karthik.iyer648@example.com,ZHUUM4506L,590670184423,BLOCKED
649,Karthik,Reddy,"182, Nehru Nagar, Mumbai",9651757414,karthik.reddy649@example.com,ZUCVS4958N,395557982627,ACTIVE
650,Aditya,Bose,"67, Nehru Nagar, Hyderabad",9124885581,aditya.bose650@example.com,NURNY4868P,481156434504,ACTIVE
651,Vikram,Menon,"530, Nehru Nagar, Kochi",9590707479,vikram.menon651@example.com,DWVUC8310L,115751919504,BLOCKED
652,Vivaan,Patel,"109, Lake View, Bengaluru",9859284116,vivaan.patel652@example.com,NOACF9875A,570857633345,ACTIVE
653,Sneha,Singh,"202, Anna Salai, Mumbai",9661468813,sneha.singh653@example.com,PPOUE6779C,235796293637,ACTIVE
654,Priya,Iyer,"146, Nehru Nagar, Delhi",9399807678,priya.iyer654@example.com,DDBSO4369R,109630617671,ACTIVE
655,Kiran,Reddy,"633, Lake View, Delhi",9116648006,kiran.reddy655@example.com,KKWOO8657Q,596468193549,ACTIVE
656,Suresh,Patel,"725, MG Road, Kochi",9162525630,suresh.patel656@example.com,RUFID5091D,858515308746,ACTIVE
657,Lakshmi,Patel,"223, Temple Road, Hyderabad",9152378542,lakshmi.patel657@example.com,HWDHF5575Y,550306474027,ACTIVE
658,Aditya,Kumar,"428, Anna Salai, Hyderabad",9489952648,aditya.kumar658@example.com,RIAKJ6879X,509912287583,ACTIVE
659,Ananya,Iyer,"266, Lake View, Delhi",9237037550,ananya.iyer659@example.com,OEZXO2870W,605309641549,BLOCKED
660,Riya,Patel,"7, Park Avenue, Kochi",9093541623,riya.patel660@example.com,ZSOCY4019E,657732979496,ACTIVE
661,Rahul,Mishra,"501, Park Avenue, Kochi",9304130096,rahul.mishra661@example.com,KDKDM1286J,530248567437,ACTIVE
662,Lakshmi,Kapoor,"536, Anna Salai, Chennai",9790889519,lakshmi.kapoor662@example.com,OZTCN3050E,260331559335,ACTIVE
663,Kiran,Nair,"999, Anna Salai, Chennai",9088845275,kiran.nair663@example.com,MQKOV3606H,359963445610,ACTIVE
664,Vivaan,Singh,"864, Temple Road, Kochi",9316881915,vivaan.singh664@example.com,NDHNG3583D,311250752139,ACTIVE
665,Sanjay,Patel,"425, Gandhi Street, Mumbai",9140376789,sanjay.patel665@example.com,LSJAX6948J,513349477741,ACTIVE
666,Meera,Yadav,"311, Nehru Nagar, Hyderabad",9800772526,meera.yadav666@example.com,FIATB9274J,332587107456,ACTIVE
667,Diya,Verma,"605, Anna Salai, Hyderabad",9270392945,diya.verma667@example.com,OOQDE3475P,453557164145,ACTIVE
668,Deepa,Bose,"874, Gandhi Street, Chennai",9027841347,deepa.bose668@example.com,FFFYY8045H,222632096125,ACTIVE
669,Arjun,Pillai,"938, Temple Road, Kochi",9925338175,arjun.pillai669@example.com,IJSGY1053G,216678521727,ACTIVE
670,Diya,Sharma,"797, Anna Salai, Coimbatore",9405285639,diya.sharma670@example.com,XLEWH9234I,756561935101,ACTIVE
671,Deepa,Verma,"391, Gandhi Street, Mumbai",9616462739,deepa.verma671@example.com,OXDZL3846Z,506188348416,ACTIVE
672,Pooja,Singh,"835, MG Road, Chennai",9396923091,pooja.singh672@example.com,VWHIR8420B,121773594786,ACTIVE
673,Meera,Joshi,"614, Gandhi Street, Chennai",9862235672,meera.joshi673@example.com,NUHPM6706P,949167831635,ACTIVE
674,Nisha,Rao,"475, Lake View, Delhi",9623641476,nisha.rao674@example.com,QSDUN6304W,119047679343,ACTIVE
675,Aarav,Iyer,"251, Nehru Nagar, Pune",9735135654,aarav.iyer675@example.com,AAKXJ2566Y,581401665653,ACTIVE
676,Sanjay,Joshi,"480, Lake View, Coimbatore",9343401292,sanjay.joshi676@example.com,QJCXH3654B,345662251416,ACTIVE
677,Kiran,Kumar,"453, Brigade Road, Bengaluru",9490897903,kiran.kumar677@example.com,VWEZU1019T,224410107638,ACTIVE
678,Sanjay,Mishra,"815, Anna Salai, Delhi",9672622186,sanjay.mishra678@example.com,XADGE1864P,181277416486,ACTIVE
679,Nisha,Iyer,"648, Gandhi Street, Coimbatore",9417361859,nisha.iyer679@example.com,ESAXY9250A,787537658956,ACTIVE
680,Karthik,Joshi,"535, Gandhi Street, Bengaluru",9259098467,karthik.joshi680@example.com,LBKDL2449K,940544686588,ACTIVE
681,Vikram,Chopra,"652, Lake View, Chennai",9865166084,vikram.chopra681@example.com,TGABX5335Y,572331945728,ACTIVE
682,Vikram,Iyer,"958, Anna Salai, Kochi",9019279462,vikram.iyer682@example.com,UBRBV8050N,775204544770,ACTIVE
683,Riya,Kapoor,"25, Temple Road, Delhi",9894688677,riya.kapoor683@example.com,MQPOK9781E,426013520506,BLOCKED
684,Karthik,Das,"734, Park Avenue, Bengaluru",9223928090,karthik.das684@example.com,AVKKY2749O,646748356400,ACTIVE
685,Suresh,Verma,"132, Lake View, Delhi",9015356147,suresh.verma685@example.com,DEDNV9560P,745658957754,ACTIVE
686,Nisha,Iyer,"300, MG Road, Pune",9533707229,nisha.iyer686@example.com,MUWQH5846S,948884523980,ACTIVE
687,Sanjay,Joshi,"143, Gandhi Street, Delhi",9930159037,sanjay.joshi687@example.com,WRTRF8046G,614023992899,ACTIVE
688,Vivaan,Chopra,"858, Lake View, Delhi",9679201095,vivaan.chopra688@example.com,FRIVD4236T,319616604721,ACTIVE
689,Kiran,Nair,"233, Nehru Nagar, Pune",9725620517,kiran.nair689@example.com,CCRVD1639Q,328781384822,BLOCKED
690,Aditya,Kapoor,"269, Nehru Nagar, Chennai",9858401896,aditya.kapoor690@example.com,XJYBD3594A,754551179031,ACTIVE
691,Riya,Verma,"199, Brigade Road, Hyderabad",9937747860,riya.verma691@example.com,CMRQD1764C,598559803193,ACTIVE
692,Diya,Gupta,"118, Gandhi Street, Pune",9690592506,diya.gupta692@example.com,COYIF3447W,805010233926,BLOCKED
693,Diya,Jain,"956, Gandhi Street, Pune",9727592207,diya.jain693@example.com,PJSAC3941Q,850236807011,ACTIVE
694,Aarav,Kumar,"481, Park Avenue, Hyderabad",9990018794,aarav.kumar694@example.com,QSSTP1330Z,529456138030,ACTIVE
695,Rahul,Menon,"262, Gandhi Street, Hyderabad",9138936892,rahul.menon695@example.com,RDQQK6349V,531788751045,BLOCKED
696,Deepa,Iyer,"334, Nehru Nagar, Chennai",9114608646,deepa.iyer696@example.com,CZYUW4366L,678356384095,BLOCKED
697,Aditya,Menon,"585, Park Avenue, Delhi",9782208863,aditya.menon697@example.com,TFYRP6278Q,301631324277,ACTIVE
698,Vivaan,Kumar,"690, Gandhi Street, Kochi",9893238033,vivaan.kumar698@example.com,YFQAK2241V,271955465558,ACTIVE
699,Deepa,Chopra,"77, MG Road, Kochi",9725660014,deepa.chopra699@example.com,ZNGMZ7929H,550303314111,ACTIVE
700,Kiran,Jain,"417, Brigade Road, Hyderabad",9149371102,kiran.jain700@example.com,LVGWG3565M,646761948463,ACTIVE
701,Priya,Chopra,"958, Anna Salai, Mumbai",9219795637,priya.chopra701@example.com,VSLGK5868T,255563268093,ACTIVE
702,Kiran,Yadav,"220, Nehru Nagar, Bengaluru",9964996844,kiran.yadav702@example.com,OIPUV4965C,225775842616,ACTIVE
703,Ananya,Bose,"19, Anna Salai, Delhi",9221435411,ananya.bose703@example.com,RDCPU2094E,512988881092,ACTIVE
704,Vivaan,Kapoor,"873, Park Avenue, Mumbai",9308453306,vivaan.kapoor704@example.com,OITFF9360V,401126410853,ACTIVE
705,Rahul,Das,"521, MG Road, Coimbatore",9289672212,rahul.das705@example.com,FBOFT2109B,112041166712,ACTIVE
706,Vivaan,Singh,"718, Anna Salai, Pune",9270522390,vivaan.singh706@example.com,SRPHA7477M,364278160808,ACTIVE
707,Aditya,Jain,"593, MG Road, Kochi",9384638746,aditya.jain707@example.com,TVWPL2515B,836352998233,ACTIVE
708,Sneha,Iyer,"60, Lake View, Delhi",9464047747,sneha.iyer708@example.com,RXZCH4582R,690024615204,ACTIVE
709,Karthik,Gupta,"974, MG Road, Delhi",9043961349,karthik.gupta709@example.com,MYRNJ1296I,721177363942,ACTIVE
710,Deepa,Reddy,"819, Park Avenue, Coimbatore",9194063299,deepa.reddy710@example.com,GZJHG5405V,203611814436,ACTIVE
711,Karthik,Verma,"902, Lake View, Mumbai",9818318924,karthik.verma711@example.com,LSSSI6881H,746545079469,ACTIVE
712,Rahul,Mishra,"418, Nehru Nagar, Chennai",9331170121,rahul.mishra712@example.com,MSALC4368C,125809793722,ACTIVE
713,Nisha,Jain,"788, Temple Road, Mumbai",9106302411,nisha.jain713@example.com,SVQPI8792N,362285976617,ACTIVE
714,Suresh,Jain,"626, MG Road, Coimbatore",9549386207,suresh.jain714@example.com,RIQYE5599S,537739214403,ACTIVE
715,Ananya,Iyer,"145, Lake View, Chennai",9387960205,ananya.iyer715@example.com,EBPOL9091D,277872700127,ACTIVE
716,Meera,Patel,"312, Park Avenue, Kochi",9412957574,meera.patel716@example.com,OTOTP8207D,960002217874,ACTIVE
717,Deepa,Gupta,"80, Gandhi Street, Chennai",9468853642,deepa.gupta717@example.com,SFCEI2171M,286891370853,ACTIVE
718,Aditya,Joshi,"113, Gandhi Street, Mumbai",9863570927,aditya.joshi718@example.com,IVSIO2374Q,109704822446,ACTIVE
719,Karthik,Gupta,"497, Anna Salai, Pune",9515987158,karthik.gupta719@example.com,GZGEY2266T,980740814995,ACTIVE
720,Suresh,Mishra,"489, Temple Road, Chennai",9398471003,suresh.mishra720@example.com,DRTXF4300L,535355112751,ACTIVE
721,Aarav,Mishra,"338, MG Road, Kochi",9690724453,aarav.mishra721@example.com,OCGSC8505U,287674495816,ACTIVE
722,Priya,Menon,"97, Lake View, Kochi",9548535653,priya.menon722@example.com,HATAM2909H,356989571985,ACTIVE
723,Sanjay,Patel,"536, Temple Road, Chennai",9565405020,sanjay.patel723@example.com,PFPII5020X,613023083554,ACTIVE
724,Vikram,Das,"297, Park Avenue, Pune",9435593423,vikram.das724@example.com,KZFUA4146I,132782332273,ACTIVE
725,Karthik,Chopra,"451, Gandhi Street, Coimbatore",9457803436,karthik.chopra725@example.com,UUDDC7510V,942484560113,BLOCKED
726,Deepa,Verma,"289, Anna Salai, Pune",9772701974,deepa.verma726@example.com,FQULX6958M,651933751341,BLOCKED
727,Aditya,Kumar,"170, Lake View, Kochi",9027642582,aditya.kumar727@example.com,SOGSH7147U,220726813990,ACTIVE
728,Sneha,Joshi,"873, MG Road, Hyderabad",9987267323,sneha.joshi728@example.com,HSWYW3836W,771126856995,ACTIVE
729,Aditya,Patel,"893, Nehru Nagar, Bengaluru",9919973787,aditya.patel729@example.com,VZBUR8124J,993779823863,ACTIVE
730,Vikram,Yadav,"681, Anna Salai, Bengaluru",9963050655,vikram.yadav730@example.com,XIBXF7769H,529965359690,ACTIVE
731,Suresh,Rao,"537, MG Road, Delhi",9227911024,suresh.rao731@example.com,YDYZP2502X,314263267595,ACTIVE
732,Nisha,Menon,"557, Nehru Nagar, Hyderabad",9410166257,nisha.menon732@example.com,MSVPE6641X,445026423460,ACTIVE
733,Pooja,Sharma,"214, MG Road, Coimbatore",9411453434,pooja.sharma733@example.com,XGWHZ8973X,569966136200,ACTIVE
734,Lakshmi,Kumar,"505, Gandhi Street, Hyderabad",9680443059,lakshmi.kumar734@example.com,MLJGX1060Y,230650161898,BLOCKED
735,Kiran,Singh,"783, Temple Road, Kochi",9814905163,kiran.singh735@example.com,VNENO9167W,485777974511,ACTIVE
736,Aditya,Gupta,"207, Gandhi Street, Kochi",9775933575,aditya.gupta736@example.com,IMICZ8627Y,559366864516,ACTIVE
737,Aarav,Kapoor,"849, Park Avenue, Coimbatore",9521454992,aarav.kapoor737@example.com,YMZBT7215U,458137429611,BLOCKED
738,Diya,Nair,"149, MG Road, Delhi",9095526794,diya.nair738@example.com,ZIHXH9783J,887080943202,ACTIVE
739,Karthik,Jain,"566, MG Road, Bengaluru",9299265146,karthik.jain739@example.com,LZUAP2873B,753295964129,BLOCKED
740,Suresh,Nair,"408, Anna Salai, Chennai",9236860188,suresh.nair740@example.com,PXYCV1897V,893902991457,ACTIVE
741,Aarav,Sharma,"813, Gandhi Street, Kochi",9628559504,aarav.sharma741@example.com,DDRCV8835P,428454019278,ACTIVE
742,Suresh,Menon,"925, Nehru Nagar, Delhi",9149389302,suresh.menon742@example.com,RCVWJ9527U,779070433422,ACTIVE
743,Lakshmi,Das,"624, Gandhi Street, Delhi",9306308443,lakshmi.das743@example.com,VVTBN2979C,696018049700,ACTIVE
744,Priya,Patel,"417, Park Avenue, Pune",9303165084,priya.patel744@example.com,LWXNU7088Y,467546826447,ACTIVE
745,Nisha,Verma,"321, Park Avenue, Kochi",9308345682,nisha.verma745@example.com,IJCPN4360Z,243961470581,BLOCKED
746,Rahul,Bose,"888, MG Road, Mumbai",9224712226,rahul.bose746@example.com,SGAAQ9421U,497462879349,ACTIVE
747,Kiran,Singh,"987, MG Road, Hyderabad",9476623979,kiran.singh747@example.com,BPSNC6248C,702951292439,ACTIVE
748,Karthik,Gupta,"820, Nehru Nagar, Coimbatore",9645869987,karthik.gupta748@example.com,BRQJA5845O,572452974156,ACTIVE
749,Suresh,Kapoor,"225, Temple Road, Hyderabad",9305032568,suresh.kapoor749@example.com,BVDVW1700I,780887733035,ACTIVE
750,Nisha,Rao,"84, Nehru Nagar, Mumbai",9316095441,nisha.rao750@example.com,WJQSQ3670C,252086906490,ACTIVE
751,Nisha,Das,"226, Brigade Road, Mumbai",9700560777,nisha.das751@example.com,AHUKM5003X,626983869168,ACTIVE
752,Diya,Kumar,"48, Anna Salai, Coimbatore",9717994706,diya.kumar752@example.com,BFZRR6955V,661297497273,ACTIVE
753,Nisha,Iyer,"16, Nehru Nagar, Delhi",9190158992,nisha.iyer753@example.com,QUTSR1604D,791256158636,BLOCKED
754,Priya,Pillai,"413, Anna Salai, Mumbai",9524770155,priya.pillai754@example.com,EFJPO3510H,726362309431,ACTIVE
755,Aditya,Kapoor,"940, MG Road, Mumbai",9990981883,aditya.kapoor755@example.com,MSDZM6179C,322505392395,ACTIVE
756,Meera,Mishra,"902, Lake View, Coimbatore",9932255718,meera.mishra756@example.com,RZEVG1417V,576677316605,ACTIVE
757,Priya,Verma,"737, Temple Road, Hyderabad",9730416348,priya.verma757@example.com,VDRUP2398Q,332192816150,ACTIVE
758,Arjun,Verma,"470, Lake View, Delhi",9938481618,arjun.verma758@example.com,VREGN8096H,183676903124,ACTIVE
759,Pooja,Menon,"670, Gandhi Street, Hyderabad",9954335874,pooja.menon759@example.com,YKDLS8641R,655627703841,ACTIVE
760,Aarav,Gupta,"923, Temple Road, Coimbatore",9918341810,aarav.gupta760@example.com,JQKME6713M,655362152414,ACTIVE
761,Meera,Verma,"654, Nehru Nagar, Bengaluru",9892989347,meera.verma761@example.com,NBPKC2663C,726800445316,ACTIVE
762,Vivaan,Bose,"394, Park Avenue, Mumbai",9340352381,vivaan.bose762@example.com,UAUXV3694Q,470128684094,ACTIVE
763,Meera,Kapoor,"856, Nehru Nagar, Chennai",9171586396,meera.kapoor763@example.com,JYUSK4317E,338127804063,ACTIVE
764,Ananya,Iyer,"457, Brigade Road, Pune",9343549116,ananya.iyer764@example.com,LXTCZ5232W,995962316828,ACTIVE
765,Karthik,Kumar,"133, Brigade Road, Kochi",9418354677,karthik.kumar765@example.com,CBABW7333B,925963517344,ACTIVE
766,Deepa,Bose,"956, Brigade Road, Pune",9579634132,deepa.bose766@example.com,EBFLQ2487Z,585290148105,ACTIVE
767,Sanjay,Reddy,"762, Lake View, Mumbai",9276287834,sanjay.reddy767@example.com,SKETR4032S,965909568352,ACTIVE
768,Diya,Mishra,"171, Temple Road, Mumbai",9485876828,diya.mishra768@example.com,ZXNDY9649N,540264042458,ACTIVE
769,Sneha,Nair,"268, Temple Road, Coimbatore",9126055600,sneha.nair769@example.com,FNRAD9788K,241788118576,ACTIVE
770,Meera,Reddy,"467, Temple Road, Hyderabad",9388355790,meera.reddy770@example.com,QLLSM5178T,230139220503,ACTIVE
771,Rahul,Chopra,"573, Temple Road, Chennai",9706790477,rahul.chopra771@example.com,SMDBP7427X,591994212930,ACTIVE
772,Diya,Das,"579, Gandhi Street, Kochi",9796153749,diya.das772@example.com,QXWWI2095X,581843336304,ACTIVE
773,Pooja,Joshi,"144, Anna Salai, Mumbai",9627503213,pooja.joshi773@example.com,ECHVL6973Y,937179964892,BLOCKED
774,Lakshmi,Reddy,"80, MG Road, Chennai",9491569767,lakshmi.reddy774@example.com,DBXWB8779Q,299313899761,ACTIVE
775,Arjun,Reddy,"940, Anna Salai, Mumbai",9898435892,arjun.reddy775@example.com,NJJSC3323N,314477111828,ACTIVE
776,Ananya,Singh,"148, Anna Salai, Hyderabad",9457847871,ananya.singh776@example.com,LFXAX5109G,711604719026,ACTIVE
777,Nisha,Das,"331, Lake View, Coimbatore",9624587831,nisha.das777@example.com,HWARG3654I,588906341320,ACTIVE
778,Riya,Verma,"317, MG Road, Pune",9673989129,riya.verma778@example.com,DCBYX5949Q,837127026185,ACTIVE
779,Karthik,Reddy,"268, Temple Road, Chennai",9689370473,karthik.reddy779@example.com,PVCMA7314B,130458220887,ACTIVE
780,Sneha,Bose,"792, Brigade Road, Hyderabad",9603962602,sneha.bose780@example.com,JNHJA1668M,609425536842,ACTIVE
781,Aarav,Sharma,"994, Nehru Nagar, Chennai",9298742927,aarav.sharma781@example.com,BNYGP3473S,805751136285,ACTIVE
782,Sanjay,Joshi,"231, Anna Salai, Hyderabad",9896708396,sanjay.joshi782@example.com,MVBRA7506R,123395290506,ACTIVE
783,Suresh,Pillai,"876, MG Road, Bengaluru",9747799427,suresh.pillai783@example.com,DYHLT7751E,908107506398,ACTIVE
784,Sneha,Joshi,"666, Anna Salai, Pune",9065350505,sneha.joshi784@example.com,BGGUY3957C,661701791624,ACTIVE
785,Arjun,Reddy,"817, Lake View, Hyderabad",9430825231,arjun.reddy785@example.com,PJMMK6699K,585148248661,ACTIVE
786,Pooja,Reddy,"88, Lake View, Coimbatore",9355887960,pooja.reddy786@example.com,LKKVS9746F,753187115968,ACTIVE
787,Aditya,Kumar,"730, Nehru Nagar, Mumbai",9271422055,aditya.kumar787@example.com,FXHAI6151H,374971679891,ACTIVE
788,Kiran,Gupta,"36, Gandhi Street, Pune",9891350838,kiran.gupta788@example.com,JYOOE4251L,793833013268,ACTIVE
789,Ananya,Reddy,"156, Temple Road, Bengaluru",9738564495,ananya.reddy789@example.com,USJOM7243E,906416214202,ACTIVE
790,Pooja,Joshi,"476, Temple Road, Coimbatore",9476197556,pooja.joshi790@example.com,SUULL9070E,313980509030,ACTIVE
791,Aditya,Pillai,"607, Brigade Road, Pune",9659170619,aditya.pillai791@example.com,MEVJD4356Z,337439669723,ACTIVE
792,Arjun,Menon,"810, MG Road, Chennai",9103413025,arjun.menon792@example.com,NAXKU4741Z,773900302795,BLOCKED
793,Vivaan,Kapoor,"747, Park Avenue, Coimbatore",9552140179,vivaan.kapoor793@example.com,YUZOY4170E,857507558530,ACTIVE
794,Nisha,Chopra,"340, Anna Salai, Delhi",9450834488,nisha.chopra794@example.com,GHJRC4541L,362351412274,ACTIVE
795,Nisha,Gupta,"841, Lake View, Coimbatore",9926192702,nisha.gupta795@example.com,YYBYA7359Q,283890319895,ACTIVE
796,Rahul,Rao,"358, MG Road, Pune",9097518234,rahul.rao796@example.com,PKLBG4505H,476431107636,ACTIVE
797,Aditya,Singh,"26, Park Avenue, Pune",9523065033,aditya.singh797@example.com,ZGCPV5691Y,271274817649,ACTIVE
798,Lakshmi,Singh,"827, Brigade Road, Hyderabad",9249931688,lakshmi.singh798@example.com,VVVMF8971K,462332921818,ACTIVE
799,Priya,Bose,"343, Temple Road, Kochi",9447604145,priya.bose799@example.com,QDXIQ3597R,501609582865,ACTIVE
800,Karthik,Verma,"986, Park Avenue, Kochi",9869452367,karthik.verma800@example.com,GFLOR3809E,113068580599,ACTIVE
801,Karthik,Bose,"789, Nehru Nagar, Kochi",9698933600,karthik.bose801@example.com,ARAZG3413T,341082773161,ACTIVE
802,Kiran,Kumar,"15, Lake View, Chennai",9599826433,kiran.kumar802@example.com,VJBLK7884T,165310563686,ACTIVE
803,Diya,Kumar,"427, Anna Salai, Pune",9794451891,diya.kumar803@example.com,RLJIP4241Q,237844326297,ACTIVE
804,Aarav,Menon,"171, Nehru Nagar, Pune",9259320104,aarav.menon804@example.com,TKZBK7868F,101737350134,BLOCKED
805,Pooja,Das,"28, Anna Salai, Pune",9802698479,pooja.das805@example.com,TSSXU7109C,157315370167,ACTIVE
806,Deepa,Kapoor,"593, Anna Salai, Mumbai",9167248785,deepa.kapoor806@example.com,YETDL2689D,262941962006,ACTIVE
807,Sanjay,Yadav,"725, Gandhi Street, Mumbai",9762319695,sanjay.yadav807@example.com,GWOEJ8233G,260336892694,ACTIVE
808,Suresh,Das,"686, Lake View, Bengaluru",9308962769,suresh.das808@example.com,QYUNX4037H,961032082824,ACTIVE
809,Sneha,Kumar,"494, Nehru Nagar, Delhi",9052101402,sneha.kumar809@example.com,LAWTB7346S,780614910890,ACTIVE
810,Karthik,Kumar,"234, Park Avenue, Pune",9303610146,karthik.kumar810@example.com,JGWOK9489X,640830970209,BLOCKED
811,Aditya,Kapoor,"571, Temple Road, Mumbai",9707535539,aditya.kapoor811@example.com,UMPID8725B,253913412181,ACTIVE
812,Meera,Pillai,"429, Anna Salai, Pune",9576956955,meera.pillai812@example.com,SWYFP5560V,204204153481,BLOCKED
813,Meera,Kumar,"667, MG Road, Pune",9587596480,meera.kumar813@example.com,QYTPI7659E,120713295475,ACTIVE
814,Aarav,Reddy,"180, Lake View, Hyderabad",9112063034,aarav.reddy814@example.com,NYDGJ3744S,379424755458,ACTIVE
815,Sanjay,Reddy,"664, MG Road, Chennai",9539228185,sanjay.reddy815@example.com,XRZFE7708Q,749859392674,ACTIVE
816,Aarav,Bose,"668, Brigade Road, Delhi",9133666242,aarav.bose816@example.com,YBJSH9797J,742428948027,ACTIVE
817,Arjun,Menon,"141, MG Road, Chennai",9120823750,arjun.menon817@example.com,XMTEZ8541B,126513482225,ACTIVE
818,Arjun,Reddy,"746, Park Avenue, Mumbai",9673331769,arjun.reddy818@example.com,WXYVF7651E,897105739234,ACTIVE
819,Karthik,Singh,"740, Gandhi Street, Pune",9927471029,karthik.singh819@example.com,MOGSX2747P,160242046431,ACTIVE
820,Aditya,Pillai,"478, Temple Road, Coimbatore",9669283758,aditya.pillai820@example.com,WZSPK2408B,750271899647,ACTIVE
821,Vikram,Pillai,"427, Nehru Nagar, Mumbai",9684234605,vikram.pillai821@example.com,NLWIC3858G,271271891316,ACTIVE
822,Vivaan,Yadav,"993, Temple Road, Hyderabad",9205205704,vivaan.yadav822@example.com,HBSIT7532S,369100661990,ACTIVE
823,Priya,Nair,"790, MG Road, Chennai",9084525392,priya.nair823@example.com,INPNP9515T,920246356190,ACTIVE
824,Meera,Bose,"996, Lake View, Delhi",9293033309,meera.bose824@example.com,NOFAT1559Q,233157534474,ACTIVE
825,Ananya,Pillai,"165, Lake View, Mumbai",9165101044,ananya.pillai825@example.com,TYIRU8228U,591135082386,ACTIVE
826,Riya,Kapoor,"696, Nehru Nagar, Pune",9883270986,riya.kapoor826@example.com,ZZTYJ6107K,755547647458,BLOCKED
827,Suresh,Nair,"22, Brigade Road, Chennai",9773834613,suresh.nair827@example.com,BCYVZ2366E,759187212865,ACTIVE
828,Arjun,Das,"763, Park Avenue, Pune",9053972632,arjun.das828@example.com,LVFGB8621T,919100364177,ACTIVE
829,Aditya,Sharma,"870, Park Avenue, Chennai",9371423645,aditya.sharma829@example.com,HFOVN8580E,122826316316,BLOCKED
830,Vivaan,Joshi,"696, Gandhi Street, Mumbai",9131064834,vivaan.joshi830@example.com,HULMT4382W,706891730715,ACTIVE
831,Pooja,Nair,"881, Lake View, Bengaluru",9211162296,pooja.nair831@example.com,SSZCI7698C,686269064199,ACTIVE
832,Nisha,Gupta,"330, MG Road, Kochi",9012613549,nisha.gupta832@example.com,UZTSW1990Q,543388705930,ACTIVE
833,Lakshmi,Sharma,"145, Nehru Nagar, Hyderabad",9053888299,lakshmi.sharma833@example.com,HJTCZ1240T,498474693514,ACTIVE
834,Sanjay,Rao,"979, Anna Salai, Pune",9619292305,sanjay.rao834@example.com,AODMH2410K,432163573663,ACTIVE
835,Vivaan,Das,"321, Anna Salai, Pune",9261339810,vivaan.das835@example.com,ZEEYW6458G,797768317031,ACTIVE
836,Lakshmi,Das,"634, MG Road, Bengaluru",9356687852,lakshmi.das836@example.com,ZOHTI6560S,794285302640,ACTIVE
837,Lakshmi,Kumar,"809, Temple Road, Kochi",9839770432,lakshmi.kumar837@example.com,WTWCW1346P,249723053661,ACTIVE
838,Kiran,Sharma,"881, Brigade Road, Delhi",9553004831,kiran.sharma838@example.com,BUVUZ7766M,340369698952,ACTIVE
839,Aarav,Jain,"449, Temple Road, Coimbatore",9601184828,aarav.jain839@example.com,NKKUN4001I,839930347003,ACTIVE
840,Lakshmi,Kapoor,"353, Temple Road, Hyderabad",9734202578,lakshmi.kapoor840@example.com,TQGQD6422W,408131868140,BLOCKED
841,Meera,Gupta,"337, Gandhi Street, Hyderabad",9826229141,meera.gupta841@example.com,AIIRM7515A,720836648111,ACTIVE
842,Pooja,Kumar,"551, Brigade Road, Chennai",9541770565,pooja.kumar842@example.com,ZWKZL4234E,148749466510,ACTIVE
843,Suresh,Jain,"593, Anna Salai, Chennai",9472356291,suresh.jain843@example.com,CEVXL8792Z,156258348895,ACTIVE
844,Kiran,Bose,"431, Park Avenue, Mumbai",9828963191,kiran.bose844@example.com,LBFRB2947D,545071241190,ACTIVE
845,Pooja,Yadav,"433, Nehru Nagar, Mumbai",9755674168,pooja.yadav845@example.com,VVBZP9022P,698662267339,ACTIVE
846,Aditya,Patel,"59, Park Avenue, Coimbatore",9787955448,aditya.patel846@example.com,DRPYA5629A,254876950321,ACTIVE
847,Lakshmi,Nair,"816, Lake View, Coimbatore",9799730709,lakshmi.nair847@example.com,ALCIM8559C,668561013404,ACTIVE
848,Priya,Yadav,"629, Park Avenue, Delhi",9384801920,priya.yadav848@example.com,OJXXO2945B,187555110307,ACTIVE
849,Lakshmi,Chopra,"272, MG Road, Pune",9791317089,lakshmi.chopra849@example.com,QHYJT3930T,986445058625,ACTIVE
850,Nisha,Nair,"865, Nehru Nagar, Delhi",9436462083,nisha.nair850@example.com,XMXGR7446T,197475753197,BLOCKED
851,Vikram,Pillai,"687, Nehru Nagar, Hyderabad",9788132540,vikram.pillai851@example.com,GAVUP8687Q,878189599890,ACTIVE
852,Deepa,Das,"257, Brigade Road, Coimbatore",9109981783,deepa.das852@example.com,RFZLP5429J,345524250277,BLOCKED
853,Aditya,Kapoor,"183, MG Road, Bengaluru",9954121175,aditya.kapoor853@example.com,NVMPZ3628F,863151513246,ACTIVE
854,Karthik,Iyer,"546, Anna Salai, Coimbatore",9637107961,karthik.iyer854@example.com,KZLNS7759Y,424885032269,ACTIVE
855,Meera,Nair,"143, Gandhi Street, Pune",9885625859,meera.nair855@example.com,RJVAZ7138N,367493561343,ACTIVE
856,Lakshmi,Iyer,"929, Lake View, Bengaluru",9219928136,lakshmi.iyer856@example.com,GYRSI6753U,385765146779,ACTIVE
857,Suresh,Verma,"493, Nehru Nagar, Bengaluru",9645092169,suresh.verma857@example.com,TJQRX4355P,233133072154,ACTIVE
858,Lakshmi,Patel,"187, Temple Road, Mumbai",9468454500,lakshmi.patel858@example.com,MKZHJ9019I,520494888939,ACTIVE
859,Karthik,Reddy,"692, Anna Salai, Coimbatore",9855868473,karthik.reddy859@example.com,NSCPF7791Y,842445488856,ACTIVE
860,Kiran,Gupta,"547, Lake View, Bengaluru",9674128538,kiran.gupta860@example.com,ITIJU4265W,478024730467,ACTIVE
861,Aditya,Jain,"320, Temple Road, Hyderabad",9002076370,aditya.jain861@example.com,OOLEY5857W,629024032275,ACTIVE
862,Pooja,Patel,"206, Brigade Road, Mumbai",9243172836,pooja.patel862@example.com,SLMFP1190E,397475911861,ACTIVE
863,Vivaan,Nair,"417, Anna Salai, Bengaluru",9478137339,vivaan.nair863@example.com,AYETU4169B,531573373234,ACTIVE
864,Suresh,Sharma,"379, Nehru Nagar, Coimbatore",9403656705,suresh.sharma864@example.com,DPPUT3690M,127077826623,ACTIVE
865,Sneha,Kumar,"307, Park Avenue, Kochi",9809405801,sneha.kumar865@example.com,DOORH6768Q,997983725523,ACTIVE
866,Rahul,Reddy,"378, Brigade Road, Mumbai",9896424480,rahul.reddy866@example.com,RGBCU3556J,659258836454,ACTIVE
867,Suresh,Jain,"77, Gandhi Street, Delhi",9685829236,suresh.jain867@example.com,WSLOV8246Z,996439938261,ACTIVE
868,Nisha,Sharma,"112, Anna Salai, Mumbai",9955944065,nisha.sharma868@example.com,IKJHH7771D,805738635244,ACTIVE
869,Nisha,Kapoor,"215, Lake View, Bengaluru",9178599113,nisha.kapoor869@example.com,GUREH5157W,907885137864,ACTIVE
870,Sneha,Iyer,"213, Brigade Road, Mumbai",9971629105,sneha.iyer870@example.com,AWFZC8644T,275439165768,ACTIVE
871,Rahul,Reddy,"157, Park Avenue, Chennai",9898004612,rahul.reddy871@example.com,XOBOY1645A,844132894558,ACTIVE
872,Priya,Das,"155, Temple Road, Delhi",9540117929,priya.das872@example.com,KMUDI1486E,394756246510,ACTIVE
873,Sneha,Joshi,"682, Nehru Nagar, Bengaluru",9348755975,sneha.joshi873@example.com,DTCYT9541I,724758974827,ACTIVE
874,Suresh,Iyer,"28, MG Road, Mumbai",9230150190,suresh.iyer874@example.com,YLMBK9796N,626376273390,ACTIVE
875,Deepa,Pillai,"219, Gandhi Street, Mumbai",9446631412,deepa.pillai875@example.com,MIFFW1944J,423364143094,ACTIVE
876,Arjun,Verma,"721, Lake View, Hyderabad",9152975332,arjun.verma876@example.com,RLXBR9212S,927732860789,ACTIVE
877,Sneha,Nair,"923, MG Road, Kochi",9860104022,sneha.nair877@example.com,COBCJ7993U,283571944086,ACTIVE
878,Nisha,Kumar,"954, Anna Salai, Hyderabad",9809272130,nisha.kumar878@example.com,PMHUN9759A,893071799642,ACTIVE
879,Kiran,Jain,"841, Brigade Road, Hyderabad",9869967616,kiran.jain879@example.com,PLXZF5383Y,413742485759,ACTIVE
880,Priya,Menon,"221, Temple Road, Pune",9373340531,priya.menon880@example.com,URDIO4559Q,338853344669,BLOCKED
881,Kiran,Gupta,"839, MG Road, Bengaluru",9772837645,kiran.gupta881@example.com,QPYRE2567L,991158520097,BLOCKED
882,Priya,Mishra,"970, Nehru Nagar, Hyderabad",9151132409,priya.mishra882@example.com,TPISK2449H,527770539884,ACTIVE
883,Aarav,Mishra,"5, Brigade Road, Bengaluru",9766956673,aarav.mishra883@example.com,NKUKK8108L,704969957080,ACTIVE
884,Sneha,Kumar,"664, Anna Salai, Kochi",9889355923,sneha.kumar884@example.com,QVZSW9426A,998618814802,ACTIVE
885,Priya,Joshi,"682, Brigade Road, Coimbatore",9304836494,priya.joshi885@example.com,SGTXV9393E,525301904741,ACTIVE
886,Lakshmi,Reddy,"991, Park Avenue, Kochi",9899914786,lakshmi.reddy886@example.com,DUKHF8760L,922916963303,ACTIVE
887,Karthik,Pillai,"849, Lake View, Bengaluru",9104427589,karthik.pillai887@example.com,BHITL5357A,792429967961,BLOCKED
888,Rahul,Jain,"774, Gandhi Street, Coimbatore",9296088599,rahul.jain888@example.com,UDEFV5699O,442747750015,ACTIVE
889,Deepa,Pillai,"441, Brigade Road, Mumbai",9362647053,deepa.pillai889@example.com,VJTON8259S,254876616507,ACTIVE
890,Pooja,Singh,"190, Nehru Nagar, Pune",9269560070,pooja.singh890@example.com,NSXKQ6384T,654492336970,ACTIVE
891,Riya,Pillai,"150, Anna Salai, Chennai",9901062726,riya.pillai891@example.com,IBJQS2159Q,922737879547,ACTIVE
892,Arjun,Joshi,"986, Lake View, Bengaluru",9840524116,arjun.joshi892@example.com,XYCRH7579K,964992808016,ACTIVE
893,Arjun,Joshi,"759, Gandhi Street, Mumbai",9131349911,arjun.joshi893@example.com,DELWX9663M,743669737900,ACTIVE
894,Deepa,Chopra,"401, Lake View, Pune",9386230037,deepa.chopra894@example.com,FCGWR5101T,389106132916,ACTIVE
895,Deepa,Jain,"557, MG Road, Kochi",9112296222,deepa.jain895@example.com,NTFEB1659H,624201842413,ACTIVE
896,Pooja,Nair,"150, Gandhi Street, Bengaluru",9835837968,pooja.nair896@example.com,JZPTO9313H,544642196698,ACTIVE
897,Diya,Gupta,"500, Lake View, Mumbai",9123079735,diya.gupta897@example.com,QDPLI3960A,710146477771,ACTIVE
898,Ananya,Rao,"566, MG Road, Mumbai",9600990768,ananya.rao898@example.com,ODDOG2372N,103715855825,ACTIVE
899,Vikram,Joshi,"1, Anna Salai, Coimbatore",9240416387,vikram.joshi899@example.com,TQTWG5110L,719193141294,ACTIVE
900,Aditya,Menon,"105, Brigade Road, Mumbai",9866552190,aditya.menon900@example.com,IWUZN8146E,292803177039,ACTIVE
901,Priya,Rao,"661, Gandhi Street, Pune",9926191564,priya.rao901@example.com,WTSFS9032Q,127380895485,ACTIVE
902,Nisha,Sharma,"525, Temple Road, Coimbatore",9352320242,nisha.sharma902@example.com,DVQOX9168U,920457745714,ACTIVE
903,Pooja,Kumar,"623, Brigade Road, Coimbatore",9443042874,pooja.kumar903@example.com,TGXZX6776X,344401755113,ACTIVE
904,Vikram,Yadav,"909, Temple Road, Kochi",9829811238,vikram.yadav904@example.com,LOSMF4674P,308736205250,ACTIVE
905,Arjun,Chopra,"350, Anna Salai, Hyderabad",9569622948,arjun.chopra905@example.com,NWTCN9785A,755156146723,ACTIVE
906,Aarav,Nair,"893, Brigade Road, Chennai",9625554343,aarav.nair906@example.com,AKDWJ8361L,137079511394,ACTIVE
907,Priya,Jain,"484, Nehru Nagar, Bengaluru",9449315541,priya.jain907@example.com,VPSCT5486G,629046305288,ACTIVE
908,Sanjay,Kumar,"340, Brigade Road, Bengaluru",9231178639,sanjay.kumar908@example.com,CFDTJ9403F,655939507979,ACTIVE
909,Karthik,Menon,"531, Nehru Nagar, Pune",9753622497,karthik.menon909@example.com,CCGTU8680S,282298169556,ACTIVE
910,Nisha,Patel,"711, Anna Salai, Delhi",9293335185,nisha.patel910@example.com,CJEEZ1076Y,136030426364,ACTIVE
911,Vivaan,Bose,"764, Park Avenue, Delhi",9138339308,vivaan.bose911@example.com,PUTKE6061P,803304828211,ACTIVE
912,Suresh,Reddy,"217, Lake View, Kochi",9696956593,suresh.reddy912@example.com,OCANT7678S,142721093539,ACTIVE
913,Suresh,Verma,"825, MG Road, Mumbai",9437745697,suresh.verma913@example.com,KGACN1693T,348172093156,ACTIVE
914,Sneha,Jain,"558, Temple Road, Kochi",9684720505,sneha.jain914@example.com,MABLF2228D,385167996943,ACTIVE
915,Rahul,Chopra,"387, Gandhi Street, Pune",9456733757,rahul.chopra915@example.com,BXADB5257Y,636878053562,ACTIVE
916,Deepa,Das,"506, Nehru Nagar, Coimbatore",9184885734,deepa.das916@example.com,RJKBA5812H,935632038696,ACTIVE
917,Sanjay,Reddy,"982, Lake View, Hyderabad",9144607579,sanjay.reddy917@example.com,YJUET5670H,161267470324,ACTIVE
918,Vivaan,Das,"412, MG Road, Kochi",9402398099,vivaan.das918@example.com,TOOHV7791Q,899995814054,ACTIVE
919,Sneha,Bose,"104, MG Road, Pune",9812812068,sneha.bose919@example.com,FXPFY9133R,723315182650,ACTIVE
920,Sanjay,Reddy,"43, Gandhi Street, Chennai",9760774730,sanjay.reddy920@example.com,IFCOH2447E,642748851375,ACTIVE
921,Vikram,Das,"257, Park Avenue, Coimbatore",9516351889,vikram.das921@example.com,XGJJX8297G,340574854733,ACTIVE
922,Lakshmi,Mishra,"24, Nehru Nagar, Delhi",9778426906,lakshmi.mishra922@example.com,TRNIJ3061Q,912333079076,ACTIVE
923,Aditya,Kapoor,"670, Lake View, Mumbai",9673897242,aditya.kapoor923@example.com,QCZSY6355M,396162326018,ACTIVE
924,Rahul,Joshi,"141, Gandhi Street, Bengaluru",9236601912,rahul.joshi924@example.com,QFOGC9017F,155496468925,ACTIVE
925,Deepa,Jain,"158, Brigade Road, Delhi",9158367936,deepa.jain925@example.com,YTURJ9739M,553794757646,ACTIVE
926,Vikram,Iyer,"6, Park Avenue, Mumbai",9830549876,vikram.iyer926@example.com,IAGQQ9272Y,484826046390,ACTIVE
927,Sanjay,Bose,"537, Park Avenue, Chennai",9047059093,sanjay.bose927@example.com,FLHZK6681I,830751594217,BLOCKED
928,Pooja,Joshi,"47, Lake View, Chennai",9441150310,pooja.joshi928@example.com,GBTYA8256O,707681360894,ACTIVE
929,Riya,Patel,"291, Temple Road, Kochi",9782551784,riya.patel929@example.com,XFDYK1590N,935258379111,ACTIVE
930,Riya,Menon,"800, Park Avenue, Bengaluru",9923384103,riya.menon930@example.com,INRPM9307C,136101656604,ACTIVE
931,Deepa,Pillai,"673, Temple Road, Delhi",9425564931,deepa.pillai931@example.com,LGAYX8030P,225216172425,ACTIVE
932,Deepa,Menon,"671, Anna Salai, Mumbai",9581560247,deepa.menon932@example.com,MQBUF5201Y,431530389134,ACTIVE
933,Vivaan,Gupta,"311, Anna Salai, Delhi",9568090257,vivaan.gupta933@example.com,FLMTY5608T,837560340076,ACTIVE
934,Deepa,Patel,"497, Gandhi Street, Chennai",9011491826,deepa.patel934@example.com,SJXNS3263E,842858529847,ACTIVE
935,Pooja,Patel,"425, Nehru Nagar, Mumbai",9587074036,pooja.patel935@example.com,LZFTM3323G,293724892232,ACTIVE
936,Nisha,Reddy,"844, MG Road, Bengaluru",9888540061,nisha.reddy936@example.com,YPXPN9217V,252932094156,ACTIVE
937,Ananya,Yadav,"341, Temple Road, Pune",9690745592,ananya.yadav937@example.com,GXJUF8829Q,980070972864,ACTIVE
938,Riya,Nair,"404, Lake View, Mumbai",9734616758,riya.nair938@example.com,IJKQZ4919B,791018208016,ACTIVE
939,Lakshmi,Yadav,"797, Gandhi Street, Mumbai",9737474357,lakshmi.yadav939@example.com,MFDXA5183L,985184316162,ACTIVE
940,Deepa,Iyer,"435, Brigade Road, Delhi",9839485853,deepa.iyer940@example.com,TOXTA1987J,388348165530,ACTIVE
941,Deepa,Kapoor,"857, MG Road, Kochi",9936062630,deepa.kapoor941@example.com,JZMDJ9355B,243929517221,ACTIVE
942,Nisha,Das,"667, Temple Road, Mumbai",9002002477,nisha.das942@example.com,ZZFKH4875N,889429594216,ACTIVE
943,Sneha,Kapoor,"243, Gandhi Street, Chennai",9445027505,sneha.kapoor943@example.com,WHPDC2104M,318181941693,BLOCKED
944,Rahul,Bose,"177, Brigade Road, Mumbai",9136470088,rahul.bose944@example.com,TQZFJ3835X,748434506841,BLOCKED
945,Sneha,Joshi,"341, Brigade Road, Kochi",9536330986,sneha.joshi945@example.com,QVTGP5299D,823569272803,ACTIVE
946,Suresh,Mishra,"422, Gandhi Street, Hyderabad",9109638790,suresh.mishra946@example.com,LNJML3465N,511172155909,ACTIVE
947,Nisha,Kapoor,"785, Nehru Nagar, Kochi",9613658943,nisha.kapoor947@example.com,GWJYI9591S,880561333209,BLOCKED
948,Arjun,Bose,"323, MG Road, Chennai",9277155521,arjun.bose948@example.com,GSTGB7319J,587042517041,ACTIVE
949,Ananya,Sharma,"445, Temple Road, Chennai",9403654501,ananya.sharma949@example.com,WHZGV6436Y,388233631732,ACTIVE
950,Rahul,Sharma,"775, Temple Road, Chennai",9400523874,rahul.sharma950@example.com,YPQXM3071T,234549883779,ACTIVE
951,Vikram,Gupta,"186, Brigade Road, Coimbatore",9064915656,vikram.gupta951@example.com,IKDQI6383U,618452436065,ACTIVE
952,Karthik,Reddy,"829, MG Road, Chennai",9889988343,karthik.reddy952@example.com,LSAGT8730B,265635244052,ACTIVE
953,Vikram,Rao,"119, Lake View, Pune",9702187439,vikram.rao953@example.com,DZJHI9323D,665624071782,ACTIVE
954,Karthik,Singh,"425, Anna Salai, Pune",9347508318,karthik.singh954@example.com,UZNWJ2378M,393747583823,ACTIVE
955,Karthik,Sharma,"771, Gandhi Street, Hyderabad",9455307662,karthik.sharma955@example.com,UZLGD7200T,218001144441,ACTIVE
956,Kiran,Iyer,"307, Anna Salai, Pune",9573616955,kiran.iyer956@example.com,YUNCJ9820Q,626778791713,ACTIVE
957,Arjun,Gupta,"595, Lake View, Delhi",9035524327,arjun.gupta957@example.com,FRFSP8655Y,185151263669,BLOCKED
958,Rahul,Das,"93, Temple Road, Bengaluru",9317834155,rahul.das958@example.com,EVSFC3417Y,196669827816,ACTIVE
959,Vivaan,Bose,"404, Nehru Nagar, Delhi",9608773046,vivaan.bose959@example.com,FIIYK2321Y,784544383665,ACTIVE
960,Karthik,Rao,"637, Temple Road, Delhi",9061605852,karthik.rao960@example.com,MKIHM5148E,426954133069,ACTIVE
961,Priya,Pillai,"648, Temple Road, Hyderabad",9525747959,priya.pillai961@example.com,FMRYD4314N,672009206951,BLOCKED
962,Priya,Patel,"177, Nehru Nagar, Coimbatore",9197423463,priya.patel962@example.com,GLTPZ7592B,842976738903,ACTIVE
963,Aarav,Chopra,"616, Temple Road, Delhi",9245248891,aarav.chopra963@example.com,CHJMT2279M,439684827407,ACTIVE
964,Rahul,Yadav,"16, Temple Road, Delhi",9192031406,rahul.yadav964@example.com,IINYL4576F,555965183076,ACTIVE
965,Ananya,Patel,"668, Park Avenue, Chennai",9072763544,ananya.patel965@example.com,RQWGU5407B,766940302280,ACTIVE
966,Vivaan,Patel,"241, Nehru Nagar, Mumbai",9463300078,vivaan.patel966@example.com,KJVPR9637P,721570162812,ACTIVE
967,Lakshmi,Kumar,"920, Nehru Nagar, Hyderabad",9592136934,lakshmi.kumar967@example.com,LGURD9581Y,721555630195,ACTIVE
968,Priya,Pillai,"428, Brigade Road, Kochi",9602114734,priya.pillai968@example.com,GUDIT6382K,825988167057,ACTIVE
969,Riya,Chopra,"822, Park Avenue, Hyderabad",9393356057,riya.chopra969@example.com,JQSQQ4710E,407995987135,ACTIVE
970,Aditya,Sharma,"854, Brigade Road, Chennai",9556280424,aditya.sharma970@example.com,MZUXA2162G,488469235312,ACTIVE
971,Riya,Nair,"590, Lake View, Hyderabad",9233442239,riya.nair971@example.com,KXVHO1372Z,750947666909,BLOCKED
972,Nisha,Reddy,"745, MG Road, Chennai",9678947234,nisha.reddy972@example.com,YQSTZ7326Q,464854172829,ACTIVE
973,Lakshmi,Iyer,"4, Lake View, Bengaluru",9147044966,lakshmi.iyer973@example.com,GBTPK7584R,616905381122,ACTIVE
974,Rahul,Rao,"630, Anna Salai, Kochi",9118747751,rahul.rao974@example.com,FVNHY5248W,888931213480,ACTIVE
975,Suresh,Kumar,"306, Anna Salai, Coimbatore",9676832934,suresh.kumar975@example.com,TEFVR9346S,177902577160,ACTIVE
976,Rahul,Das,"271, Gandhi Street, Mumbai",9503598533,rahul.das976@example.com,ASDFZ9759Q,875344174323,ACTIVE
977,Sneha,Menon,"640, Park Avenue, Kochi",9844919536,sneha.menon977@example.com,PTQWN7224E,510012720055,ACTIVE
978,Ananya,Iyer,"113, Gandhi Street, Hyderabad",9286417174,ananya.iyer978@example.com,JYHTH8367B,126887885608,ACTIVE
979,Vivaan,Sharma,"463, Park Avenue, Hyderabad",9110007266,vivaan.sharma979@example.com,DOJJL5200J,749855520103,ACTIVE
980,Nisha,Rao,"103, Temple Road, Delhi",9283506846,nisha.rao980@example.com,ZHMMI6455R,394159277590,ACTIVE
981,Suresh,Verma,"530, Gandhi Street, Delhi",9449759355,suresh.verma981@example.com,TMYUH3872L,217224074303,ACTIVE
982,Aditya,Joshi,"613, Nehru Nagar, Bengaluru",9301827147,aditya.joshi982@example.com,STGAH8215W,513547101503,ACTIVE
983,Lakshmi,Chopra,"769, Anna Salai, Coimbatore",9578256488,lakshmi.chopra983@example.com,QWSPR4148Q,313070126131,ACTIVE
984,Nisha,Mishra,"90, Lake View, Kochi",9654817120,nisha.mishra984@example.com,QPQYO6420V,561897621228,ACTIVE
985,Sneha,Bose,"163, MG Road, Coimbatore",9209670982,sneha.bose985@example.com,ZBDZX4516C,462762362244,ACTIVE
986,Sanjay,Chopra,"27, Temple Road, Coimbatore",9543526065,sanjay.chopra986@example.com,UIMZY2951X,729081932014,ACTIVE
987,Vikram,Das,"237, Gandhi Street, Hyderabad",9115029270,vikram.das987@example.com,DDEFW1732P,419198391394,BLOCKED
988,Sneha,Sharma,"365, Lake View, Kochi",9991849164,sneha.sharma988@example.com,GDOKQ7908Y,748344043541,ACTIVE
989,Lakshmi,Reddy,"79, MG Road, Kochi",9136965302,lakshmi.reddy989@example.com,GCFTU5063U,529051833092,ACTIVE
990,Nisha,Chopra,"335, Park Avenue, Chennai",9844621346,nisha.chopra990@example.com,JYFQT8611E,569407954970,ACTIVE
991,Vivaan,Mishra,"449, Gandhi Street, Kochi",9511219713,vivaan.mishra991@example.com,CPVXD6579L,513713397947,ACTIVE
992,Vikram,Jain,"361, Nehru Nagar, Bengaluru",9249309651,vikram.jain992@example.com,NVOAZ8649M,204261560935,ACTIVE
993,Arjun,Mishra,"319, Nehru Nagar, Kochi",9889624466,arjun.mishra993@example.com,HYKYR5139I,473307581256,BLOCKED
994,Lakshmi,Das,"302, Temple Road, Coimbatore",9647050745,lakshmi.das994@example.com,XHYXP3605K,535902731965,ACTIVE
995,Riya,Das,"938, Brigade Road, Pune",9388543774,riya.das995@example.com,RDZCD1620O,396989933516,ACTIVE
996,Deepa,Jain,"348, Lake View, Kochi",9904427600,deepa.jain996@example.com,IMZYC3635Y,200059303763,ACTIVE
997,Aditya,Verma,"808, Anna Salai, Hyderabad",9650125311,aditya.verma997@example.com,NDMOU7234U,752947540674,ACTIVE
998,Priya,Reddy,"882, Temple Road, Mumbai",9590044378,priya.reddy998@example.com,PKSJH2128K,619880374773,ACTIVE
999,Aditya,Das,"651, Gandhi Street, Mumbai",9797625780,aditya.das999@example.com,CCQIG8006L,698459595532,ACTIVE
1000,Rahul,Das,"569, Anna Salai, Kochi",9543660215,rahul.das1000@example.com,AMFGX5960D,933414869648,ACTIVE
