txn_id,txn_timestamp,from_acct_id,to_acct_id,txn_type,amount,status,error_msg
1,2025-10-27 10:56:52,1676,3711,UPI,1112,SUCCESS,
2,2025-11-07 10:53:18,11,1373,IMPS,164382,SUCCESS,
3,2025-04-23 00:11:41,3504,,ATM WITHDRAWAL,8323,SUCCESS,
4,2025-07-26 01:51:27,1001,883,NEFT,461200,SUCCESS,
5,2025-08-22 16:47:05,2576,,INTEREST CREDIT,23274,SUCCESS,
6,2025-06-07 19:59:46,4596,,ATM WITHDRAWAL,937,SUCCESS,
7,2025-04-27 19:06:08,2655,3015,FUND TRANSFER,955014,SUCCESS,
8,2025-02-21 17:50:24,162,1945,UPI,2683,SUCCESS,
9,2025-03-19 23:05:48,678,,ATM WITHDRAWAL,4711,SUCCESS,
10,2025-09-21 03:48:30,4660,310,UPI,1548,SUCCESS,
11,2025-08-27 04:14:20,2519,,WITHDRAWAL,23112,SUCCESS,
12,2025-02-03 18:15:38,4938,4440,UPI,7702,SUCCESS,
13,2025-07-08 14:54:40,3070,,WITHDRAWAL,21530,SUCCESS,
14,2025-08-09 12:27:55,4134,283,UPI,6985,SUCCESS,
15,2025-04-29 00:47:27,4874,2644,FUND TRANSFER,899104,SUCCESS,
16,2025-01-18 10:11:17,4471,2862,UPI,415,SUCCESS,
17,2025-09-06 15:57:07,3582,,INTEREST CREDIT,2380,SUCCESS,
18,2025-01-30 01:11:24,2199,,WITHDRAWAL,43072,SUCCESS,
19,2025-03-31 16:42:17,540,,ATM WITHDRAWAL,7228,SUCCESS,
20,2025-04-03 08:17:15,135,,DEPOSIT,60404,SUCCESS,
21,2025-08-22 12:37:31,1219,2023,NEFT,317542,SUCCESS,
22,2025-10-07 15:46:28,186,,DEPOSIT,21290,SUCCESS,
23,2025-12-14 13:53:36,3684,,DEPOSIT,76535,SUCCESS,
24,2025-12-20 18:30:22,50,3237,IMPS,1357,SUCCESS,
25,2025-09-22 09:53:42,1557,,DEPOSIT,98228,SUCCESS,
26,2025-02-04 14:02:52,4800,,ATM WITHDRAWAL,699,SUCCESS,
27,2025-09-15 22:44:02,2844,804,IMPS,103454,SUCCESS,
28,2025-02-05 23:57:27,1673,4708,IMPS,37489,SUCCESS,
29,2025-08-21 03:57:25,1088,3319,UPI,7875,SUCCESS,
30,2025-12-08 22:29:09,420,4072,FUND TRANSFER,410706,SUCCESS,
31,2025-01-08 21:41:42,660,,DEPOSIT,6661,SUCCESS,
32,2025-02-07 11:13:44,4370,2717,FUND TRANSFER,343332,SUCCESS,
33,2025-07-29 17:19:16,582,219,FUND TRANSFER,665757,SUCCESS,
34,2025-10-14 13:25:03,2326,1265,UPI,8438,SUCCESS,
35,2025-05-01 22:22:22,4204,,DEPOSIT,16257,SUCCESS,
36,2025-12-16 07:33:09,433,1497,UPI,6852,SUCCESS,
37,2025-11-09 06:20:13,711,,DEPOSIT,98145,SUCCESS,
38,2025-04-01 12:34:06,3521,2387,UPI,9365,SUCCESS,
39,2025-10-11 09:22:59,1288,367,FUND TRANSFER,222676,SUCCESS,
40,2025-09-05 21:01:17,3497,1599,IMPS,41431,SUCCESS,
41,2025-07-01 11:34:09,891,1445,UPI,5579,SUCCESS,
42,2025-07-09 13:04:30,2968,3076,FUND TRANSFER,999984,SUCCESS,
43,2025-10-29 14:46:18,161,672,UPI,4302,SUCCESS,
44,2025-09-08 03:53:36,1020,4239,FUND TRANSFER,920869,SUCCESS,
45,2025-08-26 17:18:51,2304,2639,UPI,5460,SUCCESS,
46,2025-07-14 09:24:11,1558,4770,FUND TRANSFER,460675,SUCCESS,
47,2025-02-20 07:38:54,699,2621,UPI,2449,SUCCESS,
48,2025-11-20 11:39:01,2152,4303,UPI,5024,SUCCESS,
49,2025-01-09 09:06:59,758,2013,IMPS,86726,SUCCESS,
50,2025-05-24 21:54:57,545,3338,FUND TRANSFER,166099,SUCCESS,
51,2025-03-30 22:31:21,2601,377,IMPS,106166,SUCCESS,
52,2025-08-24 19:28:25,3321,,DEPOSIT,13303,SUCCESS,
53,2025-06-09 12:13:14,3216,4425,UPI,8779,SUCCESS,
54,2025-10-21 03:32:36,4020,4575,UPI,7720,SUCCESS,
55,2025-12-13 22:40:58,558,435,UPI,5001,SUCCESS,
56,2025-12-02 02:00:44,3601,,WITHDRAWAL,3810,SUCCESS,
57,2025-12-21 07:51:16,4480,3354,UPI,2596,SUCCESS,
58,2025-01-12 15:42:44,3933,1454,NEFT,147326,SUCCESS,
59,2025-03-19 21:38:16,1534,2530,UPI,1097,SUCCESS,
60,2025-07-30 00:29:10,1722,,ATM WITHDRAWAL,7054,SUCCESS,
61,2025-03-26 07:30:16,1866,,ATM WITHDRAWAL,5710,SUCCESS,
62,2025-09-25 16:41:45,1951,2010,UPI,3044,SUCCESS,
63,2025-04-16 01:58:05,4500,,DEPOSIT,3259,SUCCESS,
64,2025-01-19 10:33:28,4981,729,FUND TRANSFER,316998,SUCCESS,
65,2025-04-08 01:37:08,4583,2276,FUND TRANSFER,405286,SUCCESS,
66,2025-03-04 05:44:31,1188,3511,FUND TRANSFER,85754,SUCCESS,
67,2025-08-20 04:07:19,2,3687,FUND TRANSFER,604014,SUCCESS,
68,2025-05-10 00:32:43,2896,915,FUND TRANSFER,91192,SUCCESS,
69,2025-06-17 00:20:04,1685,,ATM WITHDRAWAL,1042,SUCCESS,
70,2025-03-16 06:43:41,2020,509,FUND TRANSFER,940151,SUCCESS,
71,2025-08-24 09:37:32,4100,,ATM WITHDRAWAL,6407,SUCCESS,
72,2025-05-29 20:12:41,1726,2442,FUND TRANSFER,390314,SUCCESS,
73,2025-10-16 05:00:59,787,1500,UPI,8049,SUCCESS,
74,2025-11-05 23:36:31,769,1545,FUND TRANSFER,421404,SUCCESS,
75,2025-06-23 05:37:55,2663,4620,UPI,5830,SUCCESS,
76,2025-09-15 05:00:57,2938,1885,FUND TRANSFER,443503,SUCCESS,
77,2025-02-10 12:41:21,2969,,WITHDRAWAL,46510,SUCCESS,
78,2025-06-26 02:54:36,4947,1143,IMPS,46216,SUCCESS,
79,2025-06-29 08:28:26,1704,,WITHDRAWAL,39720,SUCCESS,
80,2025-08-13 12:51:23,634,878,UPI,5172,FAILED,Network Timeout
81,2025-05-11 03:37:09,3580,954,UPI,9366,SUCCESS,
82,2025-10-13 00:56:20,1463,,ATM WITHDRAWAL,7097,SUCCESS,
83,2025-03-05 11:49:35,2746,1102,FUND TRANSFER,213601,SUCCESS,
84,2025-06-27 14:11:23,3571,1436,FUND TRANSFER,469925,SUCCESS,
85,2025-06-28 12:24:46,4070,,ATM WITHDRAWAL,7779,SUCCESS,
86,2025-06-25 23:39:36,944,3545,IMPS,2005,SUCCESS,
87,2025-10-23 13:39:28,335,,ATM WITHDRAWAL,3233,SUCCESS,
88,2025-01-17 10:35:13,4848,4836,UPI,9119,SUCCESS,
89,2025-12-05 09:04:36,4007,4158,UPI,586,SUCCESS,
90,2025-07-09 19:53:34,4462,3155,NEFT,138769,SUCCESS,
91,2025-06-14 17:29:12,2849,4868,IMPS,95782,SUCCESS,
92,2025-10-03 07:30:46,1915,,DEPOSIT,59435,SUCCESS,
93,2025-02-25 13:36:47,1586,,DEPOSIT,88441,SUCCESS,
94,2025-05-25 20:32:48,3529,167,FUND TRANSFER,37949,SUCCESS,
95,2025-12-05 00:33:34,1895,,ATM WITHDRAWAL,5748,SUCCESS,
96,2025-05-03 22:03:38,3311,,ATM WITHDRAWAL,552,SUCCESS,
97,2025-10-09 10:32:52,1194,838,IMPS,107281,SUCCESS,
98,2025-03-31 13:05:37,1796,,WITHDRAWAL,8204,SUCCESS,
99,2025-05-26 00:50:33,4815,,DEPOSIT,95757,SUCCESS,
100,2025-06-24 00:32:10,1742,2640,NEFT,256748,SUCCESS,
101,2025-08-18 09:15:22,3227,,INTEREST CREDIT,6554,SUCCESS,
102,2025-08-15 23:10:21,1482,,ATM WITHDRAWAL,5533,SUCCESS,
103,2025-12-06 19:46:53,2507,2636,NEFT,24436,SUCCESS,
104,2025-04-09 00:41:51,4353,779,UPI,3916,SUCCESS,
105,2025-12-16 10:09:10,1934,2407,UPI,9069,SUCCESS,
106,2025-06-21 08:35:21,1358,,ATM WITHDRAWAL,3029,SUCCESS,
107,2025-04-30 18:08:35,892,426,UPI,5769,SUCCESS,
108,2025-03-16 04:58:24,2895,2306,FUND TRANSFER,746293,SUCCESS,
109,2025-05-29 00:33:16,1201,4708,FUND TRANSFER,86449,SUCCESS,
110,2025-04-09 16:25:25,986,,WITHDRAWAL,32095,SUCCESS,
111,2025-08-18 10:18:09,2393,,ATM WITHDRAWAL,530,SUCCESS,
112,2025-01-07 14:40:02,2682,,ATM WITHDRAWAL,9576,SUCCESS,
113,2025-01-11 09:16:30,4822,4150,NEFT,476557,SUCCESS,
114,2025-04-18 15:02:22,568,1720,UPI,1370,SUCCESS,
115,2025-06-26 12:07:19,4692,4299,UPI,1507,SUCCESS,
116,2025-03-26 08:53:34,3823,1825,FUND TRANSFER,585497,SUCCESS,
117,2025-07-16 13:18:57,4350,1256,FUND TRANSFER,93494,SUCCESS,
118,2025-04-21 06:40:07,2525,229,UPI,9960,SUCCESS,
119,2025-01-23 08:48:43,96,4043,UPI,936,SUCCESS,
120,2025-07-25 11:41:48,4897,,ATM WITHDRAWAL,2160,SUCCESS,
121,2025-04-28 22:48:53,948,,ATM WITHDRAWAL,1686,SUCCESS,
122,2025-07-07 10:24:16,4182,899,UPI,5051,SUCCESS,
123,2025-08-09 23:08:47,4234,1674,FUND TRANSFER,464477,SUCCESS,
124,2025-04-12 03:53:42,744,4737,NEFT,413061,SUCCESS,
125,2025-10-25 14:50:51,4002,4226,IMPS,88476,SUCCESS,
126,2025-06-26 19:47:41,526,2317,UPI,7888,SUCCESS,
127,2025-05-17 10:39:24,3320,,ATM WITHDRAWAL,561,SUCCESS,
128,2025-10-14 16:19:20,1976,,WITHDRAWAL,33243,SUCCESS,
129,2025-05-10 00:09:36,4929,2785,UPI,439,SUCCESS,
130,2025-05-10 12:55:20,1846,306,NEFT,435306,SUCCESS,
131,2025-01-31 12:45:12,169,1650,UPI,9985,SUCCESS,
132,2025-12-23 21:23:02,17,2602,IMPS,119785,SUCCESS,
133,2025-01-23 22:31:29,367,3268,UPI,4803,SUCCESS,
134,2025-10-07 07:08:23,933,,WITHDRAWAL,39245,SUCCESS,
135,2025-02-04 17:41:04,3809,3184,FUND TRANSFER,798808,SUCCESS,
136,2025-02-09 20:44:09,3002,,WITHDRAWAL,39860,SUCCESS,
137,2025-10-05 01:46:28,3442,,ATM WITHDRAWAL,7940,SUCCESS,
138,2025-01-28 15:10:29,2603,2721,IMPS,166832,SUCCESS,
139,2025-05-21 02:37:45,3473,877,UPI,2621,SUCCESS,
140,2025-05-24 09:38:28,956,,ATM WITHDRAWAL,9086,SUCCESS,
141,2025-03-03 21:01:48,1617,,ATM WITHDRAWAL,7200,SUCCESS,
142,2025-09-11 01:50:42,4447,3294,FUND TRANSFER,273236,SUCCESS,
143,2025-06-05 06:26:04,3392,195,UPI,5380,SUCCESS,
144,2025-12-20 22:19:32,2766,,INTEREST CREDIT,12690,SUCCESS,
145,2025-06-15 22:41:26,982,1557,NEFT,425714,SUCCESS,
146,2025-07-13 21:07:35,4274,2186,NEFT,470229,SUCCESS,
147,2025-11-12 19:26:16,1528,1325,UPI,3476,SUCCESS,
148,2025-03-24 14:56:43,281,3391,FUND TRANSFER,36037,SUCCESS,
149,2025-05-08 09:07:46,2455,4960,NEFT,57829,SUCCESS,
150,2025-05-14 02:36:34,3009,,DEPOSIT,30565,SUCCESS,
151,2025-10-14 23:34:29,2666,4542,UPI,456,SUCCESS,
152,2025-03-02 07:47:49,1664,3026,NEFT,358515,SUCCESS,
153,2025-03-23 16:24:40,4979,284,FUND TRANSFER,286314,SUCCESS,
154,2025-07-22 09:13:34,882,,ATM WITHDRAWAL,1849,SUCCESS,
155,2025-05-07 23:23:18,1552,2229,NEFT,192915,FAILED,Network Timeout
156,2025-06-26 20:10:29,3696,1651,FUND TRANSFER,14371,SUCCESS,
157,2025-05-31 20:48:36,4897,370,UPI,1632,SUCCESS,
158,2025-10-31 00:47:48,3964,,WITHDRAWAL,21736,SUCCESS,
159,2025-03-12 04:09:30,1062,1653,UPI,9292,SUCCESS,
160,2025-02-21 17:21:26,3752,4700,UPI,2994,SUCCESS,
161,2025-03-21 20:59:10,3359,3369,FUND TRANSFER,669318,SUCCESS,
162,2025-03-19 18:55:01,668,,ATM WITHDRAWAL,1455,SUCCESS,
163,2025-06-11 20:24:00,4854,2367,UPI,3139,SUCCESS,
164,2025-11-13 02:27:27,4242,2060,FUND TRANSFER,164362,SUCCESS,
165,2025-12-25 23:25:44,3096,3176,UPI,6601,SUCCESS,
166,2025-08-09 08:44:21,2516,2231,NEFT,456923,SUCCESS,
167,2025-06-07 00:21:41,4647,3387,FUND TRANSFER,435386,SUCCESS,
168,2025-04-29 21:19:09,646,,ATM WITHDRAWAL,1941,SUCCESS,
169,2025-06-27 13:53:10,1440,149,UPI,2955,SUCCESS,
170,2025-03-08 06:13:43,4624,,WITHDRAWAL,24043,SUCCESS,
171,2025-03-03 15:36:37,2800,,DEPOSIT,37106,SUCCESS,
172,2025-07-12 00:46:48,1088,,WITHDRAWAL,2548,SUCCESS,
173,2025-06-16 06:56:58,4748,4720,UPI,7209,SUCCESS,
174,2025-08-09 17:48:42,4902,,ATM WITHDRAWAL,4310,SUCCESS,
175,2025-01-31 08:35:26,2657,,ATM WITHDRAWAL,1925,SUCCESS,
176,2025-04-27 13:39:51,450,2225,NEFT,174307,SUCCESS,
177,2025-11-16 05:20:30,3554,3590,UPI,2471,SUCCESS,
178,2025-12-03 06:04:19,646,1254,UPI,9156,SUCCESS,
179,2025-01-12 19:54:39,1862,3323,NEFT,207600,SUCCESS,
180,2025-12-31 20:32:39,4606,354,FUND TRANSFER,424314,SUCCESS,
181,2025-04-22 21:36:31,3359,3643,FUND TRANSFER,277875,SUCCESS,
182,2025-11-21 09:45:24,2486,,ATM WITHDRAWAL,6912,SUCCESS,
183,2025-05-27 17:27:18,4133,,WITHDRAWAL,2976,SUCCESS,
184,2025-08-08 19:35:10,4224,,ATM WITHDRAWAL,4389,SUCCESS,
185,2025-07-02 17:02:00,4022,4669,UPI,401,SUCCESS,
186,2025-06-13 13:55:00,895,3339,IMPS,179530,SUCCESS,
187,2025-12-12 04:20:58,4218,292,IMPS,197958,SUCCESS,
188,2025-03-12 17:18:18,2964,,INTEREST CREDIT,13619,SUCCESS,
189,2025-03-18 17:27:08,4001,4620,FUND TRANSFER,919842,SUCCESS,
190,2025-09-13 20:49:09,4925,2120,IMPS,31937,SUCCESS,
191,2025-07-01 10:29:38,3196,,DEPOSIT,99547,SUCCESS,
192,2025-07-28 00:46:26,1644,,WITHDRAWAL,8520,SUCCESS,
193,2025-10-04 10:06:27,996,,INTEREST CREDIT,1174,SUCCESS,
194,2025-09-18 05:03:50,1054,,ATM WITHDRAWAL,8634,SUCCESS,
195,2025-06-30 15:37:02,2469,275,UPI,4394,SUCCESS,
196,2025-01-05 06:50:32,4419,,WITHDRAWAL,44950,SUCCESS,
197,2025-11-21 22:07:22,2277,1087,FUND TRANSFER,869927,SUCCESS,
198,2025-02-15 06:51:32,4607,1049,FUND TRANSFER,264209,SUCCESS,
199,2025-07-14 12:41:00,2054,4310,NEFT,2227,SUCCESS,
200,2025-02-19 01:22:04,2723,2125,FUND TRANSFER,607218,SUCCESS,
201,2025-07-16 05:15:02,2621,1489,UPI,2895,SUCCESS,
202,2025-11-06 14:23:07,3252,,WITHDRAWAL,18682,SUCCESS,
203,2025-08-26 14:19:29,221,3092,UPI,9737,SUCCESS,
204,2025-10-15 17:11:25,2521,120,UPI,2852,SUCCESS,
205,2025-11-13 02:15:00,673,4675,UPI,278,SUCCESS,
206,2025-02-17 16:14:42,4048,2912,NEFT,408902,SUCCESS,
207,2025-07-10 12:18:47,2932,1798,IMPS,13472,SUCCESS,
208,2025-10-17 15:52:01,2062,,ATM WITHDRAWAL,6552,SUCCESS,
209,2025-04-26 17:50:40,2053,2642,UPI,281,SUCCESS,
210,2025-02-10 08:58:05,1750,3223,UPI,1717,SUCCESS,
211,2025-08-31 19:11:54,446,,ATM WITHDRAWAL,6274,SUCCESS,
212,2025-05-11 21:59:43,2292,4344,NEFT,418613,SUCCESS,
213,2025-09-15 14:48:34,2297,2553,IMPS,120184,SUCCESS,
214,2025-04-10 07:17:41,1905,1712,UPI,9211,SUCCESS,
215,2025-01-02 12:10:16,2638,,DEPOSIT,35339,SUCCESS,
216,2025-11-17 06:36:20,3860,3252,UPI,3681,SUCCESS,
217,2025-09-11 04:26:01,2457,,DEPOSIT,97421,SUCCESS,
218,2025-09-30 11:34:22,2164,4882,NEFT,243181,SUCCESS,
219,2025-10-15 18:20:20,4863,3053,UPI,3088,SUCCESS,
220,2025-10-02 22:01:54,381,792,UPI,1772,SUCCESS,
221,2025-01-29 23:57:30,2091,,DEPOSIT,68521,SUCCESS,
222,2025-06-30 21:27:53,1110,769,UPI,2152,SUCCESS,
223,2025-11-13 23:47:15,177,4983,UPI,8858,SUCCESS,
224,2025-10-11 12:33:02,3525,3330,FUND TRANSFER,324006,SUCCESS,
225,2025-11-11 12:14:29,1606,,DEPOSIT,8732,SUCCESS,
226,2025-06-02 12:31:04,4478,,WITHDRAWAL,35679,SUCCESS,
227,2025-11-16 01:50:40,2759,,WITHDRAWAL,22116,SUCCESS,
228,2025-03-19 10:45:50,1429,,ATM WITHDRAWAL,7844,SUCCESS,
229,2025-01-03 12:35:57,4144,3657,FUND TRANSFER,199241,SUCCESS,
230,2025-01-13 00:29:01,4241,576,IMPS,117004,SUCCESS,
231,2025-05-24 10:24:41,699,2052,UPI,5239,SUCCESS,
232,2025-09-13 01:38:11,3889,,DEPOSIT,65577,SUCCESS,
233,2025-12-15 05:52:19,3909,,WITHDRAWAL,7339,SUCCESS,
234,2025-04-27 15:46:33,4020,4148,FUND TRANSFER,295004,SUCCESS,
235,2025-08-08 14:44:17,3743,3035,FUND TRANSFER,818441,SUCCESS,
236,2025-08-23 14:44:47,2095,3079,FUND TRANSFER,675932,SUCCESS,
237,2025-07-11 17:09:16,1633,,DEPOSIT,9874,SUCCESS,
238,2025-12-17 18:07:20,2599,2489,IMPS,107646,SUCCESS,
239,2025-09-23 16:59:04,3780,,DEPOSIT,4173,SUCCESS,
240,2025-07-23 15:54:22,2327,,ATM WITHDRAWAL,2735,SUCCESS,
241,2025-09-01 20:55:24,1028,,ATM WITHDRAWAL,5154,SUCCESS,
242,2025-01-19 12:02:56,301,1475,UPI,6961,SUCCESS,
243,2025-04-22 08:16:36,1189,2371,NEFT,137968,SUCCESS,
244,2025-04-21 01:12:23,3302,,ATM WITHDRAWAL,6187,SUCCESS,
245,2025-09-27 03:24:02,86,,WITHDRAWAL,4125,SUCCESS,
246,2025-10-13 15:11:07,225,,ATM WITHDRAWAL,2639,SUCCESS,
247,2025-08-12 09:50:34,242,,DEPOSIT,68649,SUCCESS,
248,2025-06-02 21:09:04,17,3538,UPI,6109,SUCCESS,
249,2025-09-28 04:49:40,3153,2070,UPI,3596,FAILED,Daily Limit Exceeded
250,2025-07-26 18:04:40,753,,WITHDRAWAL,44027,SUCCESS,
251,2025-11-27 17:30:35,2250,414,UPI,586,SUCCESS,
252,2025-12-11 00:09:18,4223,2575,IMPS,151226,SUCCESS,
253,2025-09-02 08:52:02,899,,WITHDRAWAL,20180,SUCCESS,
254,2025-06-14 01:54:37,2664,4097,FUND TRANSFER,522680,SUCCESS,
255,2025-09-30 03:44:17,655,,ATM WITHDRAWAL,4360,SUCCESS,
256,2025-10-27 04:24:15,3104,,DEPOSIT,88291,SUCCESS,
257,2025-12-31 21:37:21,4345,1320,UPI,6089,SUCCESS,
258,2025-01-20 00:35:21,2139,2406,UPI,1373,SUCCESS,
259,2025-01-20 04:47:09,4216,,DEPOSIT,21592,SUCCESS,
260,2025-08-08 08:47:12,4504,2645,IMPS,182316,SUCCESS,
261,2025-06-16 06:35:07,4045,2653,FUND TRANSFER,136608,SUCCESS,
262,2025-02-23 07:13:15,4322,4937,IMPS,60443,SUCCESS,
263,2025-06-14 09:40:36,108,2103,FUND TRANSFER,494316,SUCCESS,
264,2025-05-04 03:51:41,149,270,FUND TRANSFER,966225,SUCCESS,
265,2025-04-17 03:03:15,1073,,ATM WITHDRAWAL,1142,SUCCESS,
266,2025-12-10 03:03:17,346,719,UPI,4371,SUCCESS,
267,2025-10-19 10:17:32,2737,,ATM WITHDRAWAL,9602,SUCCESS,
268,2025-03-15 11:40:43,880,,ATM WITHDRAWAL,6887,SUCCESS,
269,2025-05-23 03:59:45,4443,584,IMPS,148886,SUCCESS,
270,2025-11-16 09:16:28,268,173,FUND TRANSFER,982003,FAILED,Insufficient Balance
271,2025-03-24 20:08:18,4756,2381,IMPS,180359,SUCCESS,
272,2025-10-05 02:00:53,2902,3354,UPI,5228,SUCCESS,
273,2025-05-24 01:08:41,2754,,WITHDRAWAL,6590,SUCCESS,
274,2025-05-10 23:07:16,4089,,WITHDRAWAL,1515,SUCCESS,
275,2025-05-20 21:12:40,3166,,ATM WITHDRAWAL,3372,SUCCESS,
276,2025-07-20 17:56:53,3507,937,FUND TRANSFER,744540,SUCCESS,
277,2025-10-17 00:01:56,1647,3636,NEFT,313467,SUCCESS,
278,2025-05-27 16:18:56,4233,2567,IMPS,74700,SUCCESS,
279,2025-01-05 23:01:22,3688,688,FUND TRANSFER,102509,SUCCESS,
280,2025-02-14 15:36:41,4869,,DEPOSIT,9433,SUCCESS,
281,2025-12-16 04:31:58,4555,3645,IMPS,125821,SUCCESS,
282,2025-03-03 09:05:21,968,3040,NEFT,270305,SUCCESS,
283,2025-06-19 21:00:44,732,,ATM WITHDRAWAL,3111,SUCCESS,
284,2025-11-25 00:50:31,430,,WITHDRAWAL,4545,SUCCESS,
285,2025-11-21 00:34:30,3118,4697,NEFT,217980,SUCCESS,
286,2025-10-30 00:40:09,3635,,WITHDRAWAL,48749,SUCCESS,
287,2025-11-23 21:50:16,883,2676,NEFT,273234,SUCCESS,
288,2025-03-04 22:55:31,4923,,DEPOSIT,80213,SUCCESS,
289,2025-06-15 13:38:24,19,3217,UPI,2852,SUCCESS,
290,2025-06-30 06:55:40,2074,,ATM WITHDRAWAL,3483,SUCCESS,
291,2025-11-24 04:44:33,2421,,WITHDRAWAL,2922,SUCCESS,
292,2025-07-31 15:47:44,4518,4019,UPI,5760,SUCCESS,
293,2025-03-25 15:44:36,4660,,DEPOSIT,91389,SUCCESS,
294,2025-04-01 15:47:57,477,,ATM WITHDRAWAL,8536,SUCCESS,
295,2025-09-24 02:30:17,194,330,UPI,3218,SUCCESS,
296,2025-02-14 03:32:23,1103,,WITHDRAWAL,11535,SUCCESS,
297,2025-12-07 13:37:21,3137,4149,UPI,5628,SUCCESS,
298,2025-05-02 12:17:42,4225,288,FUND TRANSFER,225963,SUCCESS,
299,2025-05-22 19:54:05,3256,,DEPOSIT,94211,SUCCESS,
300,2025-06-08 21:12:52,3865,469,UPI,9588,SUCCESS,
301,2025-07-29 00:26:33,631,3835,IMPS,117022,SUCCESS,
302,2025-02-25 06:59:48,3703,2018,NEFT,85869,SUCCESS,
303,2025-09-11 05:34:31,2766,2289,UPI,3186,SUCCESS,
304,2025-07-28 04:01:46,1868,,ATM WITHDRAWAL,7182,SUCCESS,
305,2025-11-28 16:34:31,214,1955,IMPS,41931,SUCCESS,
306,2025-10-24 06:16:01,3961,,WITHDRAWAL,14254,SUCCESS,
307,2025-09-08 12:08:47,2176,3689,FUND TRANSFER,934551,SUCCESS,
308,2025-04-02 11:34:32,2653,3328,NEFT,452144,SUCCESS,
309,2025-11-22 19:32:36,1972,4817,IMPS,166151,SUCCESS,
310,2025-11-17 22:09:00,3709,,ATM WITHDRAWAL,8249,SUCCESS,
311,2025-05-14 00:47:28,3531,1672,FUND TRANSFER,486763,SUCCESS,
312,2025-08-15 04:15:31,3563,,ATM WITHDRAWAL,7678,SUCCESS,
313,2025-01-05 13:56:38,4188,,INTEREST CREDIT,5672,SUCCESS,
314,2025-05-23 17:28:24,3253,273,UPI,1414,SUCCESS,
315,2025-02-12 08:56:07,2405,976,UPI,2630,SUCCESS,
316,2025-02-06 20:57:43,2078,,ATM WITHDRAWAL,8111,SUCCESS,
317,2025-05-16 21:23:38,4069,1103,FUND TRANSFER,728466,SUCCESS,
318,2025-08-11 08:01:16,2424,,ATM WITHDRAWAL,6473,SUCCESS,
319,2025-10-16 23:36:10,4971,4620,UPI,22,SUCCESS,
320,2025-10-15 11:31:07,699,2241,UPI,5127,SUCCESS,
321,2025-02-06 00:07:30,564,3615,UPI,1923,SUCCESS,
322,2025-09-10 22:57:06,3960,,WITHDRAWAL,21892,SUCCESS,
323,2025-03-06 16:13:21,2341,109,NEFT,424311,SUCCESS,
324,2025-08-15 10:26:53,2629,4427,UPI,331,SUCCESS,
325,2025-05-09 20:32:52,637,203,UPI,1196,SUCCESS,
326,2025-08-27 12:37:10,1594,3143,IMPS,95441,SUCCESS,
327,2025-10-02 22:21:20,4079,,ATM WITHDRAWAL,7122,FAILED,Account Blocked
328,2025-10-25 06:17:23,3794,,WITHDRAWAL,17147,SUCCESS,
329,2025-08-29 03:42:17,2812,1778,UPI,4306,SUCCESS,
330,2025-07-01 23:55:38,794,533,UPI,9882,SUCCESS,
331,2025-12-16 21:32:00,137,3527,IMPS,95843,SUCCESS,
332,2025-01-02 14:22:34,4318,,DEPOSIT,89353,SUCCESS,
333,2025-05-04 19:16:46,2399,440,IMPS,52266,SUCCESS,
334,2025-03-27 12:29:57,3167,,ATM WITHDRAWAL,7558,SUCCESS,
335,2025-06-24 05:56:45,4015,,ATM WITHDRAWAL,778,SUCCESS,
336,2025-06-12 17:08:50,4163,,DEPOSIT,29796,SUCCESS,
337,2025-09-15 08:52:48,2692,,ATM WITHDRAWAL,6571,SUCCESS,
338,2025-07-27 03:55:38,2829,2977,NEFT,6134,SUCCESS,
339,2025-12-15 18:57:21,991,,INTEREST CREDIT,15489,SUCCESS,
340,2025-08-11 03:34:45,1724,,DEPOSIT,21343,SUCCESS,
341,2025-10-03 12:53:16,1564,2886,UPI,1816,SUCCESS,
342,2025-08-12 11:13:10,4235,4325,NEFT,318710,FAILED,Account Blocked
343,2025-04-10 04:21:36,2929,2397,UPI,1837,SUCCESS,
344,2025-01-10 05:08:45,844,3596,UPI,7957,SUCCESS,
345,2025-12-18 13:48:52,1716,,DEPOSIT,49390,SUCCESS,
346,2025-11-02 19:35:19,2354,,WITHDRAWAL,24622,SUCCESS,
347,2025-06-08 22:08:45,907,,ATM WITHDRAWAL,5688,SUCCESS,
348,2025-11-27 11:08:30,188,494,UPI,9091,SUCCESS,
349,2025-04-05 02:00:18,4243,4123,UPI,6717,SUCCESS,
350,2025-11-20 07:22:43,1158,,WITHDRAWAL,49474,SUCCESS,
351,2025-07-26 10:38:19,2736,2218,UPI,4196,SUCCESS,
352,2025-04-25 09:40:29,3220,,WITHDRAWAL,23800,SUCCESS,
353,2025-01-17 17:04:08,1494,2975,FUND TRANSFER,124719,SUCCESS,
354,2025-09-13 08:45:04,23,,DEPOSIT,94812,SUCCESS,
355,2025-09-14 04:23:36,248,,DEPOSIT,32229,SUCCESS,
356,2025-10-18 10:36:38,4377,,DEPOSIT,37171,SUCCESS,
357,2025-07-18 01:38:12,560,,ATM WITHDRAWAL,7541,SUCCESS,
358,2025-02-11 19:27:53,1710,1449,NEFT,193046,SUCCESS,
359,2025-11-17 08:29:40,3523,,ATM WITHDRAWAL,3078,SUCCESS,
360,2025-12-18 15:07:31,4057,,ATM WITHDRAWAL,6254,SUCCESS,
361,2025-11-08 11:32:26,2707,3284,FUND TRANSFER,341270,SUCCESS,
362,2025-11-25 05:42:52,4367,,INTEREST CREDIT,24211,SUCCESS,
363,2025-06-24 19:53:52,1471,,ATM WITHDRAWAL,6659,SUCCESS,
364,2025-01-12 15:41:39,3763,,INTEREST CREDIT,2723,SUCCESS,
365,2025-02-15 13:28:15,1994,2756,UPI,651,SUCCESS,
366,2025-11-23 19:30:36,2326,4923,IMPS,119816,SUCCESS,
367,2025-08-22 10:28:42,461,,ATM WITHDRAWAL,7421,SUCCESS,
368,2025-07-16 17:39:23,3055,1068,UPI,2507,SUCCESS,
369,2025-07-25 06:15:21,1787,1270,UPI,5744,FAILED,Beneficiary Not Found
370,2025-11-23 07:27:50,2785,1570,UPI,442,SUCCESS,
371,2025-06-29 12:28:28,1494,,WITHDRAWAL,25460,SUCCESS,
372,2025-11-07 10:45:18,2082,3845,FUND TRANSFER,819685,SUCCESS,
373,2025-01-28 15:16:04,2835,4998,NEFT,113781,SUCCESS,
374,2025-02-07 13:30:12,2261,3761,UPI,6953,SUCCESS,
375,2025-05-20 18:39:34,225,2903,IMPS,182691,SUCCESS,
376,2025-11-15 21:50:54,929,,DEPOSIT,78954,SUCCESS,
377,2025-01-16 15:28:42,2358,,ATM WITHDRAWAL,1057,SUCCESS,
378,2025-08-09 17:50:46,907,,DEPOSIT,67364,SUCCESS,
379,2025-11-11 04:29:35,1820,,ATM WITHDRAWAL,2862,SUCCESS,
380,2025-05-29 18:54:39,2647,1095,FUND TRANSFER,3404,SUCCESS,
381,2025-08-04 01:42:38,1562,,ATM WITHDRAWAL,6190,SUCCESS,
382,2025-12-28 19:47:02,4499,,DEPOSIT,17212,SUCCESS,
383,2025-01-23 18:47:27,1506,727,UPI,1108,SUCCESS,
384,2025-05-13 23:33:53,4146,,WITHDRAWAL,26436,SUCCESS,
385,2025-12-14 06:20:22,3034,4319,UPI,7776,SUCCESS,
386,2025-08-16 17:49:17,2796,,WITHDRAWAL,28404,SUCCESS,
387,2025-11-30 17:38:51,4352,3025,UPI,1258,SUCCESS,
388,2025-09-11 12:36:08,4765,4844,IMPS,195250,SUCCESS,
389,2025-01-09 06:50:56,3009,4122,UPI,8158,SUCCESS,
390,2025-02-27 23:46:04,3797,,WITHDRAWAL,43764,SUCCESS,
391,2025-07-12 17:20:10,1870,,WITHDRAWAL,43248,FAILED,Invalid Account
392,2025-06-13 03:59:55,3035,3815,FUND TRANSFER,870058,SUCCESS,
393,2025-06-28 20:29:05,2373,3618,UPI,3001,SUCCESS,
394,2025-09-29 02:11:44,2808,4941,NEFT,341161,SUCCESS,
395,2025-11-03 16:08:14,4884,,WITHDRAWAL,31501,SUCCESS,
396,2025-01-28 03:41:51,275,1610,UPI,899,SUCCESS,
397,2025-06-29 11:53:50,871,,ATM WITHDRAWAL,9164,SUCCESS,
398,2025-01-14 18:33:02,2072,1510,UPI,4321,SUCCESS,
399,2025-02-18 00:39:08,2608,4442,NEFT,403692,SUCCESS,
400,2025-06-05 08:32:31,2679,2882,UPI,8213,SUCCESS,
401,2025-08-31 13:26:46,2739,1252,UPI,4883,SUCCESS,
402,2025-01-31 00:36:27,2921,1095,UPI,3333,SUCCESS,
403,2025-08-25 13:28:40,3161,2204,FUND TRANSFER,285703,SUCCESS,
404,2025-12-16 02:41:33,2657,2888,UPI,9096,SUCCESS,
405,2025-06-04 06:49:05,1511,574,UPI,3381,SUCCESS,
406,2025-08-06 19:12:55,4251,1465,UPI,6593,SUCCESS,
407,2025-11-27 07:33:47,2159,1937,UPI,1618,SUCCESS,
408,2025-01-26 22:47:33,3635,,ATM WITHDRAWAL,4004,SUCCESS,
409,2025-03-18 02:42:57,2089,3061,FUND TRANSFER,400120,SUCCESS,
410,2025-09-28 05:38:10,2692,3712,FUND TRANSFER,393506,SUCCESS,
411,2025-11-14 12:07:22,3434,,ATM WITHDRAWAL,8019,SUCCESS,
412,2025-07-29 07:11:34,3618,,WITHDRAWAL,35670,SUCCESS,
413,2025-02-22 05:08:51,2945,2195,FUND TRANSFER,583039,SUCCESS,
414,2025-03-24 01:08:16,1355,3895,IMPS,169117,SUCCESS,
415,2025-12-19 03:09:39,122,,DEPOSIT,59362,SUCCESS,
416,2025-05-22 20:08:49,736,1581,FUND TRANSFER,605001,SUCCESS,
417,2025-03-17 13:00:22,399,1,FUND TRANSFER,701615,SUCCESS,
418,2025-06-21 17:48:25,4927,3506,IMPS,144906,SUCCESS,
419,2025-08-21 18:39:08,1071,,ATM WITHDRAWAL,589,SUCCESS,
420,2025-05-08 21:57:23,3320,,WITHDRAWAL,25289,SUCCESS,
421,2025-02-28 02:32:37,3520,,ATM WITHDRAWAL,6641,FAILED,Beneficiary Not Found
422,2025-02-13 15:02:08,119,79,IMPS,93742,SUCCESS,
423,2025-05-15 13:51:14,3235,4324,NEFT,33539,SUCCESS,
424,2025-07-03 07:14:25,2636,1864,FUND TRANSFER,638697,SUCCESS,
425,2025-04-21 18:31:40,4287,,ATM WITHDRAWAL,9722,SUCCESS,
426,2025-12-28 22:38:54,1764,,WITHDRAWAL,12298,SUCCESS,
427,2025-04-17 19:01:53,47,,ATM WITHDRAWAL,5965,SUCCESS,
428,2025-05-22 11:38:40,2196,,DEPOSIT,53377,SUCCESS,
429,2025-05-05 00:22:19,1518,1496,FUND TRANSFER,408584,SUCCESS,
430,2025-02-20 01:43:14,4897,,DEPOSIT,27055,SUCCESS,
431,2025-03-24 05:26:28,2318,4110,UPI,6609,SUCCESS,
432,2025-08-14 11:47:50,1450,,ATM WITHDRAWAL,8700,SUCCESS,
433,2025-11-20 11:40:07,896,1582,UPI,1511,SUCCESS,
434,2025-07-12 06:41:40,2898,,WITHDRAWAL,3695,SUCCESS,
435,2025-08-18 23:50:15,925,793,FUND TRANSFER,989725,SUCCESS,
436,2025-08-10 00:57:16,2903,4160,UPI,1704,SUCCESS,
437,2025-05-29 17:04:45,1719,724,UPI,6460,SUCCESS,
438,2025-02-18 14:05:42,318,4689,NEFT,176302,SUCCESS,
439,2025-07-07 04:29:05,1061,3642,FUND TRANSFER,498423,SUCCESS,
440,2025-06-26 05:52:04,2596,,ATM WITHDRAWAL,5480,SUCCESS,
441,2025-10-10 02:02:07,1005,3567,NEFT,75586,SUCCESS,
442,2025-12-07 17:15:14,4562,2056,FUND TRANSFER,888578,SUCCESS,
443,2025-11-16 23:14:08,4509,1109,UPI,256,SUCCESS,
444,2025-11-05 03:27:21,3756,,ATM WITHDRAWAL,5629,SUCCESS,
445,2025-09-05 21:30:46,2522,,ATM WITHDRAWAL,4134,SUCCESS,
446,2025-07-14 16:10:48,632,,INTEREST CREDIT,8421,SUCCESS,
447,2025-05-22 20:39:28,3890,,ATM WITHDRAWAL,8877,SUCCESS,
448,2025-08-20 19:23:59,645,,INTEREST CREDIT,6049,SUCCESS,
449,2025-03-16 07:42:31,4712,,INTEREST CREDIT,9339,SUCCESS,
450,2025-01-31 12:24:00,3824,4734,FUND TRANSFER,929745,SUCCESS,
451,2025-07-24 11:29:33,4746,,ATM WITHDRAWAL,8301,SUCCESS,
452,2025-08-31 03:01:22,4597,,DEPOSIT,20258,SUCCESS,
453,2025-02-19 18:55:52,3804,2444,FUND TRANSFER,994605,SUCCESS,
454,2025-07-22 08:02:04,2976,,ATM WITHDRAWAL,1000,SUCCESS,
455,2025-03-16 00:38:40,4028,1212,UPI,1913,FAILED,Invalid Account
456,2025-07-21 21:25:33,772,2238,FUND TRANSFER,803869,SUCCESS,
457,2025-05-26 07:20:20,309,1603,FUND TRANSFER,607250,SUCCESS,
458,2025-09-10 13:15:54,1490,61,FUND TRANSFER,363504,SUCCESS,
459,2025-12-14 10:35:25,2203,,INTEREST CREDIT,9570,SUCCESS,
460,2025-03-27 05:40:55,1494,,WITHDRAWAL,8187,SUCCESS,
461,2025-02-19 12:19:23,550,446,UPI,895,SUCCESS,
462,2025-05-14 12:48:17,1369,,WITHDRAWAL,42394,SUCCESS,
463,2025-01-03 07:19:19,3226,,WITHDRAWAL,44283,SUCCESS,
464,2025-01-31 22:55:48,125,645,IMPS,110717,FAILED,Invalid Account
465,2025-12-21 21:04:30,641,,ATM WITHDRAWAL,6800,SUCCESS,
466,2025-05-27 11:09:47,3253,877,UPI,8891,SUCCESS,
467,2025-10-03 15:08:15,3576,1484,UPI,6457,SUCCESS,
468,2025-06-03 16:54:14,700,,ATM WITHDRAWAL,1502,SUCCESS,
469,2025-03-02 15:20:21,3877,,WITHDRAWAL,19212,SUCCESS,
470,2025-04-10 01:41:18,1384,2899,UPI,5516,SUCCESS,
471,2025-09-12 14:27:43,547,1570,UPI,8204,SUCCESS,
472,2025-01-04 11:08:14,1305,3453,IMPS,61553,SUCCESS,
473,2025-01-17 18:27:58,1262,1868,FUND TRANSFER,414857,SUCCESS,
474,2025-11-07 17:11:03,3042,4170,UPI,4861,SUCCESS,
475,2025-12-19 09:16:11,2376,2499,FUND TRANSFER,396942,SUCCESS,
476,2025-07-29 08:47:11,3421,3727,FUND TRANSFER,792820,SUCCESS,
477,2025-08-13 14:10:44,1894,3278,FUND TRANSFER,960861,SUCCESS,
478,2025-06-08 22:36:02,2384,1102,FUND TRANSFER,486991,SUCCESS,
479,2025-11-06 02:23:26,3494,,DEPOSIT,13357,FAILED,Beneficiary Not Found
480,2025-07-05 07:21:37,4016,4767,FUND TRANSFER,469569,SUCCESS,
481,2025-05-12 02:10:13,654,1503,UPI,9138,SUCCESS,
482,2025-12-25 04:00:47,224,2939,FUND TRANSFER,540526,SUCCESS,
483,2025-09-06 10:27:47,3222,304,FUND TRANSFER,569222,SUCCESS,
484,2025-09-16 17:17:02,7,,INTEREST CREDIT,23115,SUCCESS,
485,2025-03-15 18:09:03,4743,,DEPOSIT,43509,SUCCESS,
486,2025-12-14 19:34:13,222,4714,UPI,9866,SUCCESS,
487,2025-03-18 01:28:06,1273,3548,UPI,2558,SUCCESS,
488,2025-04-03 03:38:11,3604,,ATM WITHDRAWAL,5050,SUCCESS,
489,2025-07-01 20:33:05,2096,,INTEREST CREDIT,3207,SUCCESS,
490,2025-10-16 10:17:33,1727,4489,UPI,2251,SUCCESS,
491,2025-06-29 14:48:41,3723,550,IMPS,121002,SUCCESS,
492,2025-05-27 22:26:54,15,,WITHDRAWAL,25084,SUCCESS,
493,2025-01-24 00:52:49,4684,698,FUND TRANSFER,109346,SUCCESS,
494,2025-03-22 07:26:56,3152,,WITHDRAWAL,14494,SUCCESS,
495,2025-07-31 21:47:01,3203,4405,FUND TRANSFER,167451,SUCCESS,
496,2025-07-08 16:41:48,4864,,ATM WITHDRAWAL,9664,SUCCESS,
497,2025-11-27 22:07:17,2424,209,IMPS,21206,SUCCESS,
498,2025-10-11 03:59:54,2160,835,FUND TRANSFER,880717,SUCCESS,
499,2025-06-15 07:40:08,4497,,DEPOSIT,33424,FAILED,Invalid Account
500,2025-04-27 23:48:14,2093,3430,IMPS,135010,SUCCESS,
501,2025-04-04 08:13:51,3680,4434,IMPS,42469,SUCCESS,
502,2025-03-18 15:45:09,3724,,ATM WITHDRAWAL,9806,SUCCESS,
503,2025-08-24 14:28:30,630,,WITHDRAWAL,42110,SUCCESS,
504,2025-02-15 02:12:18,1542,4587,UPI,1762,SUCCESS,
505,2025-12-15 20:19:42,2062,,ATM WITHDRAWAL,7413,SUCCESS,
506,2025-08-29 20:54:11,3845,2929,FUND TRANSFER,476470,SUCCESS,
507,2025-07-24 08:53:16,4941,,WITHDRAWAL,17303,SUCCESS,
508,2025-04-17 06:08:46,3376,,WITHDRAWAL,48170,SUCCESS,
509,2025-10-19 19:08:17,1287,,ATM WITHDRAWAL,3533,SUCCESS,
510,2025-12-31 12:12:49,605,1036,UPI,9958,SUCCESS,
511,2025-12-24 00:40:03,3845,3263,NEFT,389372,SUCCESS,
512,2025-09-22 12:57:39,1897,,DEPOSIT,19578,SUCCESS,
513,2025-05-15 06:40:17,3779,1817,IMPS,82260,SUCCESS,
514,2025-05-24 21:04:24,1558,,ATM WITHDRAWAL,4285,SUCCESS,
515,2025-03-09 15:00:11,2174,4953,IMPS,94694,SUCCESS,
516,2025-01-22 17:00:46,344,1764,FUND TRANSFER,888587,SUCCESS,
517,2025-03-29 01:59:12,4180,,INTEREST CREDIT,20625,SUCCESS,
518,2025-11-25 19:35:03,1829,,ATM WITHDRAWAL,9434,SUCCESS,
519,2025-11-14 13:36:20,3558,,ATM WITHDRAWAL,8801,SUCCESS,
520,2025-10-12 03:08:36,4699,,WITHDRAWAL,28703,SUCCESS,
521,2025-07-03 21:18:12,1677,233,UPI,6975,SUCCESS,
522,2025-11-02 17:32:37,4897,1141,IMPS,174085,SUCCESS,
523,2025-02-09 15:01:05,2408,1443,UPI,6974,SUCCESS,
524,2025-07-08 02:26:12,1085,1972,IMPS,1052,SUCCESS,
525,2025-02-15 08:41:01,1718,1134,UPI,3255,SUCCESS,
526,2025-07-30 17:04:38,2080,,DEPOSIT,79555,SUCCESS,
527,2025-09-27 12:58:28,2267,,ATM WITHDRAWAL,8049,SUCCESS,
528,2025-10-05 00:53:24,3011,4484,FUND TRANSFER,25345,SUCCESS,
529,2025-08-19 21:27:02,3486,,ATM WITHDRAWAL,515,SUCCESS,
530,2025-03-28 21:03:37,3288,,DEPOSIT,75955,SUCCESS,
531,2025-01-02 00:02:00,3027,,ATM WITHDRAWAL,7816,SUCCESS,
532,2025-10-07 19:59:25,4584,1162,UPI,7418,SUCCESS,
533,2025-03-10 03:19:29,168,1150,FUND TRANSFER,561418,SUCCESS,
534,2025-11-04 13:20:34,4543,,DEPOSIT,1444,SUCCESS,
535,2025-09-14 12:07:46,4235,1938,UPI,2816,SUCCESS,
536,2025-10-24 16:42:53,3360,,WITHDRAWAL,14316,SUCCESS,
537,2025-10-05 21:06:51,4236,2733,IMPS,82947,SUCCESS,
538,2025-06-01 01:22:28,642,,ATM WITHDRAWAL,4682,SUCCESS,
539,2025-01-12 15:26:14,2427,,ATM WITHDRAWAL,5780,SUCCESS,
540,2025-11-26 21:01:00,3019,4192,UPI,5253,SUCCESS,
541,2025-06-30 08:28:15,2796,,WITHDRAWAL,30173,SUCCESS,
542,2025-10-08 15:30:16,1970,,ATM WITHDRAWAL,5529,SUCCESS,
543,2025-07-28 03:33:35,4086,,WITHDRAWAL,14088,SUCCESS,
544,2025-12-26 06:11:48,3469,,ATM WITHDRAWAL,145,SUCCESS,
545,2025-06-02 08:27:37,2395,,DEPOSIT,23617,SUCCESS,
546,2025-05-11 03:04:25,1058,1177,FUND TRANSFER,389579,SUCCESS,
547,2025-03-04 07:15:08,2304,373,FUND TRANSFER,493784,SUCCESS,
548,2025-12-04 04:55:25,1518,,DEPOSIT,40140,SUCCESS,
549,2025-01-24 21:40:14,1421,,ATM WITHDRAWAL,5329,SUCCESS,
550,2025-05-31 23:07:01,3776,,DEPOSIT,42918,SUCCESS,
551,2025-10-05 21:34:11,4635,,ATM WITHDRAWAL,8660,SUCCESS,
552,2025-04-11 16:22:03,2774,4892,UPI,2490,SUCCESS,
553,2025-12-18 05:38:39,589,2627,IMPS,35449,SUCCESS,
554,2025-10-05 09:11:16,3135,1,UPI,7904,SUCCESS,
555,2025-12-08 11:55:57,522,475,IMPS,9835,SUCCESS,
556,2025-10-28 07:57:26,829,,ATM WITHDRAWAL,1967,FAILED,Network Timeout
557,2025-03-16 02:23:52,3971,2525,NEFT,143616,SUCCESS,
558,2025-08-14 11:07:53,2622,4193,UPI,6182,SUCCESS,
559,2025-05-14 19:32:41,3043,2083,FUND TRANSFER,469172,SUCCESS,
560,2025-12-24 12:48:57,4170,4369,FUND TRANSFER,63437,SUCCESS,
561,2025-07-31 19:36:14,2700,,ATM WITHDRAWAL,2503,SUCCESS,
562,2025-12-20 19:39:54,4265,,WITHDRAWAL,34908,SUCCESS,
563,2025-02-08 02:43:00,120,,DEPOSIT,77767,SUCCESS,
564,2025-06-01 12:57:45,493,1557,FUND TRANSFER,123811,SUCCESS,
565,2025-09-30 23:45:26,2734,874,FUND TRANSFER,711745,SUCCESS,
566,2025-11-22 01:06:38,4313,,DEPOSIT,52921,SUCCESS,
567,2025-03-30 13:21:48,3933,2883,UPI,3965,SUCCESS,
568,2025-10-16 20:23:44,1860,,ATM WITHDRAWAL,9844,SUCCESS,
569,2025-10-15 06:34:20,110,148,NEFT,363105,SUCCESS,
570,2025-09-26 17:20:37,2449,4371,FUND TRANSFER,377200,SUCCESS,
571,2025-10-17 12:27:06,2815,3014,NEFT,44565,SUCCESS,
572,2025-11-19 15:54:58,3808,,ATM WITHDRAWAL,4705,SUCCESS,
573,2025-08-14 09:39:58,3788,2530,NEFT,24731,SUCCESS,
574,2025-09-18 04:50:22,2737,,WITHDRAWAL,33202,SUCCESS,
575,2025-07-18 11:55:00,1174,1756,UPI,3065,SUCCESS,
576,2025-12-10 20:51:23,3775,,ATM WITHDRAWAL,3187,SUCCESS,
577,2025-10-20 20:12:40,1481,103,FUND TRANSFER,209025,SUCCESS,
578,2025-05-18 05:12:59,3599,,ATM WITHDRAWAL,4763,SUCCESS,
579,2025-07-16 22:40:31,402,,INTEREST CREDIT,10687,SUCCESS,
580,2025-06-13 00:47:33,4459,,ATM WITHDRAWAL,8832,SUCCESS,
581,2025-03-17 16:01:30,975,2215,FUND TRANSFER,757503,SUCCESS,
582,2025-01-03 19:08:35,4523,,DEPOSIT,46844,SUCCESS,
583,2025-02-15 13:31:34,1899,838,UPI,8089,SUCCESS,
584,2025-12-02 09:32:25,3397,,INTEREST CREDIT,21214,SUCCESS,
585,2025-10-28 20:25:59,4029,519,IMPS,61129,SUCCESS,
586,2025-01-25 15:32:15,3694,1138,IMPS,11977,SUCCESS,
587,2025-12-16 18:56:59,2443,336,IMPS,111569,FAILED,Account Blocked
588,2025-01-03 23:06:53,4129,,DEPOSIT,62797,SUCCESS,
589,2025-06-16 04:34:05,3055,4549,IMPS,82855,SUCCESS,
590,2025-05-19 16:38:42,3324,4737,IMPS,185752,SUCCESS,
591,2025-03-30 22:39:02,2266,2246,UPI,1475,SUCCESS,
592,2025-09-26 10:39:47,2074,916,UPI,3018,SUCCESS,
593,2025-09-02 23:39:44,336,1677,UPI,1860,SUCCESS,
594,2025-03-03 13:08:22,3624,2160,FUND TRANSFER,453878,SUCCESS,
595,2025-06-17 23:52:22,3141,2644,NEFT,314903,SUCCESS,
596,2025-08-04 21:43:56,643,3984,UPI,8840,SUCCESS,
597,2025-05-09 19:06:52,3559,4554,FUND TRANSFER,195166,SUCCESS,
598,2025-02-28 14:17:50,573,4802,UPI,5711,SUCCESS,
599,2025-11-22 02:22:24,362,,WITHDRAWAL,5350,SUCCESS,
600,2025-11-15 03:44:38,623,,ATM WITHDRAWAL,7367,SUCCESS,
601,2025-12-24 21:09:26,1822,2323,UPI,9806,SUCCESS,
602,2025-02-06 10:24:11,103,4068,IMPS,171522,SUCCESS,
603,2025-07-24 06:45:37,1540,565,FUND TRANSFER,251808,SUCCESS,
604,2025-04-08 21:41:26,1498,,WITHDRAWAL,35287,SUCCESS,
605,2025-05-08 16:19:21,2579,2961,FUND TRANSFER,835031,SUCCESS,
606,2025-03-02 11:49:10,3999,,DEPOSIT,90761,SUCCESS,
607,2025-12-25 17:50:53,2326,,ATM WITHDRAWAL,8705,SUCCESS,
608,2025-08-15 19:52:36,4590,1664,NEFT,474245,SUCCESS,
609,2025-01-02 17:59:09,2484,,ATM WITHDRAWAL,1284,SUCCESS,
610,2025-01-11 17:17:10,1856,1646,UPI,1191,SUCCESS,
611,2025-10-14 02:28:12,1946,665,FUND TRANSFER,247531,SUCCESS,
612,2025-01-13 15:07:31,1848,2547,FUND TRANSFER,668052,SUCCESS,
613,2025-09-12 13:06:12,2532,,DEPOSIT,64828,SUCCESS,
614,2025-08-25 12:06:27,46,,WITHDRAWAL,2112,SUCCESS,
615,2025-02-03 10:48:54,1374,993,UPI,4214,SUCCESS,
616,2025-02-07 14:25:58,3267,1205,FUND TRANSFER,758543,SUCCESS,
617,2025-12-03 22:16:22,2294,3924,UPI,826,SUCCESS,
618,2025-01-22 18:07:02,766,4879,UPI,57,SUCCESS,
619,2025-08-13 16:42:41,459,3192,UPI,8749,SUCCESS,
620,2025-06-16 03:36:35,451,1601,FUND TRANSFER,993668,SUCCESS,
621,2025-04-01 03:21:11,3640,,WITHDRAWAL,19297,SUCCESS,
622,2025-10-30 16:13:29,1908,2064,UPI,6230,SUCCESS,
623,2025-04-07 01:23:46,1360,1009,IMPS,56442,SUCCESS,
624,2025-08-20 14:51:45,1514,2533,FUND TRANSFER,162612,SUCCESS,
625,2025-10-24 00:46:00,2352,2825,NEFT,205935,SUCCESS,
626,2025-10-17 23:38:15,2783,1534,UPI,5837,SUCCESS,
627,2025-06-16 21:52:21,3727,4042,NEFT,210521,SUCCESS,
628,2025-11-15 12:06:04,4636,4242,IMPS,23908,SUCCESS,
629,2025-09-02 19:50:55,2691,3813,UPI,4798,SUCCESS,
630,2025-05-26 16:35:00,4806,1625,FUND TRANSFER,539341,SUCCESS,
631,2025-02-13 03:24:10,2628,3413,FUND TRANSFER,818590,SUCCESS,
632,2025-05-12 07:40:52,3904,3975,IMPS,37627,SUCCESS,
633,2025-04-09 17:36:07,3813,,ATM WITHDRAWAL,2976,SUCCESS,
634,2025-12-04 21:54:30,1144,,WITHDRAWAL,43438,SUCCESS,
635,2025-08-28 18:33:19,3706,2315,UPI,9704,SUCCESS,
636,2025-06-06 10:48:44,366,77,FUND TRANSFER,113488,SUCCESS,
637,2025-07-18 02:09:16,3619,2136,UPI,5474,SUCCESS,
638,2025-08-23 00:16:19,3285,3718,IMPS,127324,SUCCESS,
639,2025-05-03 04:13:49,1278,1694,UPI,4599,SUCCESS,
640,2025-08-24 22:21:26,640,,WITHDRAWAL,8386,SUCCESS,
641,2025-11-23 11:01:30,4716,3178,UPI,2404,SUCCESS,
642,2025-06-27 03:05:04,3583,3746,NEFT,92408,SUCCESS,
643,2025-06-05 09:09:38,1418,,INTEREST CREDIT,15867,SUCCESS,
644,2025-10-06 15:22:58,4625,,DEPOSIT,53722,SUCCESS,
645,2025-02-10 00:26:36,3384,3266,FUND TRANSFER,552332,SUCCESS,
646,2025-01-28 09:16:34,2553,,ATM WITHDRAWAL,3979,SUCCESS,
647,2025-03-13 19:00:21,987,,WITHDRAWAL,42498,SUCCESS,
648,2025-10-04 17:55:31,3334,,ATM WITHDRAWAL,2043,SUCCESS,
649,2025-08-15 22:07:52,2472,104,UPI,8238,SUCCESS,
650,2025-10-12 04:51:05,705,3634,UPI,9155,SUCCESS,
651,2025-02-03 20:54:49,1025,,WITHDRAWAL,19817,SUCCESS,
652,2025-05-15 21:31:48,3973,,ATM WITHDRAWAL,4634,SUCCESS,
653,2025-12-29 03:44:58,4823,4064,UPI,3986,SUCCESS,
654,2025-08-22 03:56:03,2914,,DEPOSIT,26601,SUCCESS,
655,2025-05-31 06:37:34,1291,3166,UPI,2108,SUCCESS,
656,2025-03-19 17:30:03,2584,2715,IMPS,195374,SUCCESS,
657,2025-10-06 10:56:50,1102,3893,UPI,5284,SUCCESS,
658,2025-11-30 09:38:41,2279,,ATM WITHDRAWAL,127,SUCCESS,
659,2025-04-01 05:52:52,2719,2588,UPI,8079,SUCCESS,
660,2025-03-19 03:57:08,4407,,ATM WITHDRAWAL,4615,SUCCESS,
661,2025-06-16 04:19:49,2157,1869,NEFT,251495,SUCCESS,
662,2025-12-30 19:47:56,2302,,DEPOSIT,11141,SUCCESS,
663,2025-01-12 05:24:24,2636,4294,FUND TRANSFER,225882,SUCCESS,
664,2025-03-01 19:11:06,2712,,ATM WITHDRAWAL,1022,SUCCESS,
665,2025-04-21 06:03:37,4896,4851,UPI,2858,SUCCESS,
666,2025-05-30 11:21:33,4328,665,FUND TRANSFER,746989,SUCCESS,
667,2025-07-07 22:50:20,4545,,ATM WITHDRAWAL,9964,SUCCESS,
668,2025-10-20 17:54:54,220,,WITHDRAWAL,16809,SUCCESS,
669,2025-09-20 01:12:43,4113,2505,FUND TRANSFER,323030,SUCCESS,
670,2025-12-18 22:13:18,4656,,ATM WITHDRAWAL,9661,SUCCESS,
671,2025-05-30 13:08:43,1345,,INTEREST CREDIT,5177,SUCCESS,
672,2025-12-14 06:06:49,983,4212,FUND TRANSFER,696284,SUCCESS,
673,2025-08-19 16:44:06,4151,2771,UPI,9626,SUCCESS,
674,2025-10-22 03:17:11,2074,,ATM WITHDRAWAL,9510,SUCCESS,
675,2025-06-25 06:24:38,3976,842,FUND TRANSFER,615767,SUCCESS,
676,2025-02-07 11:11:10,3660,3602,FUND TRANSFER,311560,SUCCESS,
677,2025-11-23 13:58:35,1930,4745,FUND TRANSFER,795365,SUCCESS,
678,2025-12-21 15:49:45,1443,4116,FUND TRANSFER,357704,SUCCESS,
679,2025-01-04 07:11:19,4537,1981,UPI,4113,SUCCESS,
680,2025-08-27 05:49:42,2485,1403,FUND TRANSFER,262832,SUCCESS,
681,2025-08-20 03:16:04,4169,4357,IMPS,89245,SUCCESS,
682,2025-08-11 00:34:33,990,1985,FUND TRANSFER,57383,SUCCESS,
683,2025-07-20 03:26:57,2905,2898,UPI,3588,FAILED,Network Timeout
684,2025-09-18 03:06:00,3488,,DEPOSIT,62903,SUCCESS,
685,2025-09-11 02:27:26,1553,4363,FUND TRANSFER,827459,SUCCESS,
686,2025-11-07 21:12:29,2310,,ATM WITHDRAWAL,6824,SUCCESS,
687,2025-04-16 00:54:38,1391,1929,NEFT,469620,SUCCESS,
688,2025-09-09 11:11:19,3348,,DEPOSIT,46306,SUCCESS,
689,2025-02-26 03:44:49,583,107,UPI,8147,SUCCESS,
690,2025-09-10 17:01:13,4477,,DEPOSIT,37591,FAILED,Daily Limit Exceeded
691,2025-11-30 07:33:12,133,4488,FUND TRANSFER,481327,SUCCESS,
692,2025-10-05 13:59:00,4656,553,FUND TRANSFER,93684,SUCCESS,
693,2025-03-12 19:31:43,697,,WITHDRAWAL,19015,SUCCESS,
694,2025-11-07 07:28:10,4239,2293,UPI,6141,SUCCESS,
695,2025-04-30 07:19:45,4039,795,IMPS,70510,SUCCESS,
696,2025-03-16 14:28:18,3059,,DEPOSIT,87613,SUCCESS,
697,2025-05-06 10:14:16,879,,ATM WITHDRAWAL,7308,SUCCESS,
698,2025-01-16 10:05:35,2300,,DEPOSIT,52905,SUCCESS,
699,2025-01-11 19:20:13,4537,1038,UPI,4951,SUCCESS,
700,2025-08-19 02:55:12,3503,4911,FUND TRANSFER,667988,SUCCESS,
701,2025-09-26 10:27:56,847,,DEPOSIT,12296,SUCCESS,
702,2025-11-14 03:26:06,4083,,WITHDRAWAL,37456,SUCCESS,
703,2025-09-20 14:11:07,2741,1300,FUND TRANSFER,118955,SUCCESS,
704,2025-11-06 10:14:29,3366,4042,UPI,8340,SUCCESS,
705,2025-11-09 11:11:30,2564,1647,IMPS,91144,SUCCESS,
706,2025-09-11 10:47:33,4193,400,UPI,6253,SUCCESS,
707,2025-09-18 02:10:08,42,2497,UPI,6963,FAILED,Beneficiary Not Found
708,2025-07-24 13:42:18,3856,2076,IMPS,119869,SUCCESS,
709,2025-10-11 11:51:27,2668,2910,NEFT,51746,SUCCESS,
710,2025-09-19 15:27:30,1675,2571,FUND TRANSFER,11908,SUCCESS,
711,2025-06-05 08:26:41,1874,,ATM WITHDRAWAL,3307,SUCCESS,
712,2025-10-02 22:37:27,310,2776,UPI,2685,SUCCESS,
713,2025-07-25 05:08:11,933,,DEPOSIT,84004,SUCCESS,
714,2025-03-11 12:48:57,1579,2298,NEFT,455328,SUCCESS,
715,2025-07-03 17:05:12,3514,,ATM WITHDRAWAL,9438,SUCCESS,
716,2025-12-15 14:06:01,82,,ATM WITHDRAWAL,4059,SUCCESS,
717,2025-12-10 20:31:11,351,861,FUND TRANSFER,68200,SUCCESS,
718,2025-12-27 23:18:13,1624,2317,FUND TRANSFER,434923,SUCCESS,
719,2025-09-06 00:28:47,3248,3369,FUND TRANSFER,783677,SUCCESS,
720,2025-11-05 15:57:37,2618,,DEPOSIT,57058,SUCCESS,
721,2025-11-12 00:14:39,38,3852,FUND TRANSFER,864448,SUCCESS,
722,2025-10-07 17:54:02,1470,3108,FUND TRANSFER,203966,SUCCESS,
723,2025-02-07 22:49:27,3981,3528,UPI,1889,SUCCESS,
724,2025-09-29 08:11:56,1278,,ATM WITHDRAWAL,9423,SUCCESS,
725,2025-02-27 05:05:31,1211,1015,IMPS,163501,FAILED,Insufficient Balance
726,2025-11-02 21:42:43,3420,4249,UPI,9394,SUCCESS,
727,2025-02-06 22:46:40,617,1418,UPI,9469,SUCCESS,
728,2025-12-09 00:56:40,3542,,DEPOSIT,95074,SUCCESS,
729,2025-07-29 20:08:28,2389,3380,FUND TRANSFER,190582,SUCCESS,
730,2025-11-21 20:46:31,402,757,IMPS,106805,SUCCESS,
731,2025-04-06 11:26:27,1400,2854,FUND TRANSFER,548544,SUCCESS,
732,2025-07-31 12:52:56,3712,3453,FUND TRANSFER,453489,SUCCESS,
733,2025-07-20 06:32:55,259,,ATM WITHDRAWAL,6201,SUCCESS,
734,2025-06-04 04:46:34,1773,4942,UPI,5222,SUCCESS,
735,2025-05-13 18:37:51,312,4981,UPI,6298,SUCCESS,
736,2025-05-16 17:41:49,200,,DEPOSIT,69879,SUCCESS,
737,2025-08-28 04:07:27,3545,2467,FUND TRANSFER,732159,SUCCESS,
738,2025-11-01 01:24:29,4911,,DEPOSIT,35590,SUCCESS,
739,2025-09-21 13:08:02,4474,1487,UPI,8443,SUCCESS,
740,2025-01-24 05:54:31,4896,,ATM WITHDRAWAL,8265,SUCCESS,
741,2025-02-27 22:44:41,2743,4417,IMPS,11376,SUCCESS,
742,2025-12-12 09:34:26,4857,1093,FUND TRANSFER,961073,SUCCESS,
743,2025-03-12 23:30:52,4758,2391,IMPS,173071,SUCCESS,
744,2025-01-23 22:41:58,3549,1266,FUND TRANSFER,870956,SUCCESS,
745,2025-06-01 00:32:16,1660,,WITHDRAWAL,22244,SUCCESS,
746,2025-10-20 01:55:07,2007,,ATM WITHDRAWAL,9108,SUCCESS,
747,2025-12-13 04:59:31,244,4130,UPI,8613,SUCCESS,
748,2025-10-07 12:35:43,3199,,ATM WITHDRAWAL,5715,SUCCESS,
749,2025-04-11 09:38:32,204,2946,UPI,7154,SUCCESS,
750,2025-09-20 09:03:43,1572,3130,UPI,7820,SUCCESS,
751,2025-11-08 20:52:32,1728,,ATM WITHDRAWAL,5589,SUCCESS,
752,2025-10-02 14:48:00,956,2214,FUND TRANSFER,457086,SUCCESS,
753,2025-11-22 04:08:59,2802,3338,IMPS,125564,SUCCESS,
754,2025-12-15 02:16:43,4045,,ATM WITHDRAWAL,3255,SUCCESS,
755,2025-07-24 14:16:39,2092,3408,NEFT,200839,SUCCESS,
756,2025-03-05 05:28:36,4997,,ATM WITHDRAWAL,8273,SUCCESS,
757,2025-08-02 00:01:42,3207,1713,NEFT,494978,SUCCESS,
758,2025-10-09 14:47:03,2968,2573,IMPS,126835,SUCCESS,
759,2025-04-12 09:38:16,2494,,DEPOSIT,20628,SUCCESS,
760,2025-07-05 11:54:47,2890,1479,UPI,1085,SUCCESS,
761,2025-12-20 01:30:41,752,,ATM WITHDRAWAL,9109,SUCCESS,
762,2025-04-08 20:07:06,2984,210,UPI,9535,FAILED,Daily Limit Exceeded
763,2025-11-19 02:10:54,4271,3908,IMPS,71983,SUCCESS,
764,2025-05-01 00:12:33,1906,2481,UPI,3295,SUCCESS,
765,2025-12-19 10:18:00,3019,2852,UPI,787,SUCCESS,
766,2025-08-18 08:01:27,3798,,DEPOSIT,44205,SUCCESS,
767,2025-02-10 18:01:02,2788,,INTEREST CREDIT,3497,SUCCESS,
768,2025-03-29 02:42:32,4366,,WITHDRAWAL,10150,SUCCESS,
769,2025-12-10 01:14:25,943,,ATM WITHDRAWAL,9793,SUCCESS,
770,2025-08-29 11:30:53,2462,,DEPOSIT,19536,SUCCESS,
771,2025-04-02 05:00:30,1461,820,IMPS,117403,SUCCESS,
772,2025-10-21 12:17:28,3123,,DEPOSIT,52108,SUCCESS,
773,2025-06-12 10:58:50,100,,WITHDRAWAL,21509,SUCCESS,
774,2025-10-02 04:01:08,3245,1621,FUND TRANSFER,99225,SUCCESS,
775,2025-04-25 05:27:19,1369,,WITHDRAWAL,29284,SUCCESS,
776,2025-12-09 18:01:40,4784,2579,NEFT,89332,SUCCESS,
777,2025-08-25 02:11:56,2708,,DEPOSIT,70573,SUCCESS,
778,2025-08-10 13:29:11,269,3914,UPI,6079,SUCCESS,
779,2025-05-27 03:38:31,3501,138,NEFT,245380,SUCCESS,
780,2025-05-15 23:30:21,1733,1011,FUND TRANSFER,363781,SUCCESS,
781,2025-04-26 19:39:20,4809,216,UPI,568,SUCCESS,
782,2025-12-25 04:28:19,3194,,DEPOSIT,42975,SUCCESS,
783,2025-07-09 19:35:26,1893,3635,FUND TRANSFER,134097,SUCCESS,
784,2025-12-02 04:54:04,335,,DEPOSIT,92626,SUCCESS,
785,2025-05-31 06:33:50,440,271,IMPS,75166,SUCCESS,
786,2025-07-14 01:44:28,2790,3182,FUND TRANSFER,543067,SUCCESS,
787,2025-04-25 08:02:28,1285,2845,FUND TRANSFER,464706,SUCCESS,
788,2025-07-05 01:40:57,1384,,ATM WITHDRAWAL,9382,SUCCESS,
789,2025-07-06 09:03:23,4882,662,FUND TRANSFER,35344,SUCCESS,
790,2025-01-13 13:15:15,157,,WITHDRAWAL,32404,SUCCESS,
791,2025-09-06 16:28:14,3929,4819,FUND TRANSFER,52908,SUCCESS,
792,2025-03-20 04:11:44,4688,733,UPI,85,SUCCESS,
793,2025-01-29 02:06:22,30,2444,UPI,3346,SUCCESS,
794,2025-09-23 04:56:35,779,4104,NEFT,355726,SUCCESS,
795,2025-08-22 04:49:30,890,3817,FUND TRANSFER,465969,SUCCESS,
796,2025-11-07 15:34:57,2599,,DEPOSIT,18507,SUCCESS,
797,2025-07-09 07:26:27,2558,,DEPOSIT,39649,SUCCESS,
798,2025-10-19 18:58:20,172,2240,UPI,9684,SUCCESS,
799,2025-04-23 20:26:51,3631,2927,UPI,2753,SUCCESS,
800,2025-08-16 14:33:12,4737,593,FUND TRANSFER,986446,SUCCESS,
801,2025-04-27 11:16:03,4269,716,FUND TRANSFER,430661,SUCCESS,
802,2025-04-28 06:37:24,558,555,NEFT,445464,SUCCESS,
803,2025-09-09 07:32:48,1563,2090,FUND TRANSFER,750333,SUCCESS,
804,2025-09-04 10:50:57,1678,,ATM WITHDRAWAL,8968,SUCCESS,
805,2025-09-16 05:24:26,2502,1898,UPI,5423,FAILED,Insufficient Balance
806,2025-08-27 04:39:22,2620,3633,UPI,7112,SUCCESS,
807,2025-09-22 23:32:29,3611,888,UPI,3840,SUCCESS,
808,2025-07-12 20:54:26,4281,244,FUND TRANSFER,300218,SUCCESS,
809,2025-09-27 19:55:19,4803,4977,UPI,7721,SUCCESS,
810,2025-04-06 01:24:40,1030,1476,UPI,582,FAILED,Network Timeout
811,2025-01-06 22:24:38,2306,2691,UPI,9832,SUCCESS,
812,2025-09-06 21:11:55,685,535,UPI,9438,SUCCESS,
813,2025-06-24 02:00:26,413,2334,NEFT,210953,SUCCESS,
814,2025-10-09 10:02:41,3272,,ATM WITHDRAWAL,1314,SUCCESS,
815,2025-05-02 00:29:39,2361,375,UPI,2423,SUCCESS,
816,2025-05-23 17:54:20,2512,4592,FUND TRANSFER,598659,SUCCESS,
817,2025-07-29 16:07:48,2858,80,UPI,1946,SUCCESS,
818,2025-12-08 23:21:47,1881,3229,NEFT,471208,FAILED,Account Blocked
819,2025-09-09 02:06:34,3961,1966,UPI,5175,SUCCESS,
820,2025-09-07 07:50:41,3389,,DEPOSIT,18039,SUCCESS,
821,2025-05-07 04:45:48,4449,1280,FUND TRANSFER,288762,SUCCESS,
822,2025-08-15 21:52:26,756,,DEPOSIT,49980,SUCCESS,
823,2025-06-09 04:20:07,2492,1302,FUND TRANSFER,384109,SUCCESS,
824,2025-03-14 23:17:41,2284,3157,UPI,3043,SUCCESS,
825,2025-05-09 03:29:03,2822,2999,NEFT,150730,SUCCESS,
826,2025-04-14 15:02:58,4749,4994,FUND TRANSFER,574819,SUCCESS,
827,2025-11-13 09:49:27,2353,397,FUND TRANSFER,825979,SUCCESS,
828,2025-06-22 14:15:40,4954,,DEPOSIT,94867,SUCCESS,
829,2025-08-01 04:53:55,3809,,ATM WITHDRAWAL,7897,SUCCESS,
830,2025-05-23 21:28:59,4489,,INTEREST CREDIT,24163,SUCCESS,
831,2025-02-07 17:02:00,3003,2073,FUND TRANSFER,699131,SUCCESS,
832,2025-02-01 09:10:36,615,,DEPOSIT,50173,SUCCESS,
833,2025-10-14 19:41:48,3917,1036,UPI,4614,SUCCESS,
834,2025-10-26 21:01:30,4378,,DEPOSIT,15393,SUCCESS,
835,2025-05-27 18:49:34,2397,,INTEREST CREDIT,22647,SUCCESS,
836,2025-08-17 15:21:10,2986,,DEPOSIT,51657,SUCCESS,
837,2025-07-12 19:39:32,3033,,DEPOSIT,30325,SUCCESS,
838,2025-07-12 20:38:08,1984,1473,IMPS,96575,SUCCESS,
839,2025-04-28 07:31:10,3734,3234,UPI,8989,FAILED,Insufficient Balance
840,2025-06-26 06:58:11,3990,2600,UPI,9149,SUCCESS,
841,2025-11-24 16:17:21,3659,1366,FUND TRANSFER,165257,SUCCESS,
842,2025-04-30 13:56:57,4046,,WITHDRAWAL,24796,SUCCESS,
843,2025-04-18 17:08:31,1634,3758,FUND TRANSFER,628488,SUCCESS,
844,2025-01-15 03:49:41,1863,,WITHDRAWAL,47680,SUCCESS,
845,2025-11-09 00:15:32,1031,,ATM WITHDRAWAL,2986,SUCCESS,
846,2025-11-09 01:19:35,2454,2353,UPI,2852,SUCCESS,
847,2025-03-31 09:25:54,1553,,ATM WITHDRAWAL,3146,SUCCESS,
848,2025-07-17 14:40:29,861,4796,FUND TRANSFER,46390,SUCCESS,
849,2025-05-29 17:51:52,4158,2695,UPI,6281,FAILED,Account Blocked
850,2025-12-09 19:10:22,1744,,ATM WITHDRAWAL,2002,SUCCESS,
851,2025-11-02 18:28:00,3515,3300,NEFT,170297,SUCCESS,
852,2025-04-26 10:47:23,3879,3763,UPI,4474,SUCCESS,
853,2025-05-22 20:55:02,4662,1128,UPI,7534,SUCCESS,
854,2025-08-13 00:53:11,632,2294,UPI,6580,FAILED,Daily Limit Exceeded
855,2025-06-24 21:02:05,2890,4300,IMPS,116919,SUCCESS,
856,2025-01-25 15:16:11,3525,4073,FUND TRANSFER,633787,SUCCESS,
857,2025-01-07 21:08:36,926,1801,FUND TRANSFER,613839,SUCCESS,
858,2025-08-27 01:43:13,1538,353,UPI,7931,SUCCESS,
859,2025-05-31 12:36:22,926,,DEPOSIT,13722,SUCCESS,
860,2025-10-28 12:58:42,1964,4183,FUND TRANSFER,21541,SUCCESS,
861,2025-09-01 03:59:46,810,,WITHDRAWAL,28911,SUCCESS,
862,2025-09-21 21:19:14,4134,1614,IMPS,11550,SUCCESS,
863,2025-04-19 12:49:29,1477,3439,FUND TRANSFER,272382,SUCCESS,
864,2025-06-24 21:55:25,1701,823,UPI,2935,SUCCESS,
865,2025-12-18 05:03:34,462,,ATM WITHDRAWAL,157,SUCCESS,
866,2025-06-10 17:38:43,4164,,ATM WITHDRAWAL,3461,SUCCESS,
867,2025-12-28 08:31:50,2501,,WITHDRAWAL,15654,SUCCESS,
868,2025-11-16 18:03:30,2524,,DEPOSIT,51495,SUCCESS,
869,2025-02-04 02:58:33,2694,,INTEREST CREDIT,22220,SUCCESS,
870,2025-03-06 14:08:29,4611,1212,FUND TRANSFER,307111,FAILED,Beneficiary Not Found
871,2025-06-20 14:46:55,4351,2013,FUND TRANSFER,951541,SUCCESS,
872,2025-05-10 07:46:40,3354,4797,UPI,8279,SUCCESS,
873,2025-04-15 07:35:44,2121,,ATM WITHDRAWAL,7665,SUCCESS,
874,2025-08-04 06:23:40,3837,346,UPI,7872,SUCCESS,
875,2025-10-18 17:05:37,3644,1189,UPI,4897,SUCCESS,
876,2025-02-10 08:56:36,1984,4109,IMPS,89328,SUCCESS,
877,2025-12-01 19:18:53,3372,3476,FUND TRANSFER,592810,SUCCESS,
878,2025-03-25 05:59:13,2243,,WITHDRAWAL,8183,SUCCESS,
879,2025-04-29 18:27:12,4407,,DEPOSIT,29033,SUCCESS,
880,2025-08-02 00:20:45,1742,,ATM WITHDRAWAL,6861,SUCCESS,
881,2025-06-26 19:49:08,1503,519,UPI,8240,SUCCESS,
882,2025-05-21 16:15:25,1166,4058,UPI,5088,SUCCESS,
883,2025-03-18 08:11:11,3673,,WITHDRAWAL,30214,SUCCESS,
884,2025-05-21 01:17:22,642,2503,NEFT,368149,SUCCESS,
885,2025-09-19 11:07:42,2791,310,UPI,5576,SUCCESS,
886,2025-12-24 08:17:22,829,4430,IMPS,118007,SUCCESS,
887,2025-08-20 07:41:48,19,3844,UPI,6281,SUCCESS,
888,2025-02-16 12:41:51,873,2362,IMPS,91194,SUCCESS,
889,2025-03-30 13:14:05,1415,3188,FUND TRANSFER,393509,SUCCESS,
890,2025-10-02 01:18:11,4663,4717,UPI,2225,SUCCESS,
891,2025-10-10 09:03:26,4522,,ATM WITHDRAWAL,796,SUCCESS,
892,2025-08-07 09:54:46,1353,,INTEREST CREDIT,18077,SUCCESS,
893,2025-07-21 20:07:02,2827,1852,FUND TRANSFER,125713,SUCCESS,
894,2025-05-24 03:41:37,2134,,ATM WITHDRAWAL,4939,SUCCESS,
895,2025-12-01 00:01:56,174,,WITHDRAWAL,49304,SUCCESS,
896,2025-05-12 18:54:25,276,,ATM WITHDRAWAL,9637,SUCCESS,
897,2025-05-12 12:13:45,380,,ATM WITHDRAWAL,1370,SUCCESS,
898,2025-12-24 16:49:52,478,,ATM WITHDRAWAL,4979,SUCCESS,
899,2025-11-27 03:14:01,1170,,WITHDRAWAL,46867,SUCCESS,
900,2025-09-30 07:53:23,2818,210,UPI,3796,SUCCESS,
901,2025-10-13 17:02:49,3774,1235,UPI,2032,SUCCESS,
902,2025-08-14 18:18:50,322,3503,FUND TRANSFER,897098,SUCCESS,
903,2025-07-01 15:53:15,2525,,DEPOSIT,54456,SUCCESS,
904,2025-12-21 04:14:45,4805,,WITHDRAWAL,30313,SUCCESS,
905,2025-09-19 06:45:51,2963,731,UPI,5079,SUCCESS,
906,2025-02-21 13:18:45,3124,,DEPOSIT,4463,SUCCESS,
907,2025-11-13 20:02:45,71,,ATM WITHDRAWAL,9461,SUCCESS,
908,2025-05-08 10:37:37,4634,,WITHDRAWAL,11906,SUCCESS,
909,2025-10-22 21:12:50,4614,3539,FUND TRANSFER,311218,SUCCESS,
910,2025-11-24 04:19:22,761,775,UPI,8935,SUCCESS,
911,2025-03-11 09:32:50,2557,,DEPOSIT,75901,SUCCESS,
912,2025-12-08 14:58:11,137,156,NEFT,330568,SUCCESS,
913,2025-02-19 02:48:24,360,2097,UPI,592,SUCCESS,
914,2025-04-25 13:01:20,4261,2546,FUND TRANSFER,473041,SUCCESS,
915,2025-12-05 22:43:15,940,,WITHDRAWAL,44271,SUCCESS,
916,2025-06-17 12:00:18,4989,,INTEREST CREDIT,18697,SUCCESS,
917,2025-09-11 10:43:21,4553,,WITHDRAWAL,43114,SUCCESS,
918,2025-09-06 20:27:10,2091,,DEPOSIT,98704,SUCCESS,
919,2025-03-24 14:10:01,2,1116,UPI,8463,SUCCESS,
920,2025-06-11 07:02:43,3794,4575,FUND TRANSFER,226010,SUCCESS,
921,2025-11-14 14:01:10,994,1119,FUND TRANSFER,990951,SUCCESS,
922,2025-05-05 07:24:02,384,1825,FUND TRANSFER,95681,SUCCESS,
923,2025-09-14 01:37:34,2647,,ATM WITHDRAWAL,7250,SUCCESS,
924,2025-10-13 13:34:01,3478,609,UPI,8811,FAILED,Daily Limit Exceeded
925,2025-04-23 18:26:04,4883,,WITHDRAWAL,44610,SUCCESS,
926,2025-09-24 01:52:00,4284,4401,NEFT,396012,SUCCESS,
927,2025-08-10 19:01:42,323,,ATM WITHDRAWAL,8943,SUCCESS,
928,2025-09-19 04:33:28,3541,1273,NEFT,296609,SUCCESS,
929,2025-11-13 17:48:08,2060,2740,FUND TRANSFER,499720,SUCCESS,
930,2025-04-04 06:48:48,3318,,WITHDRAWAL,24054,SUCCESS,
931,2025-05-25 14:47:31,1099,,DEPOSIT,43963,SUCCESS,
932,2025-06-12 11:42:26,2336,4466,FUND TRANSFER,309781,SUCCESS,
933,2025-03-05 13:33:50,2816,,DEPOSIT,73780,SUCCESS,
934,2025-06-01 05:18:20,4112,,WITHDRAWAL,26043,SUCCESS,
935,2025-05-09 02:07:39,89,,DEPOSIT,94145,SUCCESS,
936,2025-04-19 15:49:53,2844,1233,IMPS,1407,FAILED,Daily Limit Exceeded
937,2025-02-20 05:50:50,3667,,ATM WITHDRAWAL,3491,SUCCESS,
938,2025-09-20 13:49:36,3697,2289,FUND TRANSFER,47544,SUCCESS,
939,2025-12-09 13:26:41,2307,,DEPOSIT,56147,SUCCESS,
940,2025-03-27 20:54:11,1235,,INTEREST CREDIT,447,SUCCESS,
941,2025-12-28 03:55:14,3060,4385,FUND TRANSFER,649760,SUCCESS,
942,2025-09-01 15:23:38,2495,2137,NEFT,249591,SUCCESS,
943,2025-08-22 13:49:04,2493,3046,FUND TRANSFER,160179,SUCCESS,
944,2025-11-14 11:54:52,4630,,ATM WITHDRAWAL,1231,SUCCESS,
945,2025-10-06 11:43:11,233,,WITHDRAWAL,46540,SUCCESS,
946,2025-11-10 07:58:56,2750,4768,IMPS,89872,SUCCESS,
947,2025-08-30 21:03:20,725,,WITHDRAWAL,45284,SUCCESS,
948,2025-03-12 20:33:10,4103,,ATM WITHDRAWAL,7632,SUCCESS,
949,2025-09-06 21:19:53,19,1517,NEFT,112211,SUCCESS,
950,2025-09-14 15:44:53,1959,,WITHDRAWAL,23651,SUCCESS,
951,2025-03-21 02:20:14,572,1540,FUND TRANSFER,956049,SUCCESS,
952,2025-06-09 04:47:25,1150,1129,IMPS,91669,SUCCESS,
953,2025-07-08 06:55:07,3157,,ATM WITHDRAWAL,7435,SUCCESS,
954,2025-06-08 02:32:18,567,177,UPI,114,SUCCESS,
955,2025-02-25 12:10:23,3750,,WITHDRAWAL,36942,SUCCESS,
956,2025-01-28 09:20:45,2582,748,NEFT,488955,SUCCESS,
957,2025-07-07 01:36:08,556,368,FUND TRANSFER,988569,SUCCESS,
958,2025-06-11 04:50:13,2641,4998,IMPS,185305,SUCCESS,
959,2025-06-29 14:20:24,4103,3900,IMPS,40031,SUCCESS,
960,2025-09-24 18:30:35,563,,WITHDRAWAL,33445,SUCCESS,
961,2025-07-30 06:53:45,969,4266,UPI,2489,SUCCESS,
962,2025-01-17 06:28:57,3110,1108,UPI,3047,SUCCESS,
963,2025-05-28 20:00:09,3758,1500,FUND TRANSFER,540645,SUCCESS,
964,2025-11-17 05:30:34,3922,,ATM WITHDRAWAL,3759,SUCCESS,
965,2025-07-09 06:19:29,3782,,ATM WITHDRAWAL,2541,SUCCESS,
966,2025-12-02 15:50:13,4236,,DEPOSIT,98602,SUCCESS,
967,2025-03-10 04:03:26,1311,2409,UPI,7306,SUCCESS,
968,2025-06-25 16:38:41,4301,1193,IMPS,27717,SUCCESS,
969,2025-09-25 16:13:55,1434,,WITHDRAWAL,29653,SUCCESS,
970,2025-03-14 22:53:11,1744,3067,IMPS,115381,SUCCESS,
971,2025-09-21 09:05:09,3508,4456,UPI,3241,SUCCESS,
972,2025-07-23 11:49:28,4638,,DEPOSIT,13399,SUCCESS,
973,2025-03-02 03:21:48,348,,ATM WITHDRAWAL,5971,SUCCESS,
974,2025-11-12 12:10:06,242,2409,UPI,6903,SUCCESS,
975,2025-05-15 05:58:19,2362,,ATM WITHDRAWAL,5038,SUCCESS,
976,2025-12-16 10:41:46,682,363,UPI,8493,SUCCESS,
977,2025-06-08 00:33:47,2250,,ATM WITHDRAWAL,7585,SUCCESS,
978,2025-09-24 09:27:04,1825,4495,UPI,9103,SUCCESS,
979,2025-12-07 14:09:09,1616,2956,UPI,4716,SUCCESS,
980,2025-10-07 15:51:54,1974,3969,FUND TRANSFER,778260,SUCCESS,
981,2025-08-03 07:13:14,810,267,UPI,1068,SUCCESS,
982,2025-12-23 05:05:33,2553,,DEPOSIT,48712,SUCCESS,
983,2025-07-01 11:14:47,4836,4910,FUND TRANSFER,264426,SUCCESS,
984,2025-01-10 12:10:05,421,,DEPOSIT,17223,SUCCESS,
985,2025-05-20 07:01:30,3417,,WITHDRAWAL,30518,SUCCESS,
986,2025-01-15 19:14:09,814,1795,NEFT,134589,FAILED,Insufficient Balance
987,2025-09-02 05:46:05,802,2970,FUND TRANSFER,389580,SUCCESS,
988,2025-10-19 03:50:05,644,,ATM WITHDRAWAL,4909,SUCCESS,
989,2025-12-28 21:08:45,4652,,WITHDRAWAL,29396,SUCCESS,
990,2025-01-22 11:45:08,4605,1908,IMPS,44333,SUCCESS,
991,2025-08-22 15:26:06,1930,3497,UPI,737,SUCCESS,
992,2025-07-10 19:19:11,3617,,ATM WITHDRAWAL,1768,SUCCESS,
993,2025-05-24 22:36:27,4910,,DEPOSIT,19321,SUCCESS,
994,2025-08-24 07:54:43,2964,2919,UPI,1347,SUCCESS,
995,2025-10-15 05:58:28,1379,3914,FUND TRANSFER,903276,SUCCESS,
996,2025-08-28 15:10:39,1099,,WITHDRAWAL,16784,SUCCESS,
997,2025-03-06 12:19:50,1949,,WITHDRAWAL,21029,SUCCESS,
998,2025-11-03 05:08:33,1889,2557,UPI,942,SUCCESS,
999,2025-08-31 03:25:25,2430,4845,NEFT,450901,SUCCESS,
1000,2025-12-22 08:27:45,172,4540,FUND TRANSFER,623270,SUCCESS,
1001,2025-07-13 07:12:05,4828,2904,UPI,9054,SUCCESS,
1002,2025-08-01 15:16:06,2960,3428,IMPS,168674,SUCCESS,
1003,2025-10-26 08:10:31,332,4746,NEFT,450338,SUCCESS,
1004,2025-08-21 14:17:11,4263,4850,IMPS,99348,SUCCESS,
1005,2025-08-22 01:23:03,4205,,WITHDRAWAL,44334,SUCCESS,
1006,2025-01-04 23:38:41,3558,1135,UPI,1609,SUCCESS,
1007,2025-05-29 20:23:48,2857,1896,UPI,3017,SUCCESS,
1008,2025-07-11 10:51:20,2183,2708,UPI,6061,SUCCESS,
1009,2025-10-12 21:38:32,2607,2425,FUND TRANSFER,745566,SUCCESS,
1010,2025-04-10 13:41:15,1698,2169,NEFT,279120,SUCCESS,
1011,2025-04-08 06:38:45,2922,,DEPOSIT,72640,SUCCESS,
1012,2025-02-28 20:04:13,4146,1265,IMPS,73264,SUCCESS,
1013,2025-06-22 15:07:16,3858,3035,NEFT,445798,SUCCESS,
1014,2025-11-11 05:28:36,1551,1177,UPI,1465,SUCCESS,
1015,2025-05-26 21:11:57,4488,1821,FUND TRANSFER,972200,FAILED,Insufficient Balance
1016,2025-04-25 09:05:44,3881,,ATM WITHDRAWAL,481,SUCCESS,
1017,2025-09-25 14:36:51,2342,1257,UPI,6885,SUCCESS,
1018,2025-09-16 15:54:15,349,1801,FUND TRANSFER,774617,SUCCESS,
1019,2025-09-22 11:04:51,1654,1197,UPI,9094,SUCCESS,
1020,2025-10-19 08:20:52,2626,2090,UPI,486,FAILED,Daily Limit Exceeded
1021,2025-11-29 21:49:53,2533,,ATM WITHDRAWAL,7863,SUCCESS,
1022,2025-10-18 17:01:26,4248,780,NEFT,191499,SUCCESS,
1023,2025-12-01 18:58:30,3638,,WITHDRAWAL,32375,SUCCESS,
1024,2025-06-27 11:53:56,3812,,DEPOSIT,36695,SUCCESS,
1025,2025-03-28 23:50:33,1441,,ATM WITHDRAWAL,6190,SUCCESS,
1026,2025-02-27 23:36:52,4963,1666,FUND TRANSFER,831641,SUCCESS,
1027,2025-01-04 11:16:16,3340,1422,UPI,7416,SUCCESS,
1028,2025-08-04 06:46:14,4337,,DEPOSIT,95173,SUCCESS,
1029,2025-06-02 12:52:19,2139,3827,IMPS,90918,SUCCESS,
1030,2025-08-18 13:19:02,3202,4899,UPI,2502,SUCCESS,
1031,2025-03-09 06:00:43,4715,3787,IMPS,123849,SUCCESS,
1032,2025-05-04 04:21:20,2203,1782,IMPS,64010,SUCCESS,
1033,2025-10-22 04:34:22,2335,,DEPOSIT,53335,SUCCESS,
1034,2025-09-07 12:38:24,4631,,DEPOSIT,96661,SUCCESS,
1035,2025-08-08 13:53:18,3364,406,UPI,5915,SUCCESS,
1036,2025-02-03 01:39:26,1716,4604,FUND TRANSFER,875951,SUCCESS,
1037,2025-03-02 04:36:59,980,3301,FUND TRANSFER,540014,SUCCESS,
1038,2025-03-12 14:10:49,4364,,INTEREST CREDIT,15290,SUCCESS,
1039,2025-01-15 14:43:06,49,1029,UPI,9506,SUCCESS,
1040,2025-08-19 21:05:57,4286,3507,NEFT,32188,SUCCESS,
1041,2025-07-14 12:11:54,3111,,WITHDRAWAL,37443,SUCCESS,
1042,2025-08-02 22:33:40,985,4643,UPI,8979,SUCCESS,
1043,2025-11-11 04:27:14,2579,,INTEREST CREDIT,6404,SUCCESS,
1044,2025-07-13 09:24:32,2979,2883,UPI,2760,SUCCESS,
1045,2025-12-15 12:37:40,2943,2861,FUND TRANSFER,734554,SUCCESS,
1046,2025-02-01 16:08:28,4388,,ATM WITHDRAWAL,8637,SUCCESS,
1047,2025-11-12 00:14:46,1607,2840,FUND TRANSFER,318372,SUCCESS,
1048,2025-04-17 16:40:05,4266,3660,UPI,5895,SUCCESS,
1049,2025-03-17 18:09:43,518,2650,FUND TRANSFER,802625,SUCCESS,
1050,2025-07-03 12:18:39,3202,3322,IMPS,147052,SUCCESS,
1051,2025-08-06 03:07:53,1345,,ATM WITHDRAWAL,5918,SUCCESS,
1052,2025-05-17 14:51:11,4876,4650,UPI,8857,SUCCESS,
1053,2025-09-03 20:39:02,2175,1775,FUND TRANSFER,381364,SUCCESS,
1054,2025-10-05 02:52:14,1880,,WITHDRAWAL,10529,SUCCESS,
1055,2025-01-13 15:30:06,557,,INTEREST CREDIT,18800,SUCCESS,
1056,2025-02-13 21:11:27,3068,3790,FUND TRANSFER,569789,SUCCESS,
1057,2025-06-16 00:56:05,1964,,ATM WITHDRAWAL,5888,SUCCESS,
1058,2025-06-12 08:04:07,4929,244,UPI,8502,SUCCESS,
1059,2025-07-28 13:13:14,1515,4594,FUND TRANSFER,865463,SUCCESS,
1060,2025-06-08 11:05:07,470,4543,FUND TRANSFER,373321,SUCCESS,
1061,2025-11-06 13:43:11,3343,4380,IMPS,2261,SUCCESS,
1062,2025-06-29 02:58:29,3144,,DEPOSIT,84271,SUCCESS,
1063,2025-11-11 10:22:43,111,3289,UPI,8211,SUCCESS,
1064,2025-12-03 14:41:37,3711,,ATM WITHDRAWAL,1260,SUCCESS,
1065,2025-03-07 07:37:17,678,,WITHDRAWAL,39368,SUCCESS,
1066,2025-08-14 03:53:09,1377,514,UPI,2693,SUCCESS,
1067,2025-09-28 00:49:17,4203,,ATM WITHDRAWAL,9927,SUCCESS,
1068,2025-01-06 17:29:14,850,1265,NEFT,159187,FAILED,Daily Limit Exceeded
1069,2025-09-03 22:18:12,4579,2790,FUND TRANSFER,958066,SUCCESS,
1070,2025-05-03 06:08:37,3739,,ATM WITHDRAWAL,5016,SUCCESS,
1071,2025-06-21 18:27:17,2552,4494,FUND TRANSFER,780744,SUCCESS,
1072,2025-03-08 10:39:06,1444,2119,UPI,5816,SUCCESS,
1073,2025-11-15 04:17:37,2813,,ATM WITHDRAWAL,4514,SUCCESS,
1074,2025-12-27 00:06:59,4047,,ATM WITHDRAWAL,6241,SUCCESS,
1075,2025-11-27 17:06:29,645,,WITHDRAWAL,36611,SUCCESS,
1076,2025-01-17 01:31:53,2406,881,IMPS,33561,SUCCESS,
1077,2025-02-06 04:40:35,3464,1282,UPI,5062,SUCCESS,
1078,2025-09-08 11:06:46,767,1565,FUND TRANSFER,603219,SUCCESS,
1079,2025-07-04 01:10:19,1983,1896,FUND TRANSFER,498059,SUCCESS,
1080,2025-12-19 06:00:05,1739,,WITHDRAWAL,42656,SUCCESS,
1081,2025-12-16 03:38:10,420,,ATM WITHDRAWAL,4642,SUCCESS,
1082,2025-06-29 07:10:41,1876,2639,FUND TRANSFER,772244,SUCCESS,
1083,2025-12-02 13:31:23,588,,WITHDRAWAL,23036,SUCCESS,
1084,2025-03-13 11:24:52,2819,,DEPOSIT,47396,SUCCESS,
1085,2025-03-02 16:55:02,4994,3418,UPI,443,SUCCESS,
1086,2025-06-07 06:48:44,3048,2118,IMPS,166134,SUCCESS,
1087,2025-08-18 21:46:49,3064,,ATM WITHDRAWAL,9572,SUCCESS,
1088,2025-07-30 17:50:04,1987,2098,UPI,1347,SUCCESS,
1089,2025-09-06 20:16:47,2791,2849,FUND TRANSFER,138266,SUCCESS,
1090,2025-04-22 21:01:03,916,,WITHDRAWAL,18631,SUCCESS,
1091,2025-11-28 20:34:50,2494,,DEPOSIT,75662,FAILED,Beneficiary Not Found
1092,2025-11-02 02:53:23,3455,1939,IMPS,21627,SUCCESS,
1093,2025-09-09 15:38:34,826,3556,IMPS,129075,SUCCESS,
1094,2025-01-19 21:56:30,1407,1167,FUND TRANSFER,988255,SUCCESS,
1095,2025-07-18 14:37:39,2593,1413,FUND TRANSFER,408222,SUCCESS,
1096,2025-12-18 12:58:45,2091,2174,IMPS,105681,SUCCESS,
1097,2025-01-16 14:32:34,3946,1222,UPI,2728,SUCCESS,
1098,2025-10-30 23:41:25,3139,4452,FUND TRANSFER,146327,SUCCESS,
1099,2025-11-09 18:59:56,4128,3809,IMPS,130621,SUCCESS,
1100,2025-06-22 16:20:39,1379,,DEPOSIT,58051,SUCCESS,
1101,2025-05-08 18:36:37,4010,4295,FUND TRANSFER,836015,SUCCESS,
1102,2025-10-21 01:57:05,4044,,ATM WITHDRAWAL,2072,FAILED,Account Blocked
1103,2025-05-09 20:47:40,568,4945,IMPS,33338,SUCCESS,
1104,2025-09-06 09:40:32,3450,3239,FUND TRANSFER,456932,SUCCESS,
1105,2025-06-10 02:57:02,3777,,WITHDRAWAL,44921,SUCCESS,
1106,2025-12-06 12:48:34,3750,3986,FUND TRANSFER,599423,SUCCESS,
1107,2025-07-18 12:28:30,188,1042,FUND TRANSFER,162822,SUCCESS,
1108,2025-06-27 07:40:54,2779,,WITHDRAWAL,37164,SUCCESS,
1109,2025-03-20 11:30:28,1640,1466,IMPS,163683,SUCCESS,
1110,2025-11-08 05:06:14,2171,2545,UPI,9092,FAILED,Insufficient Balance
1111,2025-12-25 17:18:17,108,4057,NEFT,306414,SUCCESS,
1112,2025-03-12 18:49:56,4786,3094,UPI,4284,SUCCESS,
1113,2025-03-18 11:16:09,2601,1072,NEFT,104086,SUCCESS,
1114,2025-05-23 17:52:29,1334,,INTEREST CREDIT,12118,SUCCESS,
1115,2025-08-17 11:30:10,2092,3719,NEFT,188119,SUCCESS,
1116,2025-01-22 23:39:56,2472,,WITHDRAWAL,44979,SUCCESS,
1117,2025-09-15 17:32:16,1941,,WITHDRAWAL,1820,SUCCESS,
1118,2025-02-10 07:57:37,2340,,ATM WITHDRAWAL,4019,SUCCESS,
1119,2025-02-06 01:22:38,4205,2120,UPI,6827,FAILED,Account Blocked
1120,2025-08-21 13:49:47,287,,WITHDRAWAL,19238,SUCCESS,
1121,2025-06-17 21:08:50,1353,3899,FUND TRANSFER,493004,SUCCESS,
1122,2025-05-13 15:50:42,2833,2067,UPI,5679,SUCCESS,
1123,2025-01-18 23:36:58,626,4834,UPI,596,SUCCESS,
1124,2025-09-19 08:47:19,3058,3713,FUND TRANSFER,533063,SUCCESS,
1125,2025-04-01 19:03:17,3335,,DEPOSIT,41572,SUCCESS,
1126,2025-09-24 20:06:11,4785,4367,IMPS,67819,SUCCESS,
1127,2025-10-14 18:07:18,2137,3886,NEFT,338407,SUCCESS,
1128,2025-02-08 05:38:55,3003,,DEPOSIT,72103,SUCCESS,
1129,2025-03-22 05:56:47,3223,2238,NEFT,186651,SUCCESS,
1130,2025-11-03 18:13:29,978,,ATM WITHDRAWAL,8046,SUCCESS,
1131,2025-06-09 03:20:18,1181,,DEPOSIT,23316,SUCCESS,
1132,2025-01-01 09:36:38,1492,1487,UPI,8588,SUCCESS,
1133,2025-09-04 16:12:37,4809,2092,UPI,4222,SUCCESS,
1134,2025-11-02 22:19:37,550,130,UPI,8887,SUCCESS,
1135,2025-04-08 21:02:07,1909,809,IMPS,141347,SUCCESS,
1136,2025-02-27 07:48:28,1272,,ATM WITHDRAWAL,3492,SUCCESS,
1137,2025-03-23 09:18:39,3290,,DEPOSIT,41001,SUCCESS,
1138,2025-03-04 15:31:29,3968,871,UPI,642,SUCCESS,
1139,2025-02-18 01:14:19,1474,,DEPOSIT,22573,SUCCESS,
1140,2025-07-03 12:08:13,2505,,WITHDRAWAL,41932,FAILED,Invalid Account
1141,2025-02-11 14:43:14,2203,3700,UPI,6592,SUCCESS,
1142,2025-07-26 23:59:41,2488,,ATM WITHDRAWAL,7069,SUCCESS,
1143,2025-11-29 05:09:12,3475,631,FUND TRANSFER,283749,SUCCESS,
1144,2025-05-14 06:27:29,1898,,ATM WITHDRAWAL,8202,SUCCESS,
1145,2025-05-06 11:15:19,3359,4736,IMPS,91303,SUCCESS,
1146,2025-11-15 06:18:51,2544,1591,UPI,2586,SUCCESS,
1147,2025-04-17 01:30:55,1943,4726,FUND TRANSFER,541560,SUCCESS,
1148,2025-10-21 14:54:52,1552,4348,UPI,8637,SUCCESS,
1149,2025-02-22 20:12:14,1722,4852,UPI,2227,SUCCESS,
1150,2025-11-29 02:05:28,2693,3182,UPI,7669,SUCCESS,
1151,2025-05-23 18:39:41,4525,2476,IMPS,144861,SUCCESS,
1152,2025-08-09 21:41:42,4808,1079,IMPS,23096,SUCCESS,
1153,2025-11-11 20:19:43,4984,3877,NEFT,263022,SUCCESS,
1154,2025-09-10 02:11:56,769,,ATM WITHDRAWAL,4384,SUCCESS,
1155,2025-08-19 01:17:50,579,3411,FUND TRANSFER,284509,SUCCESS,
1156,2025-11-21 04:34:47,1696,4275,UPI,1545,SUCCESS,
1157,2025-11-28 05:54:47,1942,301,NEFT,113340,SUCCESS,
1158,2025-02-03 06:54:00,1630,1784,FUND TRANSFER,476193,SUCCESS,
1159,2025-03-30 18:52:46,1004,,DEPOSIT,64257,SUCCESS,
1160,2025-11-05 14:37:43,4584,,DEPOSIT,52556,SUCCESS,
1161,2025-05-02 21:23:49,896,2779,NEFT,45605,SUCCESS,
1162,2025-10-25 12:02:36,3013,,ATM WITHDRAWAL,7696,SUCCESS,
1163,2025-07-31 23:30:13,1200,3644,FUND TRANSFER,34972,SUCCESS,
1164,2025-03-04 23:36:15,2748,3623,IMPS,68291,SUCCESS,
1165,2025-09-13 21:24:29,1297,4447,FUND TRANSFER,623469,SUCCESS,
1166,2025-10-20 20:40:40,4648,,WITHDRAWAL,18907,SUCCESS,
1167,2025-07-11 23:42:30,3687,,ATM WITHDRAWAL,2922,SUCCESS,
1168,2025-05-04 12:20:44,1592,,WITHDRAWAL,21252,SUCCESS,
1169,2025-07-16 19:18:22,3886,,ATM WITHDRAWAL,8292,SUCCESS,
1170,2025-09-25 04:46:03,3203,3809,UPI,400,SUCCESS,
1171,2025-01-10 06:11:27,2813,,ATM WITHDRAWAL,4079,SUCCESS,
1172,2025-05-29 17:46:34,948,,DEPOSIT,56492,SUCCESS,
1173,2025-09-17 01:33:07,2318,647,FUND TRANSFER,302306,SUCCESS,
1174,2025-01-06 08:19:48,4086,,ATM WITHDRAWAL,5286,SUCCESS,
1175,2025-10-07 10:30:34,4356,4282,UPI,1281,SUCCESS,
1176,2025-02-21 07:49:46,378,211,UPI,1051,SUCCESS,
1177,2025-11-30 07:42:33,376,4239,FUND TRANSFER,410859,SUCCESS,
1178,2025-03-21 20:44:08,1901,539,IMPS,31332,SUCCESS,
1179,2025-12-16 03:20:03,1060,,ATM WITHDRAWAL,5469,SUCCESS,
1180,2025-07-24 01:30:01,2873,4651,UPI,2936,SUCCESS,
1181,2025-10-30 18:53:28,4117,2970,IMPS,155566,SUCCESS,
1182,2025-10-17 13:53:09,4819,4396,IMPS,40817,SUCCESS,
1183,2025-12-12 06:19:14,741,275,FUND TRANSFER,415318,SUCCESS,
1184,2025-10-23 01:04:49,4234,,ATM WITHDRAWAL,4256,SUCCESS,
1185,2025-07-11 01:21:02,3128,,ATM WITHDRAWAL,5589,SUCCESS,
1186,2025-03-16 22:25:04,2102,3110,FUND TRANSFER,250833,SUCCESS,
1187,2025-10-14 00:09:57,3533,986,NEFT,165903,SUCCESS,
1188,2025-04-07 17:40:11,872,2390,FUND TRANSFER,564724,SUCCESS,
1189,2025-03-27 19:04:50,3212,,WITHDRAWAL,46819,SUCCESS,
1190,2025-01-13 06:05:19,4022,2062,FUND TRANSFER,13377,SUCCESS,
1191,2025-11-18 04:28:35,1772,3033,FUND TRANSFER,435406,SUCCESS,
1192,2025-03-16 05:15:39,4662,,ATM WITHDRAWAL,1966,FAILED,Network Timeout
1193,2025-04-10 07:43:53,2691,,WITHDRAWAL,1904,SUCCESS,
1194,2025-11-16 21:52:06,2728,1151,UPI,3610,SUCCESS,
1195,2025-08-03 18:51:20,1152,2126,FUND TRANSFER,391983,SUCCESS,
1196,2025-01-10 05:03:36,710,688,UPI,4022,SUCCESS,
1197,2025-07-24 00:34:55,4649,3410,NEFT,156444,SUCCESS,
1198,2025-01-23 05:17:40,4222,4989,FUND TRANSFER,280829,SUCCESS,
1199,2025-08-23 08:49:53,2952,,WITHDRAWAL,11153,SUCCESS,
1200,2025-10-03 00:10:03,1147,675,FUND TRANSFER,486243,SUCCESS,
1201,2025-02-02 10:43:11,3776,,DEPOSIT,15149,SUCCESS,
1202,2025-07-18 21:24:57,3909,3881,NEFT,371909,SUCCESS,
1203,2025-01-19 21:08:36,4887,3507,FUND TRANSFER,921310,SUCCESS,
1204,2025-05-12 12:00:41,3731,3018,IMPS,50906,SUCCESS,
1205,2025-07-02 15:18:29,1396,4443,UPI,6409,SUCCESS,
1206,2025-10-20 02:11:27,2633,,ATM WITHDRAWAL,3579,SUCCESS,
1207,2025-12-22 02:10:11,1899,1794,NEFT,33399,SUCCESS,
1208,2025-07-06 11:47:37,2582,463,FUND TRANSFER,647912,SUCCESS,
1209,2025-04-13 06:14:53,1601,3324,UPI,6275,FAILED,Insufficient Balance
1210,2025-05-13 12:47:17,1575,,ATM WITHDRAWAL,3373,SUCCESS,
1211,2025-11-03 06:19:50,1226,2066,IMPS,137308,SUCCESS,
1212,2025-10-13 02:18:48,1024,,DEPOSIT,49313,SUCCESS,
1213,2025-12-10 08:24:34,76,,WITHDRAWAL,34728,SUCCESS,
1214,2025-08-01 03:52:54,2302,2543,UPI,8497,SUCCESS,
1215,2025-09-12 09:27:55,2056,2360,FUND TRANSFER,152715,SUCCESS,
1216,2025-05-08 18:39:07,1138,,ATM WITHDRAWAL,3970,SUCCESS,
1217,2025-07-15 18:37:33,1211,2971,FUND TRANSFER,860970,SUCCESS,
1218,2025-05-16 19:06:52,1663,2221,UPI,508,SUCCESS,
1219,2025-11-29 08:35:31,5,,INTEREST CREDIT,23948,FAILED,Account Blocked
1220,2025-12-19 18:29:34,2215,,ATM WITHDRAWAL,576,SUCCESS,
1221,2025-08-23 09:53:10,2278,,ATM WITHDRAWAL,2960,FAILED,Invalid Account
1222,2025-12-17 15:47:18,680,677,FUND TRANSFER,869961,SUCCESS,
1223,2025-10-11 01:55:04,1276,2624,FUND TRANSFER,316270,SUCCESS,
1224,2025-07-11 17:02:07,1616,4040,UPI,4098,SUCCESS,
1225,2025-11-27 02:09:54,2714,828,FUND TRANSFER,991080,SUCCESS,
1226,2025-12-24 13:37:36,4039,,WITHDRAWAL,5137,SUCCESS,
1227,2025-11-11 11:38:15,874,,DEPOSIT,86435,SUCCESS,
1228,2025-01-23 20:54:49,299,1514,IMPS,83455,SUCCESS,
1229,2025-05-05 10:33:20,2429,,WITHDRAWAL,3510,SUCCESS,
1230,2025-02-16 06:26:58,1217,,ATM WITHDRAWAL,369,SUCCESS,
1231,2025-04-20 23:57:53,3084,,INTEREST CREDIT,15309,SUCCESS,
1232,2025-07-29 07:20:29,4000,,WITHDRAWAL,32765,SUCCESS,
1233,2025-03-23 04:27:47,3844,,ATM WITHDRAWAL,8642,SUCCESS,
1234,2025-02-19 02:55:36,683,,DEPOSIT,15402,SUCCESS,
1235,2025-12-02 18:01:13,3326,3006,NEFT,136581,SUCCESS,
1236,2025-06-23 07:52:57,537,3850,UPI,2549,SUCCESS,
1237,2025-12-26 18:12:59,1304,986,IMPS,58662,SUCCESS,
1238,2025-07-11 20:05:47,4644,1251,UPI,7374,FAILED,Insufficient Balance
1239,2025-02-17 12:27:32,626,3476,IMPS,24375,SUCCESS,
1240,2025-11-08 09:45:15,1873,4937,UPI,6191,SUCCESS,
1241,2025-12-04 18:54:39,4241,332,FUND TRANSFER,936193,SUCCESS,
1242,2025-05-25 19:20:35,4083,2345,UPI,9880,SUCCESS,
1243,2025-08-23 13:20:25,2130,,ATM WITHDRAWAL,4120,SUCCESS,
1244,2025-08-11 21:46:51,1473,,INTEREST CREDIT,7690,SUCCESS,
1245,2025-06-25 13:46:56,2368,874,UPI,5741,SUCCESS,
1246,2025-12-05 12:14:57,4058,1390,IMPS,773,SUCCESS,
1247,2025-11-28 03:05:39,2092,,DEPOSIT,25611,SUCCESS,
1248,2025-02-12 16:00:29,2197,1069,FUND TRANSFER,153647,SUCCESS,
1249,2025-06-04 16:39:25,1785,,ATM WITHDRAWAL,8472,SUCCESS,
1250,2025-07-01 14:10:48,3123,4745,FUND TRANSFER,952427,SUCCESS,
1251,2025-01-06 02:45:09,52,,WITHDRAWAL,38581,SUCCESS,
1252,2025-09-04 16:52:47,3754,,ATM WITHDRAWAL,7657,SUCCESS,
1253,2025-11-27 02:54:07,4661,2824,UPI,4620,SUCCESS,
1254,2025-04-30 22:34:56,3103,3820,UPI,8609,SUCCESS,
1255,2025-06-23 16:19:49,4877,1279,FUND TRANSFER,509491,SUCCESS,
1256,2025-07-22 05:09:35,1081,,DEPOSIT,7320,SUCCESS,
1257,2025-07-11 19:52:55,419,,DEPOSIT,93005,SUCCESS,
1258,2025-08-30 03:27:58,406,2209,UPI,3291,SUCCESS,
1259,2025-08-05 01:14:43,3138,3700,FUND TRANSFER,956090,SUCCESS,
1260,2025-06-27 00:20:23,479,4948,FUND TRANSFER,39288,SUCCESS,
1261,2025-11-22 21:53:56,2234,2800,IMPS,29893,SUCCESS,
1262,2025-04-17 17:53:51,2232,2196,IMPS,153400,SUCCESS,
1263,2025-10-20 03:08:33,92,318,UPI,4154,SUCCESS,
1264,2025-07-16 20:15:32,1529,3846,UPI,1319,SUCCESS,
1265,2025-03-01 18:19:00,2002,4821,FUND TRANSFER,65368,SUCCESS,
1266,2025-05-04 00:56:03,4525,327,UPI,9639,SUCCESS,
1267,2025-04-18 04:22:40,1072,4860,FUND TRANSFER,80285,SUCCESS,
1268,2025-02-23 07:23:15,1302,,INTEREST CREDIT,6170,SUCCESS,
1269,2025-07-28 10:47:35,1218,195,FUND TRANSFER,810835,SUCCESS,
1270,2025-12-22 09:01:24,3928,,DEPOSIT,26354,SUCCESS,
1271,2025-05-24 11:22:00,4715,,DEPOSIT,19022,SUCCESS,
1272,2025-01-31 03:26:49,1652,1354,UPI,8034,SUCCESS,
1273,2025-01-08 23:07:46,2970,,DEPOSIT,1842,SUCCESS,
1274,2025-03-05 08:59:43,3673,4969,NEFT,286689,SUCCESS,
1275,2025-07-09 17:18:06,3655,2612,UPI,8459,SUCCESS,
1276,2025-12-28 08:34:22,4303,3706,NEFT,174927,SUCCESS,
1277,2025-05-20 20:57:09,1948,,WITHDRAWAL,18366,SUCCESS,
1278,2025-12-11 03:47:00,581,4949,NEFT,101537,SUCCESS,
1279,2025-09-17 07:05:13,2279,,DEPOSIT,36414,FAILED,Invalid Account
1280,2025-07-01 15:34:37,1437,,ATM WITHDRAWAL,1466,SUCCESS,
1281,2025-09-06 09:44:36,2603,4304,UPI,6227,SUCCESS,
1282,2025-03-29 15:19:06,3274,,INTEREST CREDIT,18156,SUCCESS,
1283,2025-09-27 05:46:44,618,2559,UPI,5874,SUCCESS,
1284,2025-10-26 09:53:33,3372,,ATM WITHDRAWAL,6410,SUCCESS,
1285,2025-06-10 03:01:30,4378,,WITHDRAWAL,8910,SUCCESS,
1286,2025-01-30 08:53:36,2782,997,UPI,4301,SUCCESS,
1287,2025-02-01 18:55:07,1872,,ATM WITHDRAWAL,7600,SUCCESS,
1288,2025-09-26 13:51:39,3980,4318,IMPS,27322,SUCCESS,
1289,2025-03-28 03:05:03,2614,3241,FUND TRANSFER,495068,SUCCESS,
1290,2025-11-26 16:01:47,398,1930,IMPS,135712,SUCCESS,
1291,2025-08-06 20:27:57,1366,3050,UPI,1481,SUCCESS,
1292,2025-09-22 07:42:27,1191,162,UPI,8447,SUCCESS,
1293,2025-07-18 23:13:56,2412,,WITHDRAWAL,31543,SUCCESS,
1294,2025-04-03 14:27:05,546,,ATM WITHDRAWAL,2372,SUCCESS,
1295,2025-06-22 06:45:49,4929,,WITHDRAWAL,40719,SUCCESS,
1296,2025-10-01 09:45:57,1447,4627,FUND TRANSFER,665977,SUCCESS,
1297,2025-01-24 04:27:21,3073,,ATM WITHDRAWAL,2001,SUCCESS,
1298,2025-08-19 10:57:43,186,,WITHDRAWAL,20736,SUCCESS,
1299,2025-11-14 12:20:35,3787,4736,UPI,5056,SUCCESS,
1300,2025-11-12 16:13:07,4028,38,FUND TRANSFER,218018,SUCCESS,
1301,2025-11-07 01:15:35,489,4557,FUND TRANSFER,510753,SUCCESS,
1302,2025-05-16 02:14:01,3579,3756,IMPS,130132,FAILED,Beneficiary Not Found
1303,2025-07-07 01:37:11,1450,,ATM WITHDRAWAL,930,SUCCESS,
1304,2025-11-16 17:51:33,327,3447,IMPS,67020,SUCCESS,
1305,2025-08-19 00:58:40,2498,3720,IMPS,125450,SUCCESS,
1306,2025-02-15 09:31:13,3545,,WITHDRAWAL,20730,SUCCESS,
1307,2025-05-14 23:15:49,4468,3350,IMPS,141884,SUCCESS,
1308,2025-05-23 14:36:27,1633,,ATM WITHDRAWAL,8186,SUCCESS,
1309,2025-08-17 09:48:46,3930,,WITHDRAWAL,954,SUCCESS,
1310,2025-10-04 19:47:23,3198,,DEPOSIT,32070,SUCCESS,
1311,2025-10-01 21:34:15,3090,2939,UPI,1270,SUCCESS,
1312,2025-08-19 23:31:36,1184,464,FUND TRANSFER,144460,SUCCESS,
1313,2025-07-12 13:31:07,1178,,WITHDRAWAL,2772,SUCCESS,
1314,2025-10-15 06:13:02,2423,1769,UPI,1781,SUCCESS,
1315,2025-10-11 09:35:54,2941,1756,NEFT,143039,SUCCESS,
1316,2025-09-16 21:45:01,3625,,ATM WITHDRAWAL,5481,SUCCESS,
1317,2025-04-20 01:53:01,4888,2152,NEFT,402079,SUCCESS,
1318,2025-03-24 17:39:14,24,,ATM WITHDRAWAL,8499,SUCCESS,
1319,2025-09-18 10:32:19,601,1625,FUND TRANSFER,94969,SUCCESS,
1320,2025-01-12 02:31:45,749,2102,FUND TRANSFER,437981,SUCCESS,
1321,2025-03-01 04:30:39,1353,2516,NEFT,174891,SUCCESS,
1322,2025-09-11 03:19:37,6,1173,NEFT,484493,SUCCESS,
1323,2025-08-16 14:49:39,496,,ATM WITHDRAWAL,864,SUCCESS,
1324,2025-02-05 06:31:05,4498,,DEPOSIT,93341,SUCCESS,
1325,2025-07-18 16:01:26,1755,1208,FUND TRANSFER,953161,SUCCESS,
1326,2025-02-15 02:52:15,167,,ATM WITHDRAWAL,7353,SUCCESS,
1327,2025-11-19 18:08:29,754,,ATM WITHDRAWAL,2697,SUCCESS,
1328,2025-05-28 15:45:06,4699,2705,FUND TRANSFER,868892,SUCCESS,
1329,2025-10-09 08:35:05,2557,,DEPOSIT,93737,SUCCESS,
1330,2025-10-27 23:19:54,2616,,DEPOSIT,65095,SUCCESS,
1331,2025-05-18 08:18:33,4303,885,UPI,3831,SUCCESS,
1332,2025-10-04 21:30:48,4991,1959,NEFT,199985,SUCCESS,
1333,2025-02-02 03:47:06,12,3784,IMPS,102323,SUCCESS,
1334,2025-01-27 16:00:33,2662,,ATM WITHDRAWAL,6486,SUCCESS,
1335,2025-10-28 16:53:26,2966,1352,IMPS,114711,SUCCESS,
1336,2025-08-19 21:16:48,1207,1169,UPI,7550,SUCCESS,
1337,2025-12-18 22:58:42,4881,3676,UPI,9411,SUCCESS,
1338,2025-09-17 05:21:42,2588,,DEPOSIT,21846,SUCCESS,
1339,2025-10-15 08:05:15,1491,2375,FUND TRANSFER,779026,SUCCESS,
1340,2025-09-30 09:07:30,2608,2905,IMPS,59424,SUCCESS,
1341,2025-09-22 16:19:59,3767,,ATM WITHDRAWAL,8120,SUCCESS,
1342,2025-12-13 11:36:10,3416,3013,UPI,6220,SUCCESS,
1343,2025-02-14 10:11:07,142,1579,FUND TRANSFER,665965,SUCCESS,
1344,2025-09-16 15:59:43,1347,1158,FUND TRANSFER,566585,SUCCESS,
1345,2025-12-28 17:42:46,2127,4552,NEFT,276976,SUCCESS,
1346,2025-10-26 18:42:49,4473,,DEPOSIT,11740,SUCCESS,
1347,2025-08-05 14:16:34,1357,,ATM WITHDRAWAL,1803,SUCCESS,
1348,2025-05-31 21:25:55,4460,2705,FUND TRANSFER,694769,SUCCESS,
1349,2025-02-05 07:23:04,4808,,WITHDRAWAL,27520,SUCCESS,
1350,2025-07-03 16:24:40,777,,DEPOSIT,80504,SUCCESS,
1351,2025-08-14 09:56:26,1291,4012,UPI,1920,SUCCESS,
1352,2025-07-26 20:09:25,4193,1146,FUND TRANSFER,921231,SUCCESS,
1353,2025-11-23 12:13:14,4555,3792,IMPS,164085,SUCCESS,
1354,2025-01-12 19:57:09,2797,3498,NEFT,410594,SUCCESS,
1355,2025-03-08 21:23:52,1761,,DEPOSIT,58726,SUCCESS,
1356,2025-06-29 12:56:04,2951,1513,FUND TRANSFER,99529,SUCCESS,
1357,2025-11-15 05:36:19,3940,1750,FUND TRANSFER,711043,SUCCESS,
1358,2025-10-17 22:38:05,274,1595,NEFT,463071,SUCCESS,
1359,2025-11-30 14:35:54,494,787,FUND TRANSFER,975992,SUCCESS,
1360,2025-04-19 16:05:48,4625,,INTEREST CREDIT,515,SUCCESS,
1361,2025-11-19 09:37:33,4139,1064,FUND TRANSFER,979940,SUCCESS,
1362,2025-09-03 04:50:28,3988,3634,NEFT,175123,SUCCESS,
1363,2025-09-10 21:37:57,4862,2239,UPI,2178,SUCCESS,
1364,2025-11-23 05:17:38,2639,4663,UPI,4671,SUCCESS,
1365,2025-07-02 08:49:31,196,1501,NEFT,351591,SUCCESS,
1366,2025-02-01 13:53:38,2831,348,FUND TRANSFER,113812,SUCCESS,
1367,2025-11-28 21:45:27,1789,,WITHDRAWAL,43861,SUCCESS,
1368,2025-04-20 10:15:46,4706,309,NEFT,252104,SUCCESS,
1369,2025-07-01 16:39:10,3644,,DEPOSIT,674,SUCCESS,
1370,2025-09-27 08:15:38,4989,,WITHDRAWAL,41513,SUCCESS,
1371,2025-07-05 01:42:39,4694,371,FUND TRANSFER,323604,SUCCESS,
1372,2025-05-03 22:11:54,1314,3975,IMPS,116848,SUCCESS,
1373,2025-07-21 18:37:22,1584,,INTEREST CREDIT,4946,SUCCESS,
1374,2025-06-01 12:28:50,4789,,WITHDRAWAL,37795,SUCCESS,
1375,2025-02-16 05:50:08,460,3263,UPI,7964,SUCCESS,
1376,2025-06-16 06:34:20,2193,3132,UPI,8092,FAILED,Network Timeout
1377,2025-04-09 02:00:12,190,1562,NEFT,379347,SUCCESS,
1378,2025-04-24 07:35:31,2668,,INTEREST CREDIT,18866,SUCCESS,
1379,2025-09-25 02:18:58,4331,,INTEREST CREDIT,4975,SUCCESS,
1380,2025-09-08 21:14:35,1602,4260,UPI,1380,SUCCESS,
1381,2025-05-12 16:55:37,4312,,WITHDRAWAL,21554,SUCCESS,
1382,2025-03-02 01:37:18,4952,,ATM WITHDRAWAL,1025,SUCCESS,
1383,2025-04-24 23:59:34,966,,INTEREST CREDIT,9382,SUCCESS,
1384,2025-12-17 05:05:50,4419,3586,NEFT,154646,SUCCESS,
1385,2025-06-04 20:16:22,54,,WITHDRAWAL,28253,SUCCESS,
1386,2025-05-25 21:07:44,3494,,ATM WITHDRAWAL,6044,SUCCESS,
1387,2025-12-18 05:04:25,3153,3001,IMPS,188580,SUCCESS,
1388,2025-07-21 02:37:23,2434,,ATM WITHDRAWAL,3474,SUCCESS,
1389,2025-07-15 07:06:40,736,,WITHDRAWAL,20037,SUCCESS,
1390,2025-12-12 14:53:43,4089,,WITHDRAWAL,4589,SUCCESS,
1391,2025-02-03 05:28:35,474,4673,UPI,684,SUCCESS,
1392,2025-01-05 13:23:54,2800,,ATM WITHDRAWAL,2849,SUCCESS,
1393,2025-07-30 20:47:26,4368,3222,FUND TRANSFER,402378,SUCCESS,
1394,2025-09-25 16:57:28,2737,,DEPOSIT,53152,SUCCESS,
1395,2025-02-24 23:26:35,422,,ATM WITHDRAWAL,6984,SUCCESS,
1396,2025-09-02 06:24:34,594,1064,NEFT,252868,SUCCESS,
1397,2025-02-03 16:00:29,2064,3507,UPI,1114,SUCCESS,
1398,2025-08-16 00:11:49,907,389,UPI,8621,SUCCESS,
1399,2025-11-25 10:38:51,404,2382,IMPS,38986,SUCCESS,
1400,2025-08-24 07:16:10,4437,2294,NEFT,11732,SUCCESS,
1401,2025-05-01 00:26:36,4475,,WITHDRAWAL,10015,SUCCESS,
1402,2025-12-13 03:28:58,2760,,DEPOSIT,95263,SUCCESS,
1403,2025-03-04 05:08:37,2046,3663,UPI,9275,SUCCESS,
1404,2025-03-07 09:35:18,3050,3855,FUND TRANSFER,555292,SUCCESS,
1405,2025-11-14 01:34:18,1538,1080,FUND TRANSFER,241832,SUCCESS,
1406,2025-09-29 13:18:32,1087,3751,NEFT,299737,SUCCESS,
1407,2025-03-29 11:39:47,2831,1432,FUND TRANSFER,311316,SUCCESS,
1408,2025-08-07 04:25:20,4962,845,FUND TRANSFER,934738,SUCCESS,
1409,2025-01-31 04:32:56,825,,ATM WITHDRAWAL,9255,SUCCESS,
1410,2025-09-10 18:12:13,1547,,ATM WITHDRAWAL,8423,SUCCESS,
1411,2025-05-21 15:14:30,1710,471,FUND TRANSFER,592846,SUCCESS,
1412,2025-04-22 04:13:50,4434,,WITHDRAWAL,28264,SUCCESS,
1413,2025-04-08 04:33:22,4424,1309,UPI,6215,SUCCESS,
1414,2025-04-05 07:06:22,3650,1517,UPI,9381,SUCCESS,
1415,2025-03-25 23:44:08,4945,1614,UPI,6093,SUCCESS,
1416,2025-10-17 07:27:27,2053,3833,UPI,1665,SUCCESS,
1417,2025-12-20 00:24:25,1092,4050,UPI,4168,SUCCESS,
1418,2025-04-22 10:28:45,1397,,DEPOSIT,15047,SUCCESS,
1419,2025-06-10 08:05:11,717,,DEPOSIT,58291,SUCCESS,
1420,2025-08-01 19:17:19,55,,ATM WITHDRAWAL,4575,SUCCESS,
1421,2025-04-07 08:59:15,202,2289,UPI,904,SUCCESS,
1422,2025-08-06 12:21:04,1600,2158,UPI,8194,SUCCESS,
1423,2025-08-15 13:40:13,956,566,UPI,5610,SUCCESS,
1424,2025-04-10 19:58:45,3473,3751,FUND TRANSFER,677337,SUCCESS,
1425,2025-05-26 14:49:31,2464,,DEPOSIT,89314,SUCCESS,
1426,2025-09-19 22:38:12,1270,,INTEREST CREDIT,18977,SUCCESS,
1427,2025-12-07 23:11:38,2966,,WITHDRAWAL,1750,SUCCESS,
1428,2025-01-18 02:20:09,2201,3147,FUND TRANSFER,191291,SUCCESS,
1429,2025-12-18 06:57:25,3360,,INTEREST CREDIT,5989,SUCCESS,
1430,2025-08-04 21:29:39,3545,3502,UPI,5369,SUCCESS,
1431,2025-09-30 20:51:36,1088,2899,IMPS,51849,SUCCESS,
1432,2025-09-20 09:47:24,2860,2881,IMPS,14492,SUCCESS,
1433,2025-11-21 16:28:30,2009,1966,FUND TRANSFER,15123,SUCCESS,
1434,2025-06-29 10:27:26,764,1957,NEFT,231436,SUCCESS,
1435,2025-02-17 06:48:34,349,890,UPI,7999,SUCCESS,
1436,2025-12-26 17:51:01,2295,2089,FUND TRANSFER,694780,SUCCESS,
1437,2025-02-12 14:20:29,471,,WITHDRAWAL,3461,SUCCESS,
1438,2025-08-30 12:39:29,2065,,WITHDRAWAL,31190,SUCCESS,
1439,2025-01-21 06:05:20,1024,2845,FUND TRANSFER,644231,SUCCESS,
1440,2025-05-10 15:59:22,1324,3653,UPI,6544,SUCCESS,
1441,2025-01-02 04:17:16,4073,3838,UPI,9017,SUCCESS,
1442,2025-03-08 04:29:15,3426,2053,NEFT,4277,SUCCESS,
1443,2025-04-03 07:59:34,2449,,ATM WITHDRAWAL,4012,SUCCESS,
1444,2025-12-14 00:20:53,1226,2557,FUND TRANSFER,232646,FAILED,Network Timeout
1445,2025-01-17 14:46:40,512,1451,IMPS,53009,SUCCESS,
1446,2025-05-15 04:54:00,4909,,WITHDRAWAL,24317,SUCCESS,
1447,2025-04-22 02:02:07,3094,486,NEFT,35018,SUCCESS,
1448,2025-01-27 06:43:19,2465,2164,NEFT,239114,SUCCESS,
1449,2025-10-26 23:00:27,1619,1522,UPI,9794,SUCCESS,
1450,2025-10-08 03:36:50,93,4421,UPI,2874,SUCCESS,
1451,2025-04-09 23:53:46,13,4460,IMPS,148144,SUCCESS,
1452,2025-07-12 09:16:00,1041,,DEPOSIT,39057,SUCCESS,
1453,2025-10-31 05:03:03,3615,,DEPOSIT,25623,SUCCESS,
1454,2025-05-08 16:41:41,709,4788,FUND TRANSFER,831171,SUCCESS,
1455,2025-10-12 22:03:11,3556,,WITHDRAWAL,114,SUCCESS,
1456,2025-04-14 13:15:52,2725,1004,UPI,8858,SUCCESS,
1457,2025-08-30 14:38:22,4866,,ATM WITHDRAWAL,8644,SUCCESS,
1458,2025-04-12 23:44:44,1122,,DEPOSIT,73322,SUCCESS,
1459,2025-09-29 00:28:30,4429,2245,NEFT,53668,SUCCESS,
1460,2025-08-16 11:53:06,4314,3927,UPI,2357,SUCCESS,
1461,2025-09-07 23:31:06,3116,4545,IMPS,176385,SUCCESS,
1462,2025-06-03 10:01:11,505,2020,FUND TRANSFER,793732,SUCCESS,
1463,2025-06-10 15:20:07,607,4932,NEFT,235949,SUCCESS,
1464,2025-08-20 02:13:32,1721,2370,UPI,5299,SUCCESS,
1465,2025-11-05 22:24:30,2093,2870,NEFT,420265,SUCCESS,
1466,2025-04-13 14:33:45,3488,,ATM WITHDRAWAL,5838,SUCCESS,
1467,2025-09-10 11:31:30,3554,3405,FUND TRANSFER,809335,SUCCESS,
1468,2025-11-11 08:59:41,1297,3464,IMPS,14422,SUCCESS,
1469,2025-03-16 09:37:13,1761,,ATM WITHDRAWAL,8078,SUCCESS,
1470,2025-02-08 11:23:55,2101,,ATM WITHDRAWAL,8142,SUCCESS,
1471,2025-04-04 11:21:12,793,,ATM WITHDRAWAL,9804,SUCCESS,
1472,2025-11-15 21:08:13,237,252,FUND TRANSFER,657514,SUCCESS,
1473,2025-07-20 22:21:27,2742,,INTEREST CREDIT,19299,SUCCESS,
1474,2025-05-11 21:41:22,1326,4288,NEFT,29562,SUCCESS,
1475,2025-09-17 20:28:01,2249,,DEPOSIT,87365,SUCCESS,
1476,2025-10-02 22:20:18,4835,1774,FUND TRANSFER,358018,SUCCESS,
1477,2025-04-15 18:13:50,1060,,WITHDRAWAL,28646,SUCCESS,
1478,2025-05-01 15:19:07,4815,,ATM WITHDRAWAL,6123,SUCCESS,
1479,2025-11-25 22:16:49,1593,,ATM WITHDRAWAL,9082,FAILED,Beneficiary Not Found
1480,2025-03-14 00:14:46,845,22,FUND TRANSFER,235056,SUCCESS,
1481,2025-10-13 10:31:14,4409,4102,UPI,418,SUCCESS,
1482,2025-01-12 08:25:01,75,3797,UPI,1721,SUCCESS,
1483,2025-02-22 05:26:08,320,1352,UPI,8808,SUCCESS,
1484,2025-10-26 17:13:10,372,485,NEFT,289406,SUCCESS,
1485,2025-01-08 03:49:28,2827,4843,UPI,9222,SUCCESS,
1486,2025-08-27 20:51:33,3985,1002,UPI,1978,SUCCESS,
1487,2025-11-10 22:55:15,3884,1633,UPI,1524,SUCCESS,
1488,2025-10-03 06:41:27,1842,,ATM WITHDRAWAL,6796,SUCCESS,
1489,2025-01-23 20:43:23,3159,4932,UPI,8228,SUCCESS,
1490,2025-04-22 02:21:17,4124,,ATM WITHDRAWAL,1558,SUCCESS,
1491,2025-07-04 03:08:05,3311,,ATM WITHDRAWAL,8162,SUCCESS,
1492,2025-12-27 04:53:54,66,,INTEREST CREDIT,15192,SUCCESS,
1493,2025-03-21 10:47:12,3081,,INTEREST CREDIT,15431,SUCCESS,
1494,2025-02-26 23:26:07,3598,,DEPOSIT,26741,SUCCESS,
1495,2025-04-20 01:31:47,4535,,WITHDRAWAL,24925,SUCCESS,
1496,2025-01-24 06:07:27,4937,,WITHDRAWAL,49623,SUCCESS,
1497,2025-04-27 23:34:24,4567,,DEPOSIT,96183,SUCCESS,
1498,2025-01-30 18:26:59,3014,,DEPOSIT,37029,SUCCESS,
1499,2025-04-13 20:50:43,2375,,DEPOSIT,78825,SUCCESS,
1500,2025-12-09 01:11:50,1173,3986,IMPS,77021,SUCCESS,
1501,2025-02-13 00:59:34,2491,247,UPI,5677,SUCCESS,
1502,2025-04-02 04:54:06,3904,929,FUND TRANSFER,634291,SUCCESS,
1503,2025-09-04 07:43:27,1408,,ATM WITHDRAWAL,7173,SUCCESS,
1504,2025-11-01 23:56:42,1896,,ATM WITHDRAWAL,2021,SUCCESS,
1505,2025-10-28 21:45:29,3915,918,NEFT,308031,SUCCESS,
1506,2025-02-04 08:33:03,68,3662,FUND TRANSFER,214838,SUCCESS,
1507,2025-03-10 15:32:43,730,4337,FUND TRANSFER,550443,SUCCESS,
1508,2025-02-21 16:58:33,4392,,ATM WITHDRAWAL,6231,SUCCESS,
1509,2025-03-29 19:07:38,1602,4460,IMPS,97239,SUCCESS,
1510,2025-02-27 04:22:37,1971,1796,FUND TRANSFER,54582,SUCCESS,
1511,2025-12-01 21:27:04,2525,,ATM WITHDRAWAL,7391,SUCCESS,
1512,2025-11-01 20:01:04,4035,,ATM WITHDRAWAL,4078,SUCCESS,
1513,2025-07-21 03:19:01,1137,2807,FUND TRANSFER,994378,SUCCESS,
1514,2025-03-13 17:43:33,641,,WITHDRAWAL,25776,SUCCESS,
1515,2025-09-14 08:07:12,3500,96,UPI,7469,SUCCESS,
1516,2025-06-12 09:27:15,3852,,DEPOSIT,61357,SUCCESS,
1517,2025-11-19 02:07:49,4073,,ATM WITHDRAWAL,4170,SUCCESS,
1518,2025-08-06 20:06:00,4285,,INTEREST CREDIT,2912,SUCCESS,
1519,2025-12-12 14:50:56,264,1528,NEFT,240689,SUCCESS,
1520,2025-07-23 12:11:48,164,,DEPOSIT,28995,SUCCESS,
1521,2025-09-09 14:32:03,3244,,INTEREST CREDIT,8278,SUCCESS,
1522,2025-08-08 05:50:36,3619,,DEPOSIT,63353,SUCCESS,
1523,2025-11-01 16:53:47,868,2130,UPI,1518,SUCCESS,
1524,2025-11-01 21:08:11,414,1351,UPI,5124,SUCCESS,
1525,2025-12-29 19:10:18,1683,,WITHDRAWAL,29145,SUCCESS,
1526,2025-10-25 18:06:34,1715,,WITHDRAWAL,26997,SUCCESS,
1527,2025-02-26 06:42:51,1930,2864,IMPS,120293,SUCCESS,
1528,2025-07-28 17:53:54,153,1209,UPI,2919,SUCCESS,
1529,2025-08-01 15:39:00,1345,,ATM WITHDRAWAL,8630,SUCCESS,
1530,2025-12-21 13:24:20,4588,4306,IMPS,2114,SUCCESS,
1531,2025-10-23 23:18:15,4017,4642,NEFT,110103,SUCCESS,
1532,2025-09-08 04:25:49,229,,DEPOSIT,46542,SUCCESS,
1533,2025-10-21 23:04:04,4845,,ATM WITHDRAWAL,5117,SUCCESS,
1534,2025-03-05 01:47:44,2341,3864,IMPS,111009,SUCCESS,
1535,2025-11-17 10:57:46,372,,DEPOSIT,55567,SUCCESS,
1536,2025-11-18 21:35:31,4818,3094,UPI,9631,SUCCESS,
1537,2025-11-10 15:19:38,317,3898,FUND TRANSFER,757381,SUCCESS,
1538,2025-03-10 21:15:32,1616,,ATM WITHDRAWAL,9321,SUCCESS,
1539,2025-06-09 19:58:47,1126,,WITHDRAWAL,12494,SUCCESS,
1540,2025-08-05 16:20:26,2892,,DEPOSIT,82094,SUCCESS,
1541,2025-09-09 13:46:35,4660,,ATM WITHDRAWAL,1206,SUCCESS,
1542,2025-07-23 00:26:48,2205,1489,NEFT,303794,SUCCESS,
1543,2025-02-14 03:13:15,4343,,ATM WITHDRAWAL,3842,SUCCESS,
1544,2025-09-18 17:21:35,3887,3240,FUND TRANSFER,740065,SUCCESS,
1545,2025-01-16 15:58:04,4062,,WITHDRAWAL,17039,SUCCESS,
1546,2025-03-10 13:18:11,3718,,DEPOSIT,11083,SUCCESS,
1547,2025-10-11 01:05:41,4486,,ATM WITHDRAWAL,6615,SUCCESS,
1548,2025-11-10 19:51:41,3694,2728,FUND TRANSFER,114250,SUCCESS,
1549,2025-12-22 19:13:31,2556,87,FUND TRANSFER,420452,SUCCESS,
1550,2025-05-29 18:11:37,558,,WITHDRAWAL,45621,SUCCESS,
1551,2025-06-23 06:27:33,124,,ATM WITHDRAWAL,152,SUCCESS,
1552,2025-06-20 22:21:21,2266,4747,NEFT,94662,SUCCESS,
1553,2025-05-24 03:06:46,2418,,DEPOSIT,96892,SUCCESS,
1554,2025-10-28 11:46:52,319,1126,NEFT,13920,SUCCESS,
1555,2025-09-22 16:50:08,3708,2733,UPI,9255,SUCCESS,
1556,2025-01-03 07:29:56,4553,,DEPOSIT,53479,SUCCESS,
1557,2025-10-22 00:51:31,2666,,ATM WITHDRAWAL,2547,SUCCESS,
1558,2025-04-02 18:59:37,1415,,ATM WITHDRAWAL,1212,SUCCESS,
1559,2025-06-21 07:40:30,3415,97,FUND TRANSFER,611901,SUCCESS,
1560,2025-04-28 06:46:21,1492,3694,UPI,1782,SUCCESS,
1561,2025-06-12 01:49:56,2442,,INTEREST CREDIT,24591,SUCCESS,
1562,2025-02-23 22:33:14,827,,WITHDRAWAL,45519,SUCCESS,
1563,2025-12-12 15:54:22,1786,4988,NEFT,493043,SUCCESS,
1564,2025-01-11 03:31:48,615,2098,FUND TRANSFER,691336,SUCCESS,
1565,2025-05-20 10:39:42,85,360,UPI,9356,SUCCESS,
1566,2025-12-22 05:20:59,793,3836,UPI,4610,SUCCESS,
1567,2025-03-01 08:21:29,1431,,ATM WITHDRAWAL,2342,SUCCESS,
1568,2025-05-15 10:57:23,4884,2075,IMPS,97928,SUCCESS,
1569,2025-10-16 12:58:23,2430,1137,FUND TRANSFER,749681,SUCCESS,
1570,2025-11-27 11:29:12,835,,WITHDRAWAL,16440,SUCCESS,
1571,2025-09-18 16:56:27,4523,,ATM WITHDRAWAL,4824,SUCCESS,
1572,2025-02-28 05:46:40,558,,ATM WITHDRAWAL,2770,SUCCESS,
1573,2025-10-02 20:40:26,2234,457,FUND TRANSFER,39391,SUCCESS,
1574,2025-11-09 15:51:32,2813,,ATM WITHDRAWAL,3355,SUCCESS,
1575,2025-12-29 12:22:15,3173,3790,FUND TRANSFER,675677,SUCCESS,
1576,2025-12-10 06:45:08,3232,,ATM WITHDRAWAL,2640,SUCCESS,
1577,2025-05-19 03:55:41,3301,3748,NEFT,400083,SUCCESS,
1578,2025-02-25 22:59:27,708,,ATM WITHDRAWAL,7715,SUCCESS,
1579,2025-07-08 03:07:06,4773,1941,UPI,9976,SUCCESS,
1580,2025-11-19 02:30:15,3793,3063,UPI,8034,SUCCESS,
1581,2025-06-27 00:48:49,1441,1211,NEFT,482777,SUCCESS,
1582,2025-03-31 18:15:02,4817,,INTEREST CREDIT,14843,SUCCESS,
1583,2025-08-21 04:08:00,3209,,ATM WITHDRAWAL,5395,SUCCESS,
1584,2025-03-09 02:41:16,898,4443,UPI,891,SUCCESS,
1585,2025-01-03 08:17:34,3742,4790,UPI,3512,SUCCESS,
1586,2025-01-02 03:04:24,3860,623,UPI,7482,SUCCESS,
1587,2025-03-23 03:36:13,2320,3505,NEFT,149773,SUCCESS,
1588,2025-03-01 18:10:19,4745,3179,UPI,408,FAILED,Network Timeout
1589,2025-01-30 19:53:41,2178,3747,NEFT,314672,SUCCESS,
1590,2025-04-08 18:16:28,3845,3031,UPI,3500,SUCCESS,
1591,2025-04-28 22:49:24,315,,ATM WITHDRAWAL,3127,SUCCESS,
1592,2025-07-26 21:34:07,1989,,WITHDRAWAL,20992,SUCCESS,
1593,2025-06-12 01:15:09,157,,ATM WITHDRAWAL,459,SUCCESS,
1594,2025-11-05 19:25:00,3475,,DEPOSIT,21350,SUCCESS,
1595,2025-02-20 12:43:04,3085,,DEPOSIT,76564,SUCCESS,
1596,2025-07-31 00:26:54,314,3245,UPI,7614,SUCCESS,
1597,2025-07-28 13:48:15,4871,4465,IMPS,12695,SUCCESS,
1598,2025-12-28 05:56:09,466,3497,UPI,4380,SUCCESS,
1599,2025-11-07 01:23:41,2920,3805,FUND TRANSFER,350328,SUCCESS,
1600,2025-11-16 13:22:20,3795,,DEPOSIT,92111,SUCCESS,
1601,2025-11-05 01:14:51,2027,3701,NEFT,425670,SUCCESS,
1602,2025-01-07 13:47:04,2731,880,UPI,2461,SUCCESS,
1603,2025-01-15 18:29:43,1024,1394,UPI,9708,FAILED,Daily Limit Exceeded
1604,2025-09-22 08:20:14,1653,,ATM WITHDRAWAL,3524,SUCCESS,
1605,2025-07-28 14:09:44,3278,4490,NEFT,352003,SUCCESS,
1606,2025-07-20 21:04:49,4237,3921,IMPS,86661,SUCCESS,
1607,2025-03-22 22:13:55,888,1238,FUND TRANSFER,754823,SUCCESS,
1608,2025-01-25 14:55:20,2867,2325,IMPS,131569,SUCCESS,
1609,2025-02-28 11:39:56,2404,,ATM WITHDRAWAL,3286,SUCCESS,
1610,2025-05-06 23:19:14,1171,,WITHDRAWAL,9930,SUCCESS,
1611,2025-07-25 17:15:51,3056,1002,IMPS,161350,SUCCESS,
1612,2025-05-04 21:01:59,2821,3171,FUND TRANSFER,491413,SUCCESS,
1613,2025-11-30 00:47:21,3773,,INTEREST CREDIT,8971,SUCCESS,
1614,2025-09-26 14:54:13,640,,ATM WITHDRAWAL,4289,SUCCESS,
1615,2025-02-17 10:57:16,627,4952,FUND TRANSFER,166298,SUCCESS,
1616,2025-11-06 14:20:39,4353,752,NEFT,50411,SUCCESS,
1617,2025-11-29 12:04:31,4343,,ATM WITHDRAWAL,1193,SUCCESS,
1618,2025-07-20 16:33:17,3871,,INTEREST CREDIT,3177,SUCCESS,
1619,2025-03-22 14:03:25,1070,1457,UPI,4559,SUCCESS,
1620,2025-12-22 14:41:57,1568,4544,FUND TRANSFER,490307,SUCCESS,
1621,2025-01-27 22:04:17,1100,2029,UPI,5773,SUCCESS,
1622,2025-08-31 16:50:04,4121,2827,UPI,7160,SUCCESS,
1623,2025-06-03 04:18:56,3856,480,UPI,3294,SUCCESS,
1624,2025-11-24 12:36:00,204,7,FUND TRANSFER,747773,SUCCESS,
1625,2025-11-09 09:33:16,2808,,ATM WITHDRAWAL,5091,SUCCESS,
1626,2025-05-31 10:48:20,310,,ATM WITHDRAWAL,3875,SUCCESS,
1627,2025-05-05 16:30:42,1594,,WITHDRAWAL,8498,SUCCESS,
1628,2025-10-19 10:00:34,4769,4534,UPI,6023,SUCCESS,
1629,2025-05-07 08:13:21,4175,,ATM WITHDRAWAL,4410,SUCCESS,
1630,2025-12-01 12:54:57,840,,ATM WITHDRAWAL,6162,SUCCESS,
1631,2025-10-10 00:36:51,3300,,DEPOSIT,59848,SUCCESS,
1632,2025-12-17 03:28:57,4224,247,UPI,5242,SUCCESS,
1633,2025-01-04 07:09:05,4272,,DEPOSIT,54728,SUCCESS,
1634,2025-08-05 20:13:00,3911,1161,UPI,6053,SUCCESS,
1635,2025-11-08 22:03:56,598,960,IMPS,127769,SUCCESS,
1636,2025-08-20 02:52:04,259,,WITHDRAWAL,1827,SUCCESS,
1637,2025-10-02 23:31:52,2062,4164,FUND TRANSFER,903350,SUCCESS,
1638,2025-03-03 07:24:28,3979,3310,IMPS,103416,FAILED,Network Timeout
1639,2025-08-22 15:31:32,1399,2989,IMPS,172505,SUCCESS,
1640,2025-04-25 17:35:59,84,2191,UPI,7901,SUCCESS,
1641,2025-09-20 01:18:16,2971,,DEPOSIT,3812,SUCCESS,
1642,2025-03-30 02:16:25,4301,,WITHDRAWAL,41409,SUCCESS,
1643,2025-08-23 21:04:36,461,,DEPOSIT,10597,SUCCESS,
1644,2025-04-26 19:42:34,4911,2038,UPI,8958,SUCCESS,
1645,2025-05-12 20:03:30,2645,4607,FUND TRANSFER,905905,SUCCESS,
1646,2025-05-04 00:12:33,2023,3375,FUND TRANSFER,153064,SUCCESS,
1647,2025-09-14 18:19:23,722,,ATM WITHDRAWAL,2112,SUCCESS,
1648,2025-01-06 14:48:41,472,3595,IMPS,164537,SUCCESS,
1649,2025-04-16 12:07:43,1384,4027,NEFT,493118,SUCCESS,
1650,2025-02-06 15:30:28,553,4808,NEFT,401274,SUCCESS,
1651,2025-01-03 10:51:11,4328,,ATM WITHDRAWAL,166,SUCCESS,
1652,2025-02-18 10:11:19,3262,3727,FUND TRANSFER,507090,SUCCESS,
1653,2025-01-08 04:54:41,446,4750,UPI,1733,SUCCESS,
1654,2025-11-18 01:52:56,2053,,ATM WITHDRAWAL,2647,SUCCESS,
1655,2025-05-30 22:41:45,2250,,ATM WITHDRAWAL,5126,SUCCESS,
1656,2025-03-02 14:07:29,1827,58,UPI,248,SUCCESS,
1657,2025-01-16 19:39:48,3579,,DEPOSIT,82653,SUCCESS,
1658,2025-10-21 04:52:56,4454,1823,IMPS,173356,SUCCESS,
1659,2025-03-17 11:57:29,819,3926,FUND TRANSFER,745331,SUCCESS,
1660,2025-03-24 04:01:16,1873,2065,FUND TRANSFER,577843,SUCCESS,
1661,2025-06-23 16:45:04,2630,3678,NEFT,194818,SUCCESS,
1662,2025-07-01 02:48:59,808,,ATM WITHDRAWAL,5670,SUCCESS,
1663,2025-12-27 08:35:16,4245,,WITHDRAWAL,6981,SUCCESS,
1664,2025-09-22 07:18:13,3647,31,UPI,6056,SUCCESS,
1665,2025-06-06 19:44:51,4707,,ATM WITHDRAWAL,6915,SUCCESS,
1666,2025-04-20 21:03:31,2827,,DEPOSIT,84841,SUCCESS,
1667,2025-08-20 05:43:28,1324,3624,IMPS,184583,SUCCESS,
1668,2025-03-23 20:49:36,1069,,ATM WITHDRAWAL,8856,SUCCESS,
1669,2025-07-31 01:26:37,3656,2870,FUND TRANSFER,574245,SUCCESS,
1670,2025-05-27 14:59:53,3566,,ATM WITHDRAWAL,7343,SUCCESS,
1671,2025-07-06 01:59:05,4125,,DEPOSIT,93284,SUCCESS,
1672,2025-06-19 21:23:25,3994,,DEPOSIT,10953,SUCCESS,
1673,2025-05-16 05:48:07,2056,,DEPOSIT,55244,SUCCESS,
1674,2025-04-22 16:08:39,3151,1860,UPI,2680,SUCCESS,
1675,2025-07-08 10:22:49,2773,638,FUND TRANSFER,872619,SUCCESS,
1676,2025-07-23 23:02:20,4283,,ATM WITHDRAWAL,2691,SUCCESS,
1677,2025-09-07 20:35:19,1363,1622,FUND TRANSFER,649753,SUCCESS,
1678,2025-06-20 23:41:31,159,,WITHDRAWAL,28958,FAILED,Network Timeout
1679,2025-07-01 02:58:52,3400,2421,UPI,5014,SUCCESS,
1680,2025-09-24 19:14:42,769,,ATM WITHDRAWAL,5839,SUCCESS,
1681,2025-05-29 15:28:54,3564,2636,IMPS,162447,SUCCESS,
1682,2025-05-15 22:05:15,782,,DEPOSIT,45558,SUCCESS,
1683,2025-03-18 14:29:20,2697,4812,UPI,1559,SUCCESS,
1684,2025-08-02 10:50:01,648,,ATM WITHDRAWAL,1502,SUCCESS,
1685,2025-09-23 11:10:24,333,1022,FUND TRANSFER,995041,SUCCESS,
1686,2025-04-17 01:30:00,1438,3512,UPI,220,SUCCESS,
1687,2025-11-24 00:45:18,4326,3645,UPI,6956,SUCCESS,
1688,2025-02-02 00:26:44,1084,,ATM WITHDRAWAL,4887,SUCCESS,
1689,2025-06-20 01:10:01,3765,3711,FUND TRANSFER,772623,SUCCESS,
1690,2025-10-28 02:34:19,3562,,DEPOSIT,85467,SUCCESS,
1691,2025-07-30 22:30:02,2756,,WITHDRAWAL,15089,SUCCESS,
1692,2025-05-19 04:54:48,1017,,ATM WITHDRAWAL,4080,SUCCESS,
1693,2025-02-23 01:26:02,2241,4657,FUND TRANSFER,35802,SUCCESS,
1694,2025-11-17 11:19:43,3455,,DEPOSIT,47723,SUCCESS,
1695,2025-02-04 15:35:25,3656,779,UPI,5590,SUCCESS,
1696,2025-02-10 07:02:04,4926,,ATM WITHDRAWAL,1372,SUCCESS,
1697,2025-09-06 09:16:51,2443,,WITHDRAWAL,41853,SUCCESS,
1698,2025-05-27 20:01:19,2621,1652,FUND TRANSFER,392401,SUCCESS,
1699,2025-06-15 05:27:19,1250,2489,UPI,4559,SUCCESS,
1700,2025-08-07 00:20:01,3233,,WITHDRAWAL,41806,SUCCESS,
1701,2025-07-10 23:56:36,4510,,ATM WITHDRAWAL,8004,SUCCESS,
1702,2025-09-15 23:50:57,3739,,WITHDRAWAL,49713,SUCCESS,
1703,2025-12-26 04:04:02,1179,,ATM WITHDRAWAL,8457,SUCCESS,
1704,2025-07-20 18:38:10,1943,,DEPOSIT,19088,SUCCESS,
1705,2025-04-19 01:37:37,3100,,INTEREST CREDIT,15643,SUCCESS,
1706,2025-12-13 16:01:18,2823,4428,UPI,5713,SUCCESS,
1707,2025-03-25 18:24:13,4454,4681,IMPS,169324,SUCCESS,
1708,2025-07-31 01:56:13,3197,1557,FUND TRANSFER,440670,SUCCESS,
1709,2025-08-22 13:26:11,4994,3881,UPI,2570,SUCCESS,
1710,2025-01-01 01:28:24,4987,42,IMPS,14668,SUCCESS,
1711,2025-02-03 18:58:44,3562,,ATM WITHDRAWAL,1198,SUCCESS,
1712,2025-07-01 18:25:23,3060,111,FUND TRANSFER,893448,SUCCESS,
1713,2025-05-11 15:49:17,4574,,ATM WITHDRAWAL,4619,SUCCESS,
1714,2025-11-24 13:20:56,861,4019,IMPS,163703,SUCCESS,
1715,2025-08-08 01:35:19,1817,2876,FUND TRANSFER,51649,SUCCESS,
1716,2025-10-14 10:37:35,3586,3131,IMPS,142484,FAILED,Insufficient Balance
1717,2025-04-30 16:18:34,4266,482,FUND TRANSFER,815695,SUCCESS,
1718,2025-05-02 03:23:39,2304,,WITHDRAWAL,42865,SUCCESS,
1719,2025-09-19 00:35:02,3566,1559,UPI,4824,SUCCESS,
1720,2025-12-20 05:36:08,1876,1961,FUND TRANSFER,16312,SUCCESS,
1721,2025-04-22 19:14:17,188,3739,UPI,7820,SUCCESS,
1722,2025-08-23 02:45:35,3736,,ATM WITHDRAWAL,5230,SUCCESS,
1723,2025-07-09 07:12:39,3823,,ATM WITHDRAWAL,9702,SUCCESS,
1724,2025-11-28 19:00:07,2475,3822,FUND TRANSFER,671263,SUCCESS,
1725,2025-10-04 10:20:38,1405,,ATM WITHDRAWAL,5055,SUCCESS,
1726,2025-02-18 11:38:44,2646,,WITHDRAWAL,12979,SUCCESS,
1727,2025-09-17 01:28:53,219,3463,UPI,1883,SUCCESS,
1728,2025-10-27 08:16:15,2589,3525,FUND TRANSFER,566328,SUCCESS,
1729,2025-07-13 14:31:05,4703,1836,NEFT,448362,SUCCESS,
1730,2025-08-25 07:45:27,2557,3613,UPI,6319,SUCCESS,
1731,2025-12-29 14:13:00,1809,,INTEREST CREDIT,97,SUCCESS,
1732,2025-05-10 12:06:25,3346,220,FUND TRANSFER,648968,SUCCESS,
1733,2025-01-17 13:47:24,12,3675,FUND TRANSFER,805477,SUCCESS,
1734,2025-08-16 12:22:51,1268,4925,FUND TRANSFER,93032,SUCCESS,
1735,2025-04-22 16:42:15,2121,1986,FUND TRANSFER,656994,SUCCESS,
1736,2025-06-22 18:30:24,1057,,DEPOSIT,49575,SUCCESS,
1737,2025-10-01 13:54:37,89,80,IMPS,85101,SUCCESS,
1738,2025-08-14 06:58:31,2800,,WITHDRAWAL,5326,SUCCESS,
1739,2025-04-07 04:06:51,4391,2087,NEFT,127679,SUCCESS,
1740,2025-09-06 15:01:05,4804,4448,UPI,8712,SUCCESS,
1741,2025-12-26 17:39:23,2340,368,FUND TRANSFER,186464,SUCCESS,
1742,2025-04-13 22:54:35,823,1280,UPI,4288,SUCCESS,
1743,2025-04-14 06:22:32,4898,,ATM WITHDRAWAL,6930,SUCCESS,
1744,2025-06-15 18:18:20,2669,,WITHDRAWAL,40826,SUCCESS,
1745,2025-07-16 15:02:51,898,,DEPOSIT,45795,SUCCESS,
1746,2025-12-09 02:13:19,208,,DEPOSIT,72676,SUCCESS,
1747,2025-03-02 02:33:10,3667,,ATM WITHDRAWAL,1840,SUCCESS,
1748,2025-07-05 03:24:10,3497,2413,NEFT,124080,SUCCESS,
1749,2025-04-15 22:12:10,3332,2650,IMPS,33500,SUCCESS,
1750,2025-10-28 06:57:45,2630,,INTEREST CREDIT,24192,SUCCESS,
1751,2025-04-29 02:58:07,2676,3619,FUND TRANSFER,902097,SUCCESS,
1752,2025-05-26 12:34:03,756,,DEPOSIT,76247,SUCCESS,
1753,2025-08-31 21:03:47,4212,3454,UPI,2300,SUCCESS,
1754,2025-12-19 07:05:27,539,,DEPOSIT,42128,SUCCESS,
1755,2025-07-04 08:38:17,1160,1663,UPI,7146,SUCCESS,
1756,2025-08-20 03:13:57,4437,928,FUND TRANSFER,184708,SUCCESS,
1757,2025-09-20 18:20:21,2681,,DEPOSIT,38047,FAILED,Beneficiary Not Found
1758,2025-08-26 09:42:07,2392,,ATM WITHDRAWAL,2767,SUCCESS,
1759,2025-12-18 18:35:26,2615,,WITHDRAWAL,31932,SUCCESS,
1760,2025-09-12 23:02:16,3715,3627,FUND TRANSFER,394896,SUCCESS,
1761,2025-03-13 02:07:12,1697,,WITHDRAWAL,45863,SUCCESS,
1762,2025-04-08 12:17:30,3500,2950,IMPS,104350,SUCCESS,
1763,2025-04-28 02:39:04,104,4378,UPI,1991,SUCCESS,
1764,2025-02-23 23:10:26,4298,2929,NEFT,105675,SUCCESS,
1765,2025-12-25 03:56:38,2978,,ATM WITHDRAWAL,4027,SUCCESS,
1766,2025-03-27 02:00:22,1834,4301,IMPS,50934,SUCCESS,
1767,2025-09-21 04:31:18,3279,2074,UPI,7052,SUCCESS,
1768,2025-11-17 07:24:03,4565,4324,UPI,6362,SUCCESS,
1769,2025-01-13 05:05:25,4483,1823,UPI,8906,SUCCESS,
1770,2025-06-14 00:49:48,2748,,WITHDRAWAL,17839,SUCCESS,
1771,2025-08-05 22:07:50,4092,,INTEREST CREDIT,7050,SUCCESS,
1772,2025-12-10 06:48:49,2712,4903,UPI,6802,SUCCESS,
1773,2025-06-25 02:44:46,4388,99,UPI,8827,SUCCESS,
1774,2025-12-12 09:05:59,4133,,ATM WITHDRAWAL,8724,SUCCESS,
1775,2025-06-22 08:52:51,1200,4379,UPI,6466,SUCCESS,
1776,2025-05-18 12:35:19,665,534,UPI,6448,SUCCESS,
1777,2025-12-11 04:42:44,587,,ATM WITHDRAWAL,734,SUCCESS,
1778,2025-05-20 04:33:01,3937,4528,FUND TRANSFER,290161,SUCCESS,
1779,2025-02-13 20:51:54,1337,,ATM WITHDRAWAL,400,FAILED,Insufficient Balance
1780,2025-10-02 10:34:38,4274,4441,UPI,816,SUCCESS,
1781,2025-03-04 22:13:09,3557,1990,UPI,9782,SUCCESS,
1782,2025-07-09 06:12:49,4204,300,IMPS,152290,SUCCESS,
1783,2025-12-06 18:46:37,3842,1137,FUND TRANSFER,228749,SUCCESS,
1784,2025-04-30 05:28:41,4988,4692,FUND TRANSFER,523850,SUCCESS,
1785,2025-08-13 10:41:06,4788,,WITHDRAWAL,21493,SUCCESS,
1786,2025-03-31 21:32:47,3152,3300,UPI,6489,SUCCESS,
1787,2025-02-20 13:40:09,3106,1550,FUND TRANSFER,660800,SUCCESS,
1788,2025-06-19 23:19:22,1515,3846,UPI,2029,SUCCESS,
1789,2025-04-24 20:07:30,2458,,ATM WITHDRAWAL,6213,SUCCESS,
1790,2025-03-18 05:12:41,2826,893,UPI,5603,SUCCESS,
1791,2025-09-07 04:00:36,301,3118,FUND TRANSFER,116251,SUCCESS,
1792,2025-02-01 14:08:57,2705,4915,FUND TRANSFER,500492,SUCCESS,
1793,2025-04-20 17:07:05,3313,1859,FUND TRANSFER,641748,SUCCESS,
1794,2025-01-02 09:18:07,4061,,ATM WITHDRAWAL,7247,SUCCESS,
1795,2025-09-28 22:25:38,788,,WITHDRAWAL,34168,SUCCESS,
1796,2025-04-13 20:08:43,3722,,ATM WITHDRAWAL,5409,SUCCESS,
1797,2025-05-05 03:58:44,1810,1232,IMPS,20338,SUCCESS,
1798,2025-02-19 22:45:06,4797,,WITHDRAWAL,42107,SUCCESS,
1799,2025-05-10 08:26:38,1001,,ATM WITHDRAWAL,9252,SUCCESS,
1800,2025-08-13 08:39:25,2060,3111,FUND TRANSFER,227881,SUCCESS,
1801,2025-10-07 01:11:29,2444,2436,UPI,8747,SUCCESS,
1802,2025-01-07 10:53:03,1516,,DEPOSIT,44134,SUCCESS,
1803,2025-05-14 12:28:30,856,2068,IMPS,45751,SUCCESS,
1804,2025-09-07 03:41:41,1021,1257,FUND TRANSFER,339904,SUCCESS,
1805,2025-06-08 19:08:39,1017,4871,IMPS,64429,SUCCESS,
1806,2025-01-18 19:04:05,860,1134,UPI,9566,SUCCESS,
1807,2025-11-07 04:00:44,3477,,ATM WITHDRAWAL,4644,SUCCESS,
1808,2025-11-30 04:54:22,4336,,INTEREST CREDIT,194,SUCCESS,
1809,2025-04-17 21:47:37,4244,,WITHDRAWAL,23803,SUCCESS,
1810,2025-06-09 00:28:09,3944,,ATM WITHDRAWAL,8668,SUCCESS,
1811,2025-05-21 19:47:50,4014,,WITHDRAWAL,29961,SUCCESS,
1812,2025-09-13 06:14:43,1967,,DEPOSIT,71814,SUCCESS,
1813,2025-04-06 12:35:46,13,807,UPI,8601,SUCCESS,
1814,2025-03-12 01:04:51,3188,1972,UPI,2276,SUCCESS,
1815,2025-07-12 16:13:39,1303,1717,FUND TRANSFER,843514,SUCCESS,
1816,2025-01-29 00:59:35,2911,,WITHDRAWAL,25187,SUCCESS,
1817,2025-12-16 15:29:26,4157,2453,UPI,8453,FAILED,Invalid Account
1818,2025-12-31 20:45:56,1828,,DEPOSIT,77522,SUCCESS,
1819,2025-02-17 13:27:21,4550,4732,UPI,6640,SUCCESS,
1820,2025-01-19 00:39:25,2633,1978,UPI,4941,FAILED,Network Timeout
1821,2025-07-07 16:20:46,1826,,DEPOSIT,79611,SUCCESS,
1822,2025-10-14 09:12:04,180,4125,FUND TRANSFER,550739,SUCCESS,
1823,2025-05-27 11:34:01,3878,484,FUND TRANSFER,445280,SUCCESS,
1824,2025-09-06 05:19:21,4908,3563,FUND TRANSFER,896284,SUCCESS,
1825,2025-03-27 02:57:03,704,,WITHDRAWAL,9945,SUCCESS,
1826,2025-04-06 06:59:14,3986,4464,FUND TRANSFER,814987,SUCCESS,
1827,2025-04-11 18:36:10,3946,1355,FUND TRANSFER,523002,SUCCESS,
1828,2025-02-18 22:09:56,3372,3758,IMPS,150403,SUCCESS,
1829,2025-07-05 15:13:56,1464,3759,FUND TRANSFER,734363,SUCCESS,
1830,2025-07-17 07:47:18,3328,,INTEREST CREDIT,21656,SUCCESS,
1831,2025-07-27 20:03:45,128,3257,UPI,247,SUCCESS,
1832,2025-11-26 19:54:20,4121,571,FUND TRANSFER,330351,SUCCESS,
1833,2025-05-15 21:05:08,4579,238,UPI,8946,SUCCESS,
1834,2025-03-01 01:18:53,1385,4921,IMPS,155113,SUCCESS,
1835,2025-06-15 03:35:07,261,3816,UPI,4575,SUCCESS,
1836,2025-04-10 10:10:52,2518,119,FUND TRANSFER,895999,SUCCESS,
1837,2025-09-08 14:42:48,706,3832,NEFT,37454,SUCCESS,
1838,2025-02-26 09:18:08,1985,3394,NEFT,340919,SUCCESS,
1839,2025-01-27 19:43:00,4086,,ATM WITHDRAWAL,4681,SUCCESS,
1840,2025-02-25 11:26:37,3614,2117,UPI,1031,SUCCESS,
1841,2025-08-02 08:04:13,4375,4657,UPI,8873,SUCCESS,
1842,2025-11-17 22:51:08,4394,2503,FUND TRANSFER,510598,SUCCESS,
1843,2025-06-09 07:03:55,866,3575,UPI,6114,SUCCESS,
1844,2025-01-13 17:39:56,4342,4136,IMPS,5039,SUCCESS,
1845,2025-12-16 21:58:11,469,432,UPI,2520,SUCCESS,
1846,2025-04-11 19:39:57,2560,789,NEFT,160109,SUCCESS,
1847,2025-07-28 04:56:33,1290,,DEPOSIT,13789,SUCCESS,
1848,2025-09-15 11:52:36,4165,1982,IMPS,137393,SUCCESS,
1849,2025-07-30 19:26:29,3130,,WITHDRAWAL,19353,SUCCESS,
1850,2025-03-10 02:15:41,44,,ATM WITHDRAWAL,2338,SUCCESS,
1851,2025-12-03 16:34:26,3901,,ATM WITHDRAWAL,7591,SUCCESS,
1852,2025-04-13 18:40:45,2132,206,UPI,5498,SUCCESS,
1853,2025-04-05 12:05:17,1647,,WITHDRAWAL,6940,SUCCESS,
1854,2025-02-10 02:05:40,2926,,WITHDRAWAL,46864,SUCCESS,
1855,2025-08-09 14:28:57,3315,4987,NEFT,433544,SUCCESS,
1856,2025-11-14 18:39:10,629,4364,UPI,6782,SUCCESS,
1857,2025-05-30 10:05:56,1514,4538,FUND TRANSFER,260970,SUCCESS,
1858,2025-10-25 10:03:26,1829,,ATM WITHDRAWAL,265,SUCCESS,
1859,2025-05-10 01:28:48,442,,WITHDRAWAL,19779,SUCCESS,
1860,2025-01-12 05:10:30,2308,3190,FUND TRANSFER,637143,SUCCESS,
1861,2025-10-13 16:55:06,1694,,WITHDRAWAL,8910,SUCCESS,
1862,2025-03-29 08:55:05,3367,,ATM WITHDRAWAL,9970,SUCCESS,
1863,2025-04-28 20:42:48,4788,1933,FUND TRANSFER,383083,SUCCESS,
1864,2025-10-12 00:26:40,2625,2945,FUND TRANSFER,353050,SUCCESS,
1865,2025-04-06 08:18:21,1178,,ATM WITHDRAWAL,2035,SUCCESS,
1866,2025-04-25 10:27:45,2375,2983,FUND TRANSFER,462505,SUCCESS,
1867,2025-03-17 23:38:56,1867,,ATM WITHDRAWAL,7117,SUCCESS,
1868,2025-12-04 23:31:38,4814,2852,IMPS,65771,FAILED,Beneficiary Not Found
1869,2025-07-30 23:48:33,3506,,DEPOSIT,62134,SUCCESS,
1870,2025-12-22 11:38:07,1041,,ATM WITHDRAWAL,3052,SUCCESS,
1871,2025-08-08 17:33:38,607,,DEPOSIT,91986,SUCCESS,
1872,2025-03-27 03:32:29,3191,1034,UPI,9232,SUCCESS,
1873,2025-03-07 04:03:22,2814,,WITHDRAWAL,35115,SUCCESS,
1874,2025-08-26 01:46:22,1415,,ATM WITHDRAWAL,498,SUCCESS,
1875,2025-09-15 17:05:06,4949,4294,NEFT,436332,SUCCESS,
1876,2025-12-13 11:51:58,3189,,INTEREST CREDIT,14956,SUCCESS,
1877,2025-07-31 17:26:09,4010,,WITHDRAWAL,16949,FAILED,Invalid Account
1878,2025-10-23 18:11:56,738,,ATM WITHDRAWAL,8326,SUCCESS,
1879,2025-01-20 11:48:34,2088,,WITHDRAWAL,40077,SUCCESS,
1880,2025-05-02 20:45:14,4505,1938,UPI,5613,SUCCESS,
1881,2025-10-10 06:20:05,4381,1341,UPI,3053,SUCCESS,
1882,2025-11-21 23:29:17,3207,,ATM WITHDRAWAL,8478,SUCCESS,
1883,2025-09-10 10:55:28,4853,,ATM WITHDRAWAL,8858,SUCCESS,
1884,2025-12-03 01:57:11,43,3109,NEFT,241862,SUCCESS,
1885,2025-09-10 01:50:38,4014,,ATM WITHDRAWAL,8410,SUCCESS,
1886,2025-08-16 20:33:44,4307,,WITHDRAWAL,25534,SUCCESS,
1887,2025-02-14 14:30:10,3038,1752,UPI,3016,SUCCESS,
1888,2025-02-14 19:43:33,3435,772,IMPS,199853,SUCCESS,
1889,2025-07-28 12:33:10,4892,,ATM WITHDRAWAL,6646,SUCCESS,
1890,2025-06-19 22:51:38,4151,4376,UPI,8209,SUCCESS,
1891,2025-01-23 15:16:28,4681,,DEPOSIT,92696,SUCCESS,
1892,2025-04-22 20:12:29,2190,,ATM WITHDRAWAL,4926,FAILED,Daily Limit Exceeded
1893,2025-06-12 01:19:59,4481,2142,FUND TRANSFER,615546,SUCCESS,
1894,2025-05-17 03:49:52,45,4212,NEFT,274178,FAILED,Account Blocked
1895,2025-12-01 19:10:36,2825,,WITHDRAWAL,24569,SUCCESS,
1896,2025-02-20 14:45:18,3995,3610,UPI,8366,SUCCESS,
1897,2025-09-12 19:51:04,1455,178,FUND TRANSFER,815365,FAILED,Daily Limit Exceeded
1898,2025-02-14 18:37:37,1590,,ATM WITHDRAWAL,4449,SUCCESS,
1899,2025-02-28 06:00:34,877,,WITHDRAWAL,47658,SUCCESS,
1900,2025-01-02 09:22:28,4604,1407,NEFT,140186,SUCCESS,
1901,2025-05-29 12:21:48,291,4563,NEFT,103335,SUCCESS,
1902,2025-10-02 01:56:04,1112,,ATM WITHDRAWAL,5168,SUCCESS,
1903,2025-05-01 13:22:54,2451,,DEPOSIT,19282,SUCCESS,
1904,2025-07-10 18:06:02,3690,2242,FUND TRANSFER,656746,SUCCESS,
1905,2025-08-20 18:26:51,256,,WITHDRAWAL,15562,SUCCESS,
1906,2025-04-26 07:22:40,2507,770,NEFT,64044,SUCCESS,
1907,2025-04-29 08:51:16,2093,,INTEREST CREDIT,10694,SUCCESS,
1908,2025-09-13 18:40:27,4505,957,FUND TRANSFER,117763,SUCCESS,
1909,2025-05-24 15:11:50,1037,,WITHDRAWAL,30943,SUCCESS,
1910,2025-06-08 21:09:36,3463,,DEPOSIT,5556,SUCCESS,
1911,2025-06-28 16:32:12,1959,3242,UPI,6010,SUCCESS,
1912,2025-01-05 08:45:19,2793,,WITHDRAWAL,34336,SUCCESS,
1913,2025-11-12 10:42:02,2782,,WITHDRAWAL,12794,SUCCESS,
1914,2025-12-20 12:49:39,4594,3453,IMPS,133798,SUCCESS,
1915,2025-04-18 05:08:06,3364,,WITHDRAWAL,48442,SUCCESS,
1916,2025-09-16 09:41:36,1120,548,FUND TRANSFER,645958,SUCCESS,
1917,2025-07-18 20:24:08,1666,,WITHDRAWAL,36965,SUCCESS,
1918,2025-06-30 23:04:57,2614,155,FUND TRANSFER,485988,SUCCESS,
1919,2025-01-24 15:06:59,135,648,NEFT,19172,SUCCESS,
1920,2025-09-13 12:40:53,3379,,WITHDRAWAL,45345,SUCCESS,
1921,2025-01-23 20:06:32,1863,,ATM WITHDRAWAL,201,SUCCESS,
1922,2025-08-22 19:33:36,3176,,ATM WITHDRAWAL,4475,SUCCESS,
1923,2025-04-19 01:24:31,4444,2841,FUND TRANSFER,603441,SUCCESS,
1924,2025-10-26 23:47:49,2710,2996,FUND TRANSFER,929652,SUCCESS,
1925,2025-09-19 20:37:39,1339,3048,NEFT,51858,SUCCESS,
1926,2025-02-04 14:52:38,756,660,IMPS,96251,SUCCESS,
1927,2025-05-11 18:42:13,684,350,FUND TRANSFER,901737,SUCCESS,
1928,2025-02-27 18:25:28,1901,4209,FUND TRANSFER,446334,SUCCESS,
1929,2025-02-11 21:08:30,2192,1080,UPI,4947,SUCCESS,
1930,2025-07-01 14:22:39,211,2704,FUND TRANSFER,947475,SUCCESS,
1931,2025-09-05 07:08:24,708,,WITHDRAWAL,30388,SUCCESS,
1932,2025-07-13 12:26:18,2090,,WITHDRAWAL,26860,SUCCESS,
1933,2025-04-04 23:19:03,1149,,ATM WITHDRAWAL,4396,SUCCESS,
1934,2025-06-23 23:05:12,3951,4683,NEFT,410645,SUCCESS,
1935,2025-09-25 00:25:02,3133,3044,FUND TRANSFER,822385,SUCCESS,
1936,2025-10-21 07:10:17,1684,,ATM WITHDRAWAL,5557,SUCCESS,
1937,2025-04-26 09:05:26,1969,,ATM WITHDRAWAL,1596,SUCCESS,
1938,2025-09-25 15:03:56,818,3984,FUND TRANSFER,524141,SUCCESS,
1939,2025-07-22 08:34:45,304,,WITHDRAWAL,25221,SUCCESS,
1940,2025-02-20 23:20:58,2630,,ATM WITHDRAWAL,6135,SUCCESS,
1941,2025-04-21 12:32:52,115,2664,NEFT,321356,SUCCESS,
1942,2025-09-25 10:59:22,489,,WITHDRAWAL,47136,SUCCESS,
1943,2025-01-19 02:33:40,1851,4154,UPI,1018,SUCCESS,
1944,2025-11-05 17:57:28,638,,INTEREST CREDIT,20547,SUCCESS,
1945,2025-05-12 17:51:53,3174,2372,IMPS,133994,SUCCESS,
1946,2025-06-04 01:39:27,3209,903,FUND TRANSFER,983072,SUCCESS,
1947,2025-08-21 05:41:40,4011,,ATM WITHDRAWAL,8503,SUCCESS,
1948,2025-02-19 00:11:15,668,323,UPI,2229,SUCCESS,
1949,2025-12-05 22:13:42,3175,1423,FUND TRANSFER,826622,SUCCESS,
1950,2025-11-02 04:19:45,4564,1890,UPI,2008,SUCCESS,
1951,2025-05-02 10:59:45,942,4255,UPI,7850,SUCCESS,
1952,2025-11-07 16:12:14,2106,,DEPOSIT,32386,SUCCESS,
1953,2025-12-27 14:15:08,2202,,DEPOSIT,72456,SUCCESS,
1954,2025-02-28 15:05:32,2599,3418,NEFT,299493,SUCCESS,
1955,2025-12-23 23:01:56,301,2918,UPI,5673,FAILED,Beneficiary Not Found
1956,2025-03-27 20:05:42,3961,4133,UPI,1419,SUCCESS,
1957,2025-08-10 18:07:24,3814,,WITHDRAWAL,10513,SUCCESS,
1958,2025-07-23 17:46:45,2119,1548,FUND TRANSFER,894227,SUCCESS,
1959,2025-07-23 05:00:08,4055,,DEPOSIT,76824,SUCCESS,
1960,2025-09-06 08:36:19,297,,ATM WITHDRAWAL,365,SUCCESS,
1961,2025-02-12 15:51:20,2739,491,NEFT,46148,SUCCESS,
1962,2025-02-22 01:18:24,2249,311,UPI,2539,SUCCESS,
1963,2025-03-04 11:43:26,638,,ATM WITHDRAWAL,9812,SUCCESS,
1964,2025-08-07 23:41:46,4154,1250,FUND TRANSFER,775016,SUCCESS,
1965,2025-02-19 01:05:22,2768,,WITHDRAWAL,48286,SUCCESS,
1966,2025-08-14 20:54:34,1466,4991,UPI,1330,SUCCESS,
1967,2025-03-09 15:43:46,2610,,ATM WITHDRAWAL,8601,SUCCESS,
1968,2025-04-30 15:00:28,2009,4983,UPI,8711,SUCCESS,
1969,2025-05-11 14:21:29,3863,,ATM WITHDRAWAL,3250,SUCCESS,
1970,2025-05-17 05:10:33,1312,1575,FUND TRANSFER,3158,SUCCESS,
1971,2025-03-01 05:00:05,3062,4768,NEFT,288554,SUCCESS,
1972,2025-12-30 13:08:19,2963,,ATM WITHDRAWAL,1874,FAILED,Beneficiary Not Found
1973,2025-08-25 15:17:26,3969,,ATM WITHDRAWAL,4493,SUCCESS,
1974,2025-11-09 22:35:18,482,2264,UPI,9406,SUCCESS,
1975,2025-04-22 16:57:25,2245,,WITHDRAWAL,26115,SUCCESS,
1976,2025-11-30 13:14:20,2964,1485,UPI,6733,SUCCESS,
1977,2025-04-02 04:38:35,659,3341,UPI,5303,SUCCESS,
1978,2025-04-22 02:34:14,3608,1450,FUND TRANSFER,461287,SUCCESS,
1979,2025-02-15 22:54:52,4442,,DEPOSIT,76264,SUCCESS,
1980,2025-03-17 21:45:17,1294,,WITHDRAWAL,31266,SUCCESS,
1981,2025-02-27 08:12:39,100,4493,UPI,7430,SUCCESS,
1982,2025-06-03 02:35:49,1016,3765,UPI,7896,SUCCESS,
1983,2025-11-19 09:26:12,2148,,WITHDRAWAL,10707,SUCCESS,
1984,2025-04-01 19:47:49,2889,2025,NEFT,65371,SUCCESS,
1985,2025-05-16 00:02:27,149,4145,NEFT,337715,SUCCESS,
1986,2025-01-30 09:11:43,748,1653,IMPS,1802,SUCCESS,
1987,2025-05-14 09:39:23,3523,1914,UPI,1999,SUCCESS,
1988,2025-02-15 21:14:38,674,1044,UPI,5463,SUCCESS,
1989,2025-11-29 13:11:40,3186,772,UPI,2098,SUCCESS,
1990,2025-09-11 13:47:06,3977,,ATM WITHDRAWAL,7425,SUCCESS,
1991,2025-01-15 11:47:00,2297,524,IMPS,30214,SUCCESS,
1992,2025-07-25 16:24:47,4779,,ATM WITHDRAWAL,7730,SUCCESS,
1993,2025-03-06 06:04:57,175,,ATM WITHDRAWAL,1891,SUCCESS,
1994,2025-11-08 13:40:07,234,,INTEREST CREDIT,24102,SUCCESS,
1995,2025-02-20 07:34:39,2581,4356,FUND TRANSFER,289300,SUCCESS,
1996,2025-10-16 21:51:48,4438,1499,IMPS,148853,SUCCESS,
1997,2025-05-18 12:10:38,4541,1861,FUND TRANSFER,743462,SUCCESS,
1998,2025-08-01 20:11:54,4506,,INTEREST CREDIT,14473,SUCCESS,
1999,2025-10-14 18:07:41,493,1939,FUND TRANSFER,214161,SUCCESS,
2000,2025-07-18 10:33:08,492,,DEPOSIT,82954,SUCCESS,
2001,2025-06-01 00:39:13,193,454,UPI,9471,SUCCESS,
2002,2025-02-05 18:58:46,4854,916,IMPS,47669,SUCCESS,
2003,2025-08-02 10:59:51,1430,1760,IMPS,26464,SUCCESS,
2004,2025-04-21 22:32:58,958,2942,UPI,4517,FAILED,Daily Limit Exceeded
2005,2025-02-25 01:34:48,1576,1984,IMPS,91480,SUCCESS,
2006,2025-03-25 15:59:52,1467,,DEPOSIT,74652,SUCCESS,
2007,2025-01-23 11:04:01,215,,ATM WITHDRAWAL,8923,SUCCESS,
2008,2025-02-25 00:15:02,1329,975,UPI,5401,SUCCESS,
2009,2025-10-21 20:51:10,1999,,DEPOSIT,35397,SUCCESS,
2010,2025-10-16 15:51:51,1257,,ATM WITHDRAWAL,6105,SUCCESS,
2011,2025-09-09 15:34:17,2821,2057,FUND TRANSFER,383597,SUCCESS,
2012,2025-01-04 18:20:17,3423,,WITHDRAWAL,7265,SUCCESS,
2013,2025-11-20 06:30:08,1567,,ATM WITHDRAWAL,6954,SUCCESS,
2014,2025-11-27 15:27:41,451,1641,IMPS,131030,SUCCESS,
2015,2025-01-29 12:33:04,456,3934,UPI,263,SUCCESS,
2016,2025-04-03 14:08:47,3802,3071,UPI,8590,SUCCESS,
2017,2025-11-24 15:32:19,1001,,DEPOSIT,21436,SUCCESS,
2018,2025-11-18 07:56:28,152,,ATM WITHDRAWAL,8548,SUCCESS,
2019,2025-09-13 06:03:18,772,2483,FUND TRANSFER,942419,SUCCESS,
2020,2025-01-24 10:14:43,290,4100,UPI,6977,SUCCESS,
2021,2025-07-11 13:06:49,1449,,ATM WITHDRAWAL,9888,SUCCESS,
2022,2025-03-24 09:17:15,3203,1585,NEFT,141418,SUCCESS,
2023,2025-04-24 08:05:24,4150,4363,IMPS,89272,SUCCESS,
2024,2025-08-24 21:11:53,4155,,WITHDRAWAL,10097,SUCCESS,
2025,2025-10-24 20:13:06,3798,,ATM WITHDRAWAL,7764,SUCCESS,
2026,2025-02-07 14:59:43,1182,3758,UPI,9995,SUCCESS,
2027,2025-09-30 06:38:37,4229,2565,FUND TRANSFER,64864,SUCCESS,
2028,2025-05-21 18:44:14,2826,,ATM WITHDRAWAL,6653,SUCCESS,
2029,2025-04-29 17:12:53,4231,,WITHDRAWAL,48222,SUCCESS,
2030,2025-10-08 14:07:15,4848,,ATM WITHDRAWAL,5921,SUCCESS,
2031,2025-08-03 05:18:02,3913,2679,UPI,2576,SUCCESS,
2032,2025-08-11 14:56:42,8,1433,NEFT,293453,SUCCESS,
2033,2025-05-01 17:21:03,143,2460,FUND TRANSFER,488054,FAILED,Invalid Account
2034,2025-07-30 00:42:33,327,,ATM WITHDRAWAL,9652,SUCCESS,
2035,2025-02-23 03:42:54,2582,,WITHDRAWAL,18803,SUCCESS,
2036,2025-07-03 21:24:12,4085,,DEPOSIT,10284,SUCCESS,
2037,2025-01-05 19:32:31,61,,ATM WITHDRAWAL,878,SUCCESS,
2038,2025-04-26 05:59:22,1361,,WITHDRAWAL,33644,SUCCESS,
2039,2025-09-02 07:54:30,3596,2574,FUND TRANSFER,160711,SUCCESS,
2040,2025-02-12 17:43:46,166,,ATM WITHDRAWAL,823,SUCCESS,
2041,2025-02-12 16:20:27,4804,1653,UPI,5998,SUCCESS,
2042,2025-10-06 22:29:01,1630,1135,FUND TRANSFER,35643,SUCCESS,
2043,2025-07-06 01:45:14,4803,2662,IMPS,120008,FAILED,Network Timeout
2044,2025-10-02 19:01:38,1825,3567,UPI,8226,SUCCESS,
2045,2025-02-26 14:34:32,2569,,WITHDRAWAL,26667,SUCCESS,
2046,2025-05-17 12:31:27,790,2439,FUND TRANSFER,859542,FAILED,Invalid Account
2047,2025-09-02 18:59:39,1822,1009,UPI,4230,SUCCESS,
2048,2025-05-03 06:17:07,2136,,ATM WITHDRAWAL,217,FAILED,Beneficiary Not Found
2049,2025-01-10 07:37:46,3955,3836,FUND TRANSFER,186324,SUCCESS,
2050,2025-08-24 06:10:00,592,610,FUND TRANSFER,858743,SUCCESS,
2051,2025-07-20 16:31:08,51,856,FUND TRANSFER,505639,SUCCESS,
2052,2025-03-23 23:23:18,3549,4879,FUND TRANSFER,434074,SUCCESS,
2053,2025-07-05 20:55:34,4168,2497,FUND TRANSFER,319169,SUCCESS,
2054,2025-10-31 14:45:55,2664,,WITHDRAWAL,9549,SUCCESS,
2055,2025-07-13 01:19:48,1046,1053,NEFT,95475,SUCCESS,
2056,2025-06-21 20:47:15,1163,,WITHDRAWAL,35456,SUCCESS,
2057,2025-05-13 13:51:38,1351,,DEPOSIT,71721,SUCCESS,
2058,2025-04-10 23:22:21,697,,DEPOSIT,2404,SUCCESS,
2059,2025-03-10 23:27:33,1084,1679,UPI,8256,SUCCESS,
2060,2025-06-11 02:00:55,2155,,DEPOSIT,24260,SUCCESS,
2061,2025-11-27 11:42:08,3321,4540,FUND TRANSFER,112015,SUCCESS,
2062,2025-05-02 23:23:17,1504,4927,UPI,5277,FAILED,Account Blocked
2063,2025-06-15 03:32:27,1749,2250,NEFT,390767,SUCCESS,
2064,2025-04-01 14:54:23,4830,3999,UPI,2818,SUCCESS,
2065,2025-01-07 00:42:00,1016,,ATM WITHDRAWAL,5026,SUCCESS,
2066,2025-07-12 07:56:08,3421,3235,UPI,1903,SUCCESS,
2067,2025-12-02 06:49:01,1854,1791,FUND TRANSFER,863535,SUCCESS,
2068,2025-06-22 02:16:15,3206,428,UPI,2820,SUCCESS,
2069,2025-02-08 20:46:42,3129,114,IMPS,79963,SUCCESS,
2070,2025-02-15 23:24:52,4519,3573,UPI,9174,SUCCESS,
2071,2025-09-22 19:22:40,770,1363,IMPS,76350,FAILED,Account Blocked
2072,2025-02-04 17:29:11,111,1244,NEFT,212930,SUCCESS,
2073,2025-07-03 12:38:48,4430,1226,FUND TRANSFER,391327,SUCCESS,
2074,2025-01-31 03:41:59,4756,4074,FUND TRANSFER,302677,SUCCESS,
2075,2025-03-18 07:36:15,561,2501,UPI,3635,SUCCESS,
2076,2025-11-23 10:00:26,16,,DEPOSIT,68118,SUCCESS,
2077,2025-11-24 14:22:29,1146,4336,NEFT,312124,SUCCESS,
2078,2025-01-13 06:37:47,2115,,DEPOSIT,20314,SUCCESS,
2079,2025-06-27 07:42:09,170,413,FUND TRANSFER,748313,SUCCESS,
2080,2025-06-15 23:06:17,1590,577,UPI,5876,SUCCESS,
2081,2025-03-22 09:05:15,150,4094,FUND TRANSFER,833456,SUCCESS,
2082,2025-05-13 17:50:33,2940,,ATM WITHDRAWAL,9442,SUCCESS,
2083,2025-08-05 22:41:25,3939,2040,IMPS,173130,SUCCESS,
2084,2025-09-23 00:58:57,1702,3614,UPI,8593,SUCCESS,
2085,2025-03-17 02:59:06,4919,1186,IMPS,173389,SUCCESS,
2086,2025-09-08 05:22:40,1157,,WITHDRAWAL,34244,SUCCESS,
2087,2025-12-07 02:47:20,1394,853,FUND TRANSFER,131658,SUCCESS,
2088,2025-06-02 21:58:52,382,1843,FUND TRANSFER,291944,SUCCESS,
2089,2025-10-11 13:54:47,2788,4108,NEFT,461677,SUCCESS,
2090,2025-11-16 23:48:58,3943,1634,FUND TRANSFER,61846,SUCCESS,
2091,2025-10-08 15:42:32,2984,4178,UPI,520,SUCCESS,
2092,2025-02-12 02:37:23,4102,2722,UPI,5794,SUCCESS,
2093,2025-10-18 21:12:15,2019,50,UPI,7721,SUCCESS,
2094,2025-09-18 13:44:11,1567,3518,UPI,1072,SUCCESS,
2095,2025-01-23 13:36:26,4919,823,UPI,4695,SUCCESS,
2096,2025-04-01 01:43:24,130,2431,FUND TRANSFER,635365,SUCCESS,
2097,2025-01-06 11:42:33,2855,2832,UPI,9023,SUCCESS,
2098,2025-01-01 15:15:08,1158,3303,IMPS,115078,SUCCESS,
2099,2025-06-25 11:29:11,1749,,ATM WITHDRAWAL,1348,SUCCESS,
2100,2025-07-04 15:42:43,188,2324,FUND TRANSFER,123664,SUCCESS,
2101,2025-12-30 06:51:47,302,3379,NEFT,350332,SUCCESS,
2102,2025-04-30 06:42:11,812,3250,UPI,728,SUCCESS,
2103,2025-04-08 05:36:05,4340,1145,UPI,9822,SUCCESS,
2104,2025-06-20 15:01:03,3681,,WITHDRAWAL,5777,SUCCESS,
2105,2025-03-20 17:47:18,3312,,ATM WITHDRAWAL,610,SUCCESS,
2106,2025-09-01 14:56:20,494,2693,FUND TRANSFER,253497,SUCCESS,
2107,2025-07-09 08:11:54,1379,2946,UPI,5866,SUCCESS,
2108,2025-09-19 02:43:56,4280,,WITHDRAWAL,27584,SUCCESS,
2109,2025-09-14 12:09:47,3101,,ATM WITHDRAWAL,2435,SUCCESS,
2110,2025-01-10 10:59:02,3157,3390,FUND TRANSFER,386182,SUCCESS,
2111,2025-07-06 22:04:43,2732,2772,FUND TRANSFER,573792,SUCCESS,
2112,2025-06-03 10:36:29,3574,2415,NEFT,253406,SUCCESS,
2113,2025-08-10 10:41:15,4980,4114,NEFT,154182,SUCCESS,
2114,2025-02-28 22:59:05,3108,297,NEFT,474919,SUCCESS,
2115,2025-03-16 07:28:31,4775,4044,UPI,625,SUCCESS,
2116,2025-02-23 02:26:34,3826,4916,NEFT,259120,SUCCESS,
2117,2025-09-05 06:15:46,2454,3376,IMPS,24068,SUCCESS,
2118,2025-06-25 18:47:13,3403,1774,UPI,178,SUCCESS,
2119,2025-11-25 22:00:13,3941,3073,FUND TRANSFER,979938,SUCCESS,
2120,2025-12-01 01:52:40,4133,,WITHDRAWAL,33123,SUCCESS,
2121,2025-12-25 04:14:19,1830,,ATM WITHDRAWAL,8977,SUCCESS,
2122,2025-08-31 16:51:01,4455,921,UPI,933,SUCCESS,
2123,2025-10-11 10:50:32,3548,,ATM WITHDRAWAL,822,SUCCESS,
2124,2025-07-05 11:59:06,958,,ATM WITHDRAWAL,1948,SUCCESS,
2125,2025-06-08 06:59:01,4050,958,NEFT,318942,SUCCESS,
2126,2025-09-10 06:27:40,440,1214,UPI,4248,SUCCESS,
2127,2025-03-26 23:24:41,2122,1901,IMPS,160099,SUCCESS,
2128,2025-08-09 19:31:53,1339,,WITHDRAWAL,34885,SUCCESS,
2129,2025-06-21 09:46:56,3513,4820,NEFT,353927,SUCCESS,
2130,2025-03-07 08:05:25,2605,3684,NEFT,356394,SUCCESS,
2131,2025-02-15 22:44:02,2011,2610,FUND TRANSFER,314181,SUCCESS,
2132,2025-02-24 01:01:12,1340,4134,IMPS,22672,SUCCESS,
2133,2025-02-28 17:54:53,815,622,FUND TRANSFER,137623,SUCCESS,
2134,2025-11-18 21:33:59,1017,,ATM WITHDRAWAL,5337,SUCCESS,
2135,2025-11-08 18:06:38,1341,2208,FUND TRANSFER,815387,SUCCESS,
2136,2025-02-22 06:58:34,1116,2205,UPI,7268,SUCCESS,
2137,2025-10-17 15:31:16,4838,,WITHDRAWAL,36060,SUCCESS,
2138,2025-07-16 03:52:13,3664,,WITHDRAWAL,33986,SUCCESS,
2139,2025-02-14 22:25:47,4657,3021,FUND TRANSFER,960523,SUCCESS,
2140,2025-02-19 16:27:08,678,1061,UPI,2054,SUCCESS,
2141,2025-06-18 11:08:00,2306,4557,IMPS,190671,SUCCESS,
2142,2025-11-22 08:49:41,4453,2347,UPI,1595,SUCCESS,
2143,2025-12-11 06:34:01,381,4175,UPI,407,SUCCESS,
2144,2025-08-23 01:27:26,3354,1142,UPI,7666,SUCCESS,
2145,2025-03-03 05:28:16,66,3476,IMPS,42964,SUCCESS,
2146,2025-06-12 07:25:46,1126,,DEPOSIT,5811,SUCCESS,
2147,2025-08-28 22:38:51,1944,3268,FUND TRANSFER,81717,SUCCESS,
2148,2025-05-18 08:26:48,2681,2500,FUND TRANSFER,737430,SUCCESS,
2149,2025-11-27 05:59:58,4995,,DEPOSIT,58181,SUCCESS,
2150,2025-08-18 12:46:02,1781,,DEPOSIT,12383,SUCCESS,
2151,2025-01-05 09:42:59,2088,,WITHDRAWAL,23431,SUCCESS,
2152,2025-10-05 19:58:51,97,,WITHDRAWAL,45062,SUCCESS,
2153,2025-01-01 08:11:55,4484,3220,UPI,6067,SUCCESS,
2154,2025-05-17 00:51:57,1407,752,FUND TRANSFER,41361,SUCCESS,
2155,2025-08-28 02:37:21,672,1015,FUND TRANSFER,153081,SUCCESS,
2156,2025-09-25 05:23:09,2239,,WITHDRAWAL,8446,SUCCESS,
2157,2025-08-04 03:20:33,3617,4219,IMPS,52798,SUCCESS,
2158,2025-02-11 23:18:13,3123,,DEPOSIT,43947,SUCCESS,
2159,2025-06-24 00:31:50,210,4970,NEFT,163458,SUCCESS,
2160,2025-10-07 01:23:05,2429,4596,NEFT,75657,SUCCESS,
2161,2025-01-30 23:27:15,1079,4848,IMPS,147714,SUCCESS,
2162,2025-06-18 13:52:52,1604,3680,FUND TRANSFER,196399,SUCCESS,
2163,2025-12-11 06:25:46,2576,,WITHDRAWAL,34707,SUCCESS,
2164,2025-02-22 15:35:20,2494,3976,UPI,22,SUCCESS,
2165,2025-11-13 06:36:49,2156,4009,FUND TRANSFER,669762,SUCCESS,
2166,2025-05-20 13:39:34,228,,ATM WITHDRAWAL,145,SUCCESS,
2167,2025-10-07 02:07:45,196,4342,UPI,9483,SUCCESS,
2168,2025-01-04 08:39:15,1798,2017,NEFT,212981,SUCCESS,
2169,2025-01-24 21:54:43,598,3476,UPI,5319,SUCCESS,
2170,2025-03-04 07:04:10,504,,ATM WITHDRAWAL,449,SUCCESS,
2171,2025-11-22 08:12:48,1211,250,UPI,3162,SUCCESS,
2172,2025-03-27 22:33:02,730,1473,FUND TRANSFER,166557,SUCCESS,
2173,2025-06-22 06:34:20,4302,,WITHDRAWAL,23573,SUCCESS,
2174,2025-04-02 18:53:31,3305,,ATM WITHDRAWAL,2828,SUCCESS,
2175,2025-07-28 08:09:16,2877,,ATM WITHDRAWAL,4631,SUCCESS,
2176,2025-01-21 08:08:42,873,2470,UPI,7199,SUCCESS,
2177,2025-02-22 16:34:17,147,1979,FUND TRANSFER,531747,SUCCESS,
2178,2025-02-26 13:59:50,4305,,ATM WITHDRAWAL,6664,FAILED,Invalid Account
2179,2025-04-21 19:30:27,4538,2553,NEFT,40756,SUCCESS,
2180,2025-12-30 10:56:59,165,,INTEREST CREDIT,20603,SUCCESS,
2181,2025-02-14 01:07:02,4381,,ATM WITHDRAWAL,6536,SUCCESS,
2182,2025-02-10 22:30:59,2485,3108,FUND TRANSFER,611690,SUCCESS,
2183,2025-04-29 20:54:06,1827,4446,NEFT,278298,SUCCESS,
2184,2025-12-10 04:37:42,3285,,WITHDRAWAL,39215,SUCCESS,
2185,2025-01-05 05:40:04,3968,3676,NEFT,427929,SUCCESS,
2186,2025-04-02 14:43:59,1488,,ATM WITHDRAWAL,6737,SUCCESS,
2187,2025-06-13 13:16:11,4796,,ATM WITHDRAWAL,164,SUCCESS,
2188,2025-10-10 19:01:06,4576,,DEPOSIT,90853,FAILED,Daily Limit Exceeded
2189,2025-03-27 14:31:12,168,4858,UPI,8906,SUCCESS,
2190,2025-11-13 05:11:48,2894,1843,FUND TRANSFER,498506,SUCCESS,
2191,2025-05-10 18:16:19,632,1219,UPI,3035,SUCCESS,
2192,2025-04-01 09:16:02,773,3755,UPI,1909,SUCCESS,
2193,2025-07-31 11:10:42,3265,206,UPI,5039,SUCCESS,
2194,2025-08-16 02:07:38,4405,,WITHDRAWAL,5830,SUCCESS,
2195,2025-09-24 01:49:13,789,2760,FUND TRANSFER,641965,SUCCESS,
2196,2025-10-04 10:58:47,4574,1746,UPI,9305,SUCCESS,
2197,2025-10-13 19:20:24,1260,106,FUND TRANSFER,831866,SUCCESS,
2198,2025-06-12 02:44:42,3081,,DEPOSIT,23685,SUCCESS,
2199,2025-02-08 02:17:47,3507,,ATM WITHDRAWAL,6632,SUCCESS,
2200,2025-09-23 06:27:02,883,4443,IMPS,86822,SUCCESS,
2201,2025-03-14 13:28:55,737,3169,UPI,6280,SUCCESS,
2202,2025-11-10 16:34:01,4270,,DEPOSIT,75950,SUCCESS,
2203,2025-03-23 04:50:53,226,1745,NEFT,198871,SUCCESS,
2204,2025-05-19 11:54:21,1982,,DEPOSIT,54428,SUCCESS,
2205,2025-07-12 22:29:35,3613,,ATM WITHDRAWAL,8895,SUCCESS,
2206,2025-08-11 07:27:57,1299,,ATM WITHDRAWAL,4675,SUCCESS,
2207,2025-04-28 05:00:47,1921,,DEPOSIT,51019,SUCCESS,
2208,2025-08-04 07:39:06,864,,ATM WITHDRAWAL,5896,SUCCESS,
2209,2025-03-28 04:15:26,1308,1561,IMPS,163632,SUCCESS,
2210,2025-01-29 17:50:51,544,4357,IMPS,85675,SUCCESS,
2211,2025-07-29 08:50:53,3342,,WITHDRAWAL,46381,SUCCESS,
2212,2025-04-13 16:20:58,2005,,DEPOSIT,19592,SUCCESS,
2213,2025-10-18 20:29:31,2685,1170,UPI,6867,SUCCESS,
2214,2025-04-22 17:53:38,3511,,ATM WITHDRAWAL,6041,SUCCESS,
2215,2025-10-17 21:37:54,3193,,ATM WITHDRAWAL,9370,SUCCESS,
2216,2025-07-12 18:07:49,2549,,DEPOSIT,53102,SUCCESS,
2217,2025-09-17 22:19:18,382,2727,UPI,2243,SUCCESS,
2218,2025-02-28 02:08:49,3986,714,FUND TRANSFER,202540,SUCCESS,
2219,2025-01-29 18:38:46,3704,4211,UPI,6393,SUCCESS,
2220,2025-01-27 15:00:16,2613,4385,FUND TRANSFER,12284,SUCCESS,
2221,2025-06-30 08:31:34,3191,,WITHDRAWAL,31222,SUCCESS,
2222,2025-07-21 01:00:14,2603,1280,UPI,7925,SUCCESS,
2223,2025-04-06 16:19:20,2868,3954,UPI,9001,SUCCESS,
2224,2025-01-06 04:49:24,4770,3603,UPI,1617,SUCCESS,
2225,2025-04-04 12:49:09,756,,DEPOSIT,94526,SUCCESS,
2226,2025-05-13 13:58:16,4083,,ATM WITHDRAWAL,3333,SUCCESS,
2227,2025-03-26 02:38:23,4948,,ATM WITHDRAWAL,7485,SUCCESS,
2228,2025-12-20 16:19:37,3413,110,UPI,4157,SUCCESS,
2229,2025-03-01 05:23:58,1771,,ATM WITHDRAWAL,1065,SUCCESS,
2230,2025-09-04 17:47:03,373,,ATM WITHDRAWAL,679,SUCCESS,
2231,2025-11-26 22:50:25,3715,2115,NEFT,122507,SUCCESS,
2232,2025-10-06 00:47:47,313,,DEPOSIT,25494,SUCCESS,
2233,2025-08-02 17:22:26,3674,2697,IMPS,149378,SUCCESS,
2234,2025-06-11 00:09:05,1617,4288,UPI,959,SUCCESS,
2235,2025-11-24 05:58:56,2275,1170,FUND TRANSFER,489646,SUCCESS,
2236,2025-09-12 08:59:00,2825,3734,FUND TRANSFER,764000,SUCCESS,
2237,2025-12-30 08:43:21,1949,276,NEFT,139416,SUCCESS,
2238,2025-10-26 13:55:19,129,4412,UPI,8287,SUCCESS,
2239,2025-07-02 17:33:06,1778,,ATM WITHDRAWAL,6184,SUCCESS,
2240,2025-11-14 14:57:38,3389,3384,UPI,6885,SUCCESS,
2241,2025-08-05 02:04:02,355,1459,NEFT,327509,SUCCESS,
2242,2025-03-05 20:56:22,85,1448,IMPS,196423,SUCCESS,
2243,2025-01-10 21:29:53,3806,444,FUND TRANSFER,927377,SUCCESS,
2244,2025-08-12 08:59:48,2390,565,IMPS,87864,SUCCESS,
2245,2025-10-16 10:33:42,1583,,ATM WITHDRAWAL,204,SUCCESS,
2246,2025-07-23 20:42:12,304,,WITHDRAWAL,32509,SUCCESS,
2247,2025-12-22 13:51:20,4263,4885,IMPS,21516,SUCCESS,
2248,2025-09-09 13:33:01,170,2324,NEFT,250572,SUCCESS,
2249,2025-07-08 00:47:51,2101,103,UPI,140,SUCCESS,
2250,2025-11-08 07:34:11,1321,427,IMPS,48152,SUCCESS,
2251,2025-04-02 02:52:37,4247,,DEPOSIT,24329,SUCCESS,
2252,2025-05-30 22:55:10,2964,,WITHDRAWAL,7144,SUCCESS,
2253,2025-11-06 18:05:49,3205,986,IMPS,164218,SUCCESS,
2254,2025-08-13 02:18:16,2205,1690,UPI,3340,SUCCESS,
2255,2025-12-24 00:48:00,840,,ATM WITHDRAWAL,6473,SUCCESS,
2256,2025-06-01 19:11:13,2333,4923,FUND TRANSFER,674943,SUCCESS,
2257,2025-05-27 21:47:42,2816,,ATM WITHDRAWAL,1883,SUCCESS,
2258,2025-06-29 23:56:05,4054,,INTEREST CREDIT,11357,SUCCESS,
2259,2025-11-18 10:06:12,734,,DEPOSIT,84073,SUCCESS,
2260,2025-02-23 01:29:37,3219,1877,UPI,9196,SUCCESS,
2261,2025-06-11 21:07:05,507,592,UPI,2621,SUCCESS,
2262,2025-05-07 00:10:17,698,,DEPOSIT,77896,SUCCESS,
2263,2025-08-28 16:54:25,2054,4361,UPI,4571,SUCCESS,
2264,2025-12-17 13:20:32,89,43,FUND TRANSFER,804249,SUCCESS,
2265,2025-02-02 08:12:26,4246,,WITHDRAWAL,24715,SUCCESS,
2266,2025-02-22 22:24:55,3644,,ATM WITHDRAWAL,1593,SUCCESS,
2267,2025-06-21 11:22:30,3849,2402,FUND TRANSFER,740983,SUCCESS,
2268,2025-06-27 21:34:57,2353,,WITHDRAWAL,18463,SUCCESS,
2269,2025-02-28 12:12:19,2289,,DEPOSIT,19756,SUCCESS,
2270,2025-01-02 00:21:31,189,586,FUND TRANSFER,445898,SUCCESS,
2271,2025-10-10 20:42:32,4224,2835,IMPS,116722,SUCCESS,
2272,2025-01-25 18:38:15,4986,4746,UPI,5493,SUCCESS,
2273,2025-01-27 21:23:45,4776,2262,UPI,1077,SUCCESS,
2274,2025-11-04 12:41:27,1550,1345,FUND TRANSFER,954487,SUCCESS,
2275,2025-02-22 15:01:53,438,,WITHDRAWAL,23798,SUCCESS,
2276,2025-03-12 23:02:50,2112,1377,UPI,6452,SUCCESS,
2277,2025-07-02 10:40:30,1784,2589,IMPS,100168,SUCCESS,
2278,2025-10-01 12:36:25,2392,,ATM WITHDRAWAL,4271,SUCCESS,
2279,2025-03-11 15:21:21,4248,,DEPOSIT,95236,SUCCESS,
2280,2025-09-02 15:42:13,814,,DEPOSIT,94608,SUCCESS,
2281,2025-12-30 20:30:40,4523,,WITHDRAWAL,30899,SUCCESS,
2282,2025-05-15 15:04:21,3616,,ATM WITHDRAWAL,7347,SUCCESS,
2283,2025-08-30 07:15:38,1234,354,NEFT,424230,SUCCESS,
2284,2025-04-15 00:31:44,2198,,WITHDRAWAL,26721,SUCCESS,
2285,2025-12-19 21:57:52,4131,,DEPOSIT,69254,SUCCESS,
2286,2025-10-17 12:20:56,3871,,ATM WITHDRAWAL,8287,SUCCESS,
2287,2025-12-10 17:17:08,1544,,DEPOSIT,49392,SUCCESS,
2288,2025-08-21 14:03:40,734,1065,FUND TRANSFER,731627,SUCCESS,
2289,2025-05-31 00:06:48,1357,99,UPI,9327,SUCCESS,
2290,2025-01-26 05:26:10,2981,1764,FUND TRANSFER,334692,SUCCESS,
2291,2025-11-17 05:30:52,1984,3479,UPI,9085,SUCCESS,
2292,2025-03-28 22:21:34,908,,ATM WITHDRAWAL,4613,SUCCESS,
2293,2025-11-24 07:01:01,4332,1319,UPI,7230,SUCCESS,
2294,2025-01-17 00:30:21,3805,,ATM WITHDRAWAL,458,SUCCESS,
2295,2025-07-19 23:38:14,3101,,ATM WITHDRAWAL,6599,SUCCESS,
2296,2025-12-16 01:40:53,652,,ATM WITHDRAWAL,2163,FAILED,Beneficiary Not Found
2297,2025-12-07 23:51:07,3063,,DEPOSIT,52590,SUCCESS,
2298,2025-09-16 06:19:02,3427,1658,UPI,7775,SUCCESS,
2299,2025-07-03 14:50:50,2320,,DEPOSIT,13618,SUCCESS,
2300,2025-02-11 15:01:18,1133,965,IMPS,63650,SUCCESS,
2301,2025-11-20 00:28:06,276,584,NEFT,206870,SUCCESS,
2302,2025-12-18 00:18:28,3293,1632,IMPS,50118,SUCCESS,
2303,2025-08-25 15:23:26,3504,3039,NEFT,51359,SUCCESS,
2304,2025-02-04 17:57:39,4134,863,UPI,1347,SUCCESS,
2305,2025-10-03 23:47:00,287,2599,UPI,9929,SUCCESS,
2306,2025-09-22 10:52:51,1109,1021,FUND TRANSFER,270249,SUCCESS,
2307,2025-12-07 01:20:17,4122,,DEPOSIT,84943,SUCCESS,
2308,2025-02-21 19:14:18,3492,,ATM WITHDRAWAL,8570,SUCCESS,
2309,2025-08-24 12:19:25,4945,1681,UPI,6800,SUCCESS,
2310,2025-09-18 22:26:00,879,,WITHDRAWAL,30728,SUCCESS,
2311,2025-04-17 07:29:06,3582,2986,FUND TRANSFER,540744,SUCCESS,
2312,2025-04-22 14:01:34,2108,3200,UPI,6933,SUCCESS,
2313,2025-07-22 21:29:31,3404,,ATM WITHDRAWAL,2792,SUCCESS,
2314,2025-06-17 05:42:58,1925,4401,IMPS,199876,SUCCESS,
2315,2025-09-24 22:51:20,1502,2908,NEFT,58775,SUCCESS,
2316,2025-03-03 04:45:14,4338,,WITHDRAWAL,37944,FAILED,Account Blocked
2317,2025-05-29 01:12:18,1105,2841,UPI,2435,SUCCESS,
2318,2025-09-10 20:30:14,4537,,ATM WITHDRAWAL,9866,SUCCESS,
2319,2025-02-13 20:26:07,853,,DEPOSIT,61605,SUCCESS,
2320,2025-11-21 07:59:15,4651,2203,IMPS,33972,SUCCESS,
2321,2025-04-16 18:24:56,1148,,ATM WITHDRAWAL,321,SUCCESS,
2322,2025-03-12 02:31:56,1925,,ATM WITHDRAWAL,7660,SUCCESS,
2323,2025-04-22 14:44:17,1201,3696,FUND TRANSFER,628719,SUCCESS,
2324,2025-11-08 12:51:40,3934,617,IMPS,44316,SUCCESS,
2325,2025-05-25 10:50:26,2389,412,IMPS,135189,SUCCESS,
2326,2025-12-11 07:16:43,1226,2502,NEFT,304811,FAILED,Beneficiary Not Found
2327,2025-11-24 10:21:34,4276,,WITHDRAWAL,12872,SUCCESS,
2328,2025-04-12 03:52:30,3293,4496,IMPS,120454,SUCCESS,
2329,2025-08-01 17:54:41,3703,3957,FUND TRANSFER,263128,SUCCESS,
2330,2025-07-18 12:06:14,1973,,ATM WITHDRAWAL,6844,FAILED,Account Blocked
2331,2025-04-03 15:15:59,3919,,WITHDRAWAL,48201,SUCCESS,
2332,2025-11-18 10:12:09,2841,,ATM WITHDRAWAL,2287,SUCCESS,
2333,2025-02-20 18:09:55,3352,,WITHDRAWAL,3303,SUCCESS,
2334,2025-04-26 23:39:15,3107,,WITHDRAWAL,46569,SUCCESS,
2335,2025-02-24 13:45:11,472,4925,UPI,3344,SUCCESS,
2336,2025-04-30 07:10:44,2743,4580,UPI,1601,SUCCESS,
2337,2025-12-10 14:14:37,3337,,ATM WITHDRAWAL,3919,SUCCESS,
2338,2025-06-03 14:47:33,2068,1424,UPI,4522,SUCCESS,
2339,2025-11-22 17:38:36,2405,1357,FUND TRANSFER,397436,SUCCESS,
2340,2025-08-15 13:48:06,1494,241,IMPS,111856,SUCCESS,
2341,2025-04-09 21:42:00,1589,,ATM WITHDRAWAL,7805,SUCCESS,
2342,2025-07-02 06:20:12,2006,,ATM WITHDRAWAL,3629,SUCCESS,
2343,2025-03-14 11:49:01,2838,3557,NEFT,472839,SUCCESS,
2344,2025-08-09 18:25:44,4975,4867,UPI,4337,SUCCESS,
2345,2025-11-06 05:31:54,4985,,ATM WITHDRAWAL,8831,SUCCESS,
2346,2025-07-14 14:22:36,1066,,DEPOSIT,5641,SUCCESS,
2347,2025-06-05 05:10:17,268,,WITHDRAWAL,43799,SUCCESS,
2348,2025-05-06 16:35:21,1146,1906,UPI,2250,SUCCESS,
2349,2025-10-20 23:05:07,2965,1073,NEFT,127904,SUCCESS,
2350,2025-01-02 18:05:27,1689,3434,UPI,6561,SUCCESS,
2351,2025-12-18 16:11:11,2476,114,IMPS,65243,SUCCESS,
2352,2025-05-04 23:35:39,4023,2589,FUND TRANSFER,278419,SUCCESS,
2353,2025-07-19 10:24:05,1248,1488,UPI,9721,FAILED,Daily Limit Exceeded
2354,2025-11-28 14:27:49,3840,,DEPOSIT,61027,SUCCESS,
2355,2025-10-25 14:54:51,2936,,DEPOSIT,18625,SUCCESS,
2356,2025-03-02 09:02:50,2155,904,FUND TRANSFER,774317,SUCCESS,
2357,2025-09-20 17:06:06,4189,,ATM WITHDRAWAL,6787,SUCCESS,
2358,2025-02-25 05:56:51,4687,,ATM WITHDRAWAL,5862,SUCCESS,
2359,2025-09-27 15:23:06,3465,4713,FUND TRANSFER,649975,SUCCESS,
2360,2025-07-05 15:11:19,1109,,ATM WITHDRAWAL,6464,SUCCESS,
2361,2025-02-06 23:36:27,3173,,ATM WITHDRAWAL,965,SUCCESS,
2362,2025-08-05 07:07:00,3946,,ATM WITHDRAWAL,5259,SUCCESS,
2363,2025-11-07 21:34:12,1439,4176,UPI,5625,SUCCESS,
2364,2025-01-12 18:51:40,4852,2021,FUND TRANSFER,924745,SUCCESS,
2365,2025-07-24 18:18:57,1116,,WITHDRAWAL,10071,SUCCESS,
2366,2025-07-20 22:10:04,3465,1355,UPI,9996,SUCCESS,
2367,2025-02-12 01:49:33,4635,,WITHDRAWAL,38968,SUCCESS,
2368,2025-10-18 15:15:52,2079,4559,UPI,7069,SUCCESS,
2369,2025-06-21 01:43:45,699,2584,NEFT,334956,SUCCESS,
2370,2025-03-20 00:55:59,4437,2386,UPI,8974,SUCCESS,
2371,2025-04-10 00:37:59,1360,,DEPOSIT,2792,SUCCESS,
2372,2025-10-29 05:26:45,3398,3382,IMPS,100872,SUCCESS,
2373,2025-05-10 09:24:44,2302,3872,FUND TRANSFER,132340,SUCCESS,
2374,2025-09-23 10:21:08,1429,818,FUND TRANSFER,200023,SUCCESS,
2375,2025-07-01 19:00:54,4138,758,IMPS,155152,SUCCESS,
2376,2025-05-24 03:28:26,2556,2109,FUND TRANSFER,773895,SUCCESS,
2377,2025-05-03 16:13:02,2228,,ATM WITHDRAWAL,3041,SUCCESS,
2378,2025-06-03 07:56:21,3747,2793,UPI,4614,SUCCESS,
2379,2025-03-21 23:49:32,1816,1940,NEFT,175088,SUCCESS,
2380,2025-01-28 05:56:16,1428,,WITHDRAWAL,26357,SUCCESS,
2381,2025-02-10 10:39:48,4002,,WITHDRAWAL,36096,SUCCESS,
2382,2025-07-14 01:06:10,708,,WITHDRAWAL,4377,SUCCESS,
2383,2025-05-03 02:12:15,712,2318,UPI,1884,SUCCESS,
2384,2025-09-30 11:53:36,774,3057,UPI,5736,FAILED,Beneficiary Not Found
2385,2025-05-10 01:10:09,1999,,DEPOSIT,86956,SUCCESS,
2386,2025-01-07 20:58:01,3255,,WITHDRAWAL,1466,SUCCESS,
2387,2025-01-24 01:13:16,2005,,ATM WITHDRAWAL,9732,SUCCESS,
2388,2025-10-03 15:33:16,128,,DEPOSIT,15258,SUCCESS,
2389,2025-07-27 10:49:35,1447,,DEPOSIT,2375,SUCCESS,
2390,2025-06-07 04:32:34,3710,,WITHDRAWAL,8307,SUCCESS,
2391,2025-10-04 05:41:18,2937,2339,FUND TRANSFER,539120,SUCCESS,
2392,2025-11-19 01:47:47,2909,,DEPOSIT,40583,SUCCESS,
2393,2025-01-07 22:07:36,3663,,ATM WITHDRAWAL,3079,SUCCESS,
2394,2025-09-25 17:20:50,3271,,WITHDRAWAL,49834,SUCCESS,
2395,2025-05-02 18:29:53,698,4597,FUND TRANSFER,369320,SUCCESS,
2396,2025-12-12 22:21:42,2183,504,FUND TRANSFER,462413,SUCCESS,
2397,2025-04-11 09:58:52,1663,4508,UPI,4426,SUCCESS,
2398,2025-05-20 06:40:06,1151,4500,UPI,49,SUCCESS,
2399,2025-07-25 09:23:52,2954,1689,FUND TRANSFER,63291,SUCCESS,
2400,2025-09-27 12:12:56,1845,4488,UPI,4391,SUCCESS,
2401,2025-05-23 02:56:08,2291,,ATM WITHDRAWAL,5958,SUCCESS,
2402,2025-09-30 17:51:03,4645,4058,NEFT,337971,SUCCESS,
2403,2025-04-01 21:57:14,4744,4733,UPI,606,SUCCESS,
2404,2025-10-28 06:01:15,1655,3665,IMPS,107252,SUCCESS,
2405,2025-05-07 00:06:10,664,3908,UPI,6331,SUCCESS,
2406,2025-07-09 16:02:51,2968,65,UPI,5948,SUCCESS,
2407,2025-10-01 08:19:08,2785,1,UPI,5248,SUCCESS,
2408,2025-03-11 22:53:35,2988,1454,FUND TRANSFER,407785,SUCCESS,
2409,2025-04-02 00:19:06,356,843,UPI,7390,SUCCESS,
2410,2025-10-11 23:21:25,4336,1813,UPI,6616,SUCCESS,
2411,2025-12-25 15:01:12,2226,,DEPOSIT,71836,FAILED,Daily Limit Exceeded
2412,2025-09-07 17:12:14,2169,,WITHDRAWAL,9265,SUCCESS,
2413,2025-05-09 23:08:55,656,1186,FUND TRANSFER,618851,SUCCESS,
2414,2025-03-24 17:22:48,91,1375,IMPS,168399,SUCCESS,
2415,2025-11-24 12:58:05,1369,,DEPOSIT,69089,SUCCESS,
2416,2025-04-29 14:58:41,4202,2217,UPI,8401,SUCCESS,
2417,2025-11-18 08:33:19,3307,,DEPOSIT,6031,FAILED,Invalid Account
2418,2025-09-11 00:11:21,969,,ATM WITHDRAWAL,6182,SUCCESS,
2419,2025-01-25 22:59:47,2879,1235,UPI,9016,SUCCESS,
2420,2025-09-05 13:52:31,2579,379,UPI,2309,SUCCESS,
2421,2025-05-20 03:41:26,1289,,DEPOSIT,23833,SUCCESS,
2422,2025-05-05 13:15:00,1718,4551,FUND TRANSFER,236682,SUCCESS,
2423,2025-01-28 19:33:56,1768,,ATM WITHDRAWAL,1097,SUCCESS,
2424,2025-07-02 14:53:09,4718,,ATM WITHDRAWAL,6497,SUCCESS,
2425,2025-01-06 14:33:31,3162,4295,FUND TRANSFER,962416,SUCCESS,
2426,2025-04-02 10:50:08,267,1711,NEFT,331148,SUCCESS,
2427,2025-10-24 17:55:34,4926,4152,FUND TRANSFER,618831,SUCCESS,
2428,2025-10-23 14:10:27,1182,223,UPI,4228,SUCCESS,
2429,2025-04-10 00:53:32,2305,1707,FUND TRANSFER,767902,SUCCESS,
2430,2025-11-18 05:37:59,690,120,NEFT,402082,SUCCESS,
2431,2025-05-22 02:17:14,3599,,WITHDRAWAL,31571,SUCCESS,
2432,2025-05-20 03:43:38,214,,WITHDRAWAL,37993,SUCCESS,
2433,2025-06-05 11:26:54,1073,2172,UPI,7457,SUCCESS,
2434,2025-11-11 18:40:04,4889,3004,UPI,6980,SUCCESS,
2435,2025-01-04 08:02:33,4104,498,UPI,9283,SUCCESS,
2436,2025-06-09 22:32:34,1945,2550,UPI,8205,SUCCESS,
2437,2025-03-24 05:19:27,1166,247,IMPS,97861,SUCCESS,
2438,2025-01-16 00:39:53,3200,,ATM WITHDRAWAL,6055,SUCCESS,
2439,2025-08-22 22:55:37,1342,,ATM WITHDRAWAL,1979,SUCCESS,
2440,2025-07-20 15:05:58,2492,,DEPOSIT,70114,SUCCESS,
2441,2025-09-20 23:28:03,2,2355,UPI,2721,SUCCESS,
2442,2025-02-23 01:42:49,2203,,ATM WITHDRAWAL,8855,SUCCESS,
2443,2025-12-05 15:24:36,128,2131,FUND TRANSFER,120325,SUCCESS,
2444,2025-12-02 17:34:33,1877,,DEPOSIT,47483,SUCCESS,
2445,2025-05-27 23:25:09,1786,4818,NEFT,269466,SUCCESS,
2446,2025-12-30 23:30:07,479,979,UPI,719,SUCCESS,
2447,2025-06-28 21:46:36,35,4274,FUND TRANSFER,269571,SUCCESS,
2448,2025-12-01 17:42:47,2482,683,FUND TRANSFER,77293,SUCCESS,
2449,2025-07-20 04:30:08,2601,,DEPOSIT,12249,SUCCESS,
2450,2025-02-28 20:17:21,4415,726,UPI,1799,SUCCESS,
2451,2025-04-22 07:21:43,2985,1013,IMPS,144643,SUCCESS,
2452,2025-06-20 03:14:06,4371,2728,UPI,7352,SUCCESS,
2453,2025-05-30 11:16:16,4377,,WITHDRAWAL,8002,SUCCESS,
2454,2025-09-18 13:38:06,4619,750,FUND TRANSFER,588822,FAILED,Beneficiary Not Found
2455,2025-10-07 10:51:54,3480,1737,IMPS,24937,SUCCESS,
2456,2025-04-10 16:59:28,3278,,WITHDRAWAL,22460,SUCCESS,
2457,2025-08-26 21:45:39,1958,,WITHDRAWAL,4750,SUCCESS,
2458,2025-04-14 09:54:44,1274,4870,UPI,9653,SUCCESS,
2459,2025-08-15 17:25:33,149,891,FUND TRANSFER,886886,SUCCESS,
2460,2025-11-16 19:08:29,1283,,WITHDRAWAL,4296,SUCCESS,
2461,2025-09-13 08:02:19,1445,2240,FUND TRANSFER,692476,SUCCESS,
2462,2025-08-29 03:59:24,4317,110,UPI,8986,SUCCESS,
2463,2025-05-19 20:20:27,1990,,ATM WITHDRAWAL,3217,SUCCESS,
2464,2025-06-16 07:03:26,2947,2339,UPI,1692,SUCCESS,
2465,2025-09-21 16:16:12,392,2734,NEFT,404537,SUCCESS,
2466,2025-05-07 01:50:37,1043,55,NEFT,35485,SUCCESS,
2467,2025-12-04 06:48:34,4352,4971,FUND TRANSFER,228610,SUCCESS,
2468,2025-10-20 06:47:16,3215,3116,NEFT,95872,SUCCESS,
2469,2025-11-18 05:47:54,930,577,FUND TRANSFER,361680,SUCCESS,
2470,2025-07-07 05:12:08,2383,414,IMPS,194525,SUCCESS,
2471,2025-12-30 08:29:31,3860,4252,FUND TRANSFER,29778,SUCCESS,
2472,2025-10-24 22:41:45,2251,,DEPOSIT,52627,SUCCESS,
2473,2025-06-07 07:21:28,2520,,WITHDRAWAL,16948,SUCCESS,
2474,2025-04-04 04:44:06,2180,3614,UPI,3791,SUCCESS,
2475,2025-05-13 21:50:57,2950,2340,UPI,2557,SUCCESS,
2476,2025-10-04 06:03:55,2239,136,UPI,9339,SUCCESS,
2477,2025-07-15 23:45:46,2976,4727,UPI,8651,SUCCESS,
2478,2025-08-18 14:05:14,2136,,ATM WITHDRAWAL,8516,SUCCESS,
2479,2025-12-19 17:58:34,2214,1148,UPI,108,SUCCESS,
2480,2025-10-05 22:23:14,4394,286,UPI,3676,SUCCESS,
2481,2025-11-24 04:19:26,2052,,ATM WITHDRAWAL,4186,SUCCESS,
2482,2025-06-17 08:24:19,3654,1523,UPI,4111,SUCCESS,
2483,2025-09-13 05:13:51,572,4246,FUND TRANSFER,656650,SUCCESS,
2484,2025-10-19 20:14:47,3052,,ATM WITHDRAWAL,2257,SUCCESS,
2485,2025-02-11 22:51:01,4997,,WITHDRAWAL,39260,SUCCESS,
2486,2025-05-21 20:54:05,2310,776,UPI,1658,SUCCESS,
2487,2025-11-26 05:17:48,1379,,DEPOSIT,72659,SUCCESS,
2488,2025-06-11 22:47:43,3089,1207,FUND TRANSFER,530339,SUCCESS,
2489,2025-05-21 01:19:48,3133,2004,NEFT,462263,SUCCESS,
2490,2025-04-03 10:14:25,643,,ATM WITHDRAWAL,970,SUCCESS,
2491,2025-04-23 00:26:59,1209,4475,UPI,4418,SUCCESS,
2492,2025-06-16 21:59:10,2766,,WITHDRAWAL,28943,SUCCESS,
2493,2025-05-06 07:23:28,4655,,ATM WITHDRAWAL,4580,SUCCESS,
2494,2025-11-16 07:23:16,1326,1886,FUND TRANSFER,190649,SUCCESS,
2495,2025-11-07 15:23:00,1192,,DEPOSIT,58691,SUCCESS,
2496,2025-06-28 17:54:44,4253,3525,FUND TRANSFER,594086,SUCCESS,
2497,2025-02-13 08:15:36,626,3113,FUND TRANSFER,459131,SUCCESS,
2498,2025-08-31 20:51:21,1400,3023,FUND TRANSFER,541772,SUCCESS,
2499,2025-06-06 06:08:03,3517,3610,FUND TRANSFER,710807,SUCCESS,
2500,2025-03-29 12:48:20,4149,1002,NEFT,244061,SUCCESS,
2501,2025-10-21 03:11:41,3016,,ATM WITHDRAWAL,1309,SUCCESS,
2502,2025-12-11 17:32:41,2424,,DEPOSIT,73072,SUCCESS,
2503,2025-08-03 16:34:18,1205,1211,FUND TRANSFER,18048,SUCCESS,
2504,2025-01-12 07:20:03,2949,405,UPI,5764,SUCCESS,
2505,2025-07-15 11:10:40,2796,425,NEFT,416488,SUCCESS,
2506,2025-07-28 03:18:34,2483,,WITHDRAWAL,7136,SUCCESS,
2507,2025-04-01 00:30:20,1623,,DEPOSIT,80756,SUCCESS,
2508,2025-11-06 01:24:57,2193,4395,UPI,4100,SUCCESS,
2509,2025-05-18 06:48:16,2448,3638,FUND TRANSFER,148876,SUCCESS,
2510,2025-01-07 19:18:00,3569,4027,FUND TRANSFER,950249,SUCCESS,
2511,2025-08-29 11:29:19,2364,,ATM WITHDRAWAL,6298,SUCCESS,
2512,2025-09-13 11:15:57,2497,4071,UPI,694,SUCCESS,
2513,2025-01-18 19:05:44,3993,,ATM WITHDRAWAL,9047,SUCCESS,
2514,2025-12-24 00:28:49,3203,921,FUND TRANSFER,470530,SUCCESS,
2515,2025-03-22 00:07:25,1456,2144,UPI,8168,SUCCESS,
2516,2025-08-15 14:25:58,337,,DEPOSIT,57774,SUCCESS,
2517,2025-09-04 20:50:22,1843,4369,UPI,3093,SUCCESS,
2518,2025-06-24 14:40:48,3070,,INTEREST CREDIT,21922,SUCCESS,
2519,2025-08-28 11:25:31,1932,3011,FUND TRANSFER,842227,SUCCESS,
2520,2025-11-05 08:30:21,4369,3224,FUND TRANSFER,484830,SUCCESS,
2521,2025-10-26 17:19:23,1205,749,UPI,1349,SUCCESS,
2522,2025-05-05 14:21:57,3821,2842,UPI,9097,SUCCESS,
2523,2025-07-19 11:03:55,1975,,ATM WITHDRAWAL,7747,FAILED,Network Timeout
2524,2025-09-21 04:21:47,1363,297,NEFT,293310,SUCCESS,
2525,2025-09-08 04:42:58,2511,,ATM WITHDRAWAL,5650,SUCCESS,
2526,2025-10-08 14:35:19,1787,4180,UPI,509,SUCCESS,
2527,2025-11-01 14:18:19,3061,,DEPOSIT,80976,SUCCESS,
2528,2025-03-21 15:26:55,4634,463,UPI,2191,SUCCESS,
2529,2025-04-06 21:37:18,2856,3613,FUND TRANSFER,999420,SUCCESS,
2530,2025-10-08 18:29:14,3663,3283,UPI,2459,SUCCESS,
2531,2025-12-28 01:37:58,3426,1654,NEFT,140054,SUCCESS,
2532,2025-02-28 03:25:09,3893,4929,NEFT,426402,SUCCESS,
2533,2025-03-09 03:31:48,3275,2585,NEFT,155460,FAILED,Network Timeout
2534,2025-03-19 10:58:34,1470,15,FUND TRANSFER,290682,SUCCESS,
2535,2025-12-27 19:16:55,2675,,ATM WITHDRAWAL,9905,SUCCESS,
2536,2025-03-09 18:11:07,217,2659,UPI,8449,SUCCESS,
2537,2025-05-09 16:43:26,1687,,DEPOSIT,22053,SUCCESS,
2538,2025-08-20 15:53:06,4186,,DEPOSIT,33369,SUCCESS,
2539,2025-10-02 12:45:43,2133,1662,FUND TRANSFER,714422,SUCCESS,
2540,2025-04-08 15:38:33,2337,,WITHDRAWAL,13489,SUCCESS,
2541,2025-03-28 22:00:40,4382,,DEPOSIT,92493,SUCCESS,
2542,2025-08-15 13:34:46,1696,728,NEFT,304899,SUCCESS,
2543,2025-10-24 23:11:38,1586,,INTEREST CREDIT,10666,SUCCESS,
2544,2025-09-09 15:18:10,780,2272,UPI,877,SUCCESS,
2545,2025-12-17 00:01:52,32,3557,NEFT,12112,SUCCESS,
2546,2025-09-04 23:40:25,1625,,DEPOSIT,51535,SUCCESS,
2547,2025-03-14 02:25:51,1619,1835,FUND TRANSFER,21960,SUCCESS,
2548,2025-08-24 09:31:01,2810,,ATM WITHDRAWAL,9332,SUCCESS,
2549,2025-08-03 21:22:00,1607,3106,UPI,7255,SUCCESS,
2550,2025-01-01 17:57:18,1286,2810,NEFT,284889,SUCCESS,
2551,2025-07-13 09:21:19,1630,,DEPOSIT,40772,SUCCESS,
2552,2025-03-12 12:22:56,2281,861,FUND TRANSFER,22705,SUCCESS,
2553,2025-12-10 17:37:02,648,3197,UPI,2066,SUCCESS,
2554,2025-05-16 22:37:07,3668,,WITHDRAWAL,44858,SUCCESS,
2555,2025-01-28 06:38:34,3389,,WITHDRAWAL,41067,SUCCESS,
2556,2025-12-28 15:59:07,3007,1313,FUND TRANSFER,665576,SUCCESS,
2557,2025-11-24 12:43:06,4494,4691,FUND TRANSFER,520874,SUCCESS,
2558,2025-01-07 15:52:26,3279,930,UPI,4676,SUCCESS,
2559,2025-06-18 00:03:27,3012,1067,UPI,9353,SUCCESS,
2560,2025-09-09 12:52:46,501,3950,UPI,6884,SUCCESS,
2561,2025-06-09 11:25:42,1814,1358,IMPS,173124,FAILED,Invalid Account
2562,2025-09-13 20:22:01,2807,517,FUND TRANSFER,969352,SUCCESS,
2563,2025-02-19 11:11:10,4395,,ATM WITHDRAWAL,5757,SUCCESS,
2564,2025-09-27 08:33:48,3229,3787,UPI,3073,SUCCESS,
2565,2025-06-08 06:39:16,3960,,ATM WITHDRAWAL,2810,SUCCESS,
2566,2025-09-08 13:53:28,4669,4315,NEFT,337406,SUCCESS,
2567,2025-01-07 11:45:27,2366,3107,IMPS,117769,FAILED,Beneficiary Not Found
2568,2025-02-02 09:37:25,1712,4971,FUND TRANSFER,412745,SUCCESS,
2569,2025-03-25 09:16:05,1563,1292,IMPS,78572,SUCCESS,
2570,2025-12-08 01:22:24,2294,,ATM WITHDRAWAL,3356,SUCCESS,
2571,2025-09-25 01:07:21,1052,3243,FUND TRANSFER,160904,SUCCESS,
2572,2025-06-08 14:29:57,3956,,ATM WITHDRAWAL,9077,FAILED,Beneficiary Not Found
2573,2025-01-02 19:42:53,3706,2543,FUND TRANSFER,372445,SUCCESS,
2574,2025-05-19 02:07:10,2604,3124,UPI,1415,SUCCESS,
2575,2025-03-08 05:07:12,3604,,INTEREST CREDIT,13293,SUCCESS,
2576,2025-06-17 18:55:23,3145,3917,UPI,11,SUCCESS,
2577,2025-08-01 12:26:27,475,3975,UPI,2198,SUCCESS,
2578,2025-03-23 20:09:19,1393,,ATM WITHDRAWAL,4671,SUCCESS,
2579,2025-01-20 04:21:20,1174,3302,NEFT,331382,SUCCESS,
2580,2025-03-27 19:15:23,4018,792,IMPS,3158,SUCCESS,
2581,2025-03-01 21:11:26,2015,3458,FUND TRANSFER,76183,SUCCESS,
2582,2025-08-25 01:25:24,242,4079,UPI,9918,SUCCESS,
2583,2025-08-06 21:45:05,2274,2009,UPI,5562,SUCCESS,
2584,2025-11-17 03:45:08,1663,,ATM WITHDRAWAL,8406,SUCCESS,
2585,2025-11-20 03:08:23,3335,3844,NEFT,349908,SUCCESS,
2586,2025-03-11 07:17:44,4369,3029,IMPS,40106,SUCCESS,
2587,2025-05-02 21:34:20,4878,2787,FUND TRANSFER,686837,SUCCESS,
2588,2025-05-30 13:14:34,1957,,WITHDRAWAL,13116,SUCCESS,
2589,2025-06-25 08:54:19,1194,4292,UPI,1453,SUCCESS,
2590,2025-11-12 15:24:50,1080,3491,UPI,8792,SUCCESS,
2591,2025-06-20 04:51:45,3969,4119,IMPS,110255,SUCCESS,
2592,2025-06-07 23:07:17,4396,,ATM WITHDRAWAL,131,SUCCESS,
2593,2025-08-04 20:58:14,4161,595,UPI,3824,SUCCESS,
2594,2025-03-13 02:42:33,315,2528,UPI,4446,SUCCESS,
2595,2025-06-09 06:04:01,4226,,WITHDRAWAL,20925,SUCCESS,
2596,2025-08-28 06:19:12,3444,4117,UPI,5793,SUCCESS,
2597,2025-03-18 08:34:12,1842,2924,FUND TRANSFER,9888,SUCCESS,
2598,2025-09-22 08:18:40,4962,2587,FUND TRANSFER,747178,SUCCESS,
2599,2025-08-07 11:53:10,4946,4720,UPI,8231,SUCCESS,
2600,2025-02-04 21:05:12,3844,,WITHDRAWAL,25179,SUCCESS,
2601,2025-07-19 08:40:20,2253,,WITHDRAWAL,40042,SUCCESS,
2602,2025-12-19 11:04:24,4988,,WITHDRAWAL,7414,SUCCESS,
2603,2025-10-31 22:45:56,3027,,ATM WITHDRAWAL,1907,SUCCESS,
2604,2025-01-11 03:31:08,2845,,ATM WITHDRAWAL,3143,SUCCESS,
2605,2025-06-22 22:12:20,3260,4373,UPI,3872,SUCCESS,
2606,2025-03-04 11:53:12,3926,,ATM WITHDRAWAL,2061,FAILED,Network Timeout
2607,2025-08-05 19:30:22,3761,1630,NEFT,368348,SUCCESS,
2608,2025-08-03 00:37:55,3104,,DEPOSIT,25348,SUCCESS,
2609,2025-05-24 01:53:32,1552,3206,UPI,3898,SUCCESS,
2610,2025-08-18 11:52:35,4059,843,FUND TRANSFER,79094,SUCCESS,
2611,2025-09-24 19:05:16,3385,1441,IMPS,109761,SUCCESS,
2612,2025-01-12 19:17:30,2280,4697,NEFT,65163,SUCCESS,
2613,2025-03-10 21:53:57,3183,,ATM WITHDRAWAL,1404,SUCCESS,
2614,2025-11-27 02:12:15,2298,1892,UPI,5439,SUCCESS,
2615,2025-12-17 04:55:52,3438,176,UPI,8844,SUCCESS,
2616,2025-08-27 11:22:35,3841,,DEPOSIT,53184,SUCCESS,
2617,2025-09-11 12:28:03,3627,,DEPOSIT,90478,SUCCESS,
2618,2025-12-26 18:04:15,3695,,DEPOSIT,57608,SUCCESS,
2619,2025-03-24 19:33:10,2977,,DEPOSIT,31647,SUCCESS,
2620,2025-12-25 12:46:23,4545,,ATM WITHDRAWAL,3952,SUCCESS,
2621,2025-11-19 08:34:39,2013,,ATM WITHDRAWAL,3757,SUCCESS,
2622,2025-11-27 18:47:45,3191,,WITHDRAWAL,38770,SUCCESS,
2623,2025-07-02 03:34:01,2650,4849,IMPS,106109,SUCCESS,
2624,2025-07-02 00:24:45,1414,,WITHDRAWAL,3562,SUCCESS,
2625,2025-04-09 04:38:37,2070,4183,NEFT,361836,SUCCESS,
2626,2025-04-09 06:47:12,918,,INTEREST CREDIT,24384,SUCCESS,
2627,2025-12-27 16:29:09,2063,,DEPOSIT,3818,SUCCESS,
2628,2025-07-05 05:43:06,2836,,WITHDRAWAL,38543,SUCCESS,
2629,2025-04-12 19:48:56,3571,4911,NEFT,37736,FAILED,Invalid Account
2630,2025-02-08 04:07:18,1051,1133,IMPS,4709,FAILED,Network Timeout
2631,2025-12-25 10:07:08,3168,,DEPOSIT,67601,SUCCESS,
2632,2025-03-11 16:13:01,2623,2509,NEFT,77018,SUCCESS,
2633,2025-08-21 17:34:29,4965,2398,IMPS,70521,SUCCESS,
2634,2025-11-23 13:38:34,2006,411,UPI,1232,SUCCESS,
2635,2025-09-29 17:44:53,1938,,ATM WITHDRAWAL,4409,SUCCESS,
2636,2025-08-28 01:57:36,3112,,WITHDRAWAL,49022,SUCCESS,
2637,2025-07-09 15:36:26,1540,4655,UPI,7686,SUCCESS,
2638,2025-03-29 22:11:06,3859,4428,IMPS,126782,SUCCESS,
2639,2025-07-14 07:28:56,3556,1730,UPI,488,SUCCESS,
2640,2025-06-21 04:26:22,4453,3722,UPI,4005,SUCCESS,
2641,2025-10-12 19:07:53,2317,4624,FUND TRANSFER,100139,SUCCESS,
2642,2025-11-29 00:56:55,1396,4872,UPI,827,SUCCESS,
2643,2025-09-22 12:59:52,473,1045,NEFT,61692,SUCCESS,
2644,2025-09-12 13:34:52,4543,,ATM WITHDRAWAL,6315,SUCCESS,
2645,2025-09-05 07:47:51,465,405,UPI,1248,SUCCESS,
2646,2025-01-31 09:07:32,1528,,ATM WITHDRAWAL,9653,SUCCESS,
2647,2025-06-26 07:36:31,2229,3134,UPI,9030,SUCCESS,
2648,2025-10-23 14:46:42,2071,,WITHDRAWAL,22349,SUCCESS,
2649,2025-09-20 03:17:54,2964,3719,FUND TRANSFER,66012,SUCCESS,
2650,2025-03-29 19:40:46,1941,4485,NEFT,387171,SUCCESS,
2651,2025-11-08 04:04:48,1758,,ATM WITHDRAWAL,444,SUCCESS,
2652,2025-04-26 01:54:35,1052,3436,IMPS,171873,SUCCESS,
2653,2025-06-21 23:57:52,225,,DEPOSIT,82791,SUCCESS,
2654,2025-01-19 10:54:22,3859,4632,UPI,567,SUCCESS,
2655,2025-06-24 11:03:38,2213,1095,UPI,6355,SUCCESS,
2656,2025-04-04 15:34:33,2758,3581,UPI,3022,SUCCESS,
2657,2025-02-18 18:32:44,4441,,WITHDRAWAL,34419,SUCCESS,
2658,2025-09-28 17:36:25,1455,,DEPOSIT,77992,SUCCESS,
2659,2025-04-23 00:12:29,3366,,DEPOSIT,16293,SUCCESS,
2660,2025-02-25 11:53:08,4542,,ATM WITHDRAWAL,7719,SUCCESS,
2661,2025-04-28 20:41:41,4287,1083,IMPS,119843,SUCCESS,
2662,2025-05-03 04:23:45,4500,1369,UPI,7488,SUCCESS,
2663,2025-05-05 07:40:28,4206,2499,NEFT,172305,SUCCESS,
2664,2025-04-12 12:12:12,1761,,ATM WITHDRAWAL,3920,SUCCESS,
2665,2025-06-14 04:38:26,3331,481,UPI,8653,SUCCESS,
2666,2025-12-23 14:25:27,572,,WITHDRAWAL,9002,SUCCESS,
2667,2025-07-01 01:28:09,2321,,WITHDRAWAL,13236,SUCCESS,
2668,2025-04-17 16:59:22,4751,,WITHDRAWAL,45954,SUCCESS,
2669,2025-06-14 02:16:42,375,,WITHDRAWAL,30051,SUCCESS,
2670,2025-07-14 02:24:16,214,2006,NEFT,292837,SUCCESS,
2671,2025-07-22 19:20:08,2001,979,UPI,8871,SUCCESS,
2672,2025-02-07 20:36:27,2411,4474,UPI,9845,SUCCESS,
2673,2025-06-04 22:32:45,4603,550,UPI,2247,SUCCESS,
2674,2025-05-04 13:14:35,2607,3060,UPI,2173,SUCCESS,
2675,2025-02-17 06:18:04,3818,,DEPOSIT,96366,SUCCESS,
2676,2025-06-22 08:40:19,3839,3224,UPI,121,SUCCESS,
2677,2025-04-18 13:07:09,2349,1985,FUND TRANSFER,882542,SUCCESS,
2678,2025-01-15 11:20:00,1397,2366,UPI,4917,SUCCESS,
2679,2025-11-25 09:23:36,2279,,ATM WITHDRAWAL,4191,FAILED,Beneficiary Not Found
2680,2025-05-15 07:40:19,3210,4609,FUND TRANSFER,738515,SUCCESS,
2681,2025-11-30 05:18:38,895,,ATM WITHDRAWAL,2648,SUCCESS,
2682,2025-03-13 05:52:44,1096,3239,UPI,2204,SUCCESS,
2683,2025-11-06 20:33:23,3636,306,FUND TRANSFER,539171,FAILED,Invalid Account
2684,2025-08-19 21:48:42,2760,4160,UPI,3088,SUCCESS,
2685,2025-04-10 14:31:51,542,4897,UPI,3078,SUCCESS,
2686,2025-01-12 22:23:50,4482,,ATM WITHDRAWAL,4474,SUCCESS,
2687,2025-05-31 22:15:42,2967,,INTEREST CREDIT,19942,SUCCESS,
2688,2025-12-30 20:10:58,2466,679,FUND TRANSFER,975522,SUCCESS,
2689,2025-02-05 10:01:00,3466,2850,NEFT,193115,SUCCESS,
2690,2025-03-13 19:40:14,3317,2312,NEFT,91717,SUCCESS,
2691,2025-06-02 16:47:16,293,,ATM WITHDRAWAL,3413,SUCCESS,
2692,2025-11-27 08:42:42,2360,921,IMPS,152319,FAILED,Insufficient Balance
2693,2025-04-24 07:16:15,4417,,ATM WITHDRAWAL,2922,SUCCESS,
2694,2025-10-29 17:02:34,4392,2750,FUND TRANSFER,461389,SUCCESS,
2695,2025-08-08 09:20:28,2906,,ATM WITHDRAWAL,7284,SUCCESS,
2696,2025-07-07 12:48:54,2820,141,UPI,4796,SUCCESS,
2697,2025-06-09 19:45:55,39,1647,FUND TRANSFER,370986,SUCCESS,
2698,2025-02-05 02:22:57,403,,ATM WITHDRAWAL,2252,SUCCESS,
2699,2025-03-20 15:09:32,3389,2540,NEFT,487712,SUCCESS,
2700,2025-12-08 08:16:04,1410,,WITHDRAWAL,16724,SUCCESS,
2701,2025-01-30 02:57:40,1407,4954,UPI,2653,SUCCESS,
2702,2025-02-23 16:11:16,3556,1983,FUND TRANSFER,667767,SUCCESS,
2703,2025-12-02 15:07:22,1174,665,NEFT,489713,SUCCESS,
2704,2025-11-05 13:32:23,951,,ATM WITHDRAWAL,2149,SUCCESS,
2705,2025-02-10 12:00:57,1126,127,UPI,3501,SUCCESS,
2706,2025-03-15 02:37:03,753,578,UPI,6513,SUCCESS,
2707,2025-12-19 00:26:17,4626,1055,FUND TRANSFER,769598,SUCCESS,
2708,2025-12-09 06:52:24,3012,296,IMPS,38135,SUCCESS,
2709,2025-09-09 02:35:37,3720,4441,UPI,6827,SUCCESS,
2710,2025-08-20 12:40:23,1873,2792,IMPS,171404,SUCCESS,
2711,2025-01-02 01:43:41,4038,,ATM WITHDRAWAL,9084,SUCCESS,
2712,2025-03-20 04:18:34,2710,,WITHDRAWAL,10975,SUCCESS,
2713,2025-05-21 07:48:36,4231,461,FUND TRANSFER,679986,SUCCESS,
2714,2025-10-05 00:41:13,2213,,ATM WITHDRAWAL,880,SUCCESS,
2715,2025-05-20 00:45:35,3629,,WITHDRAWAL,26803,SUCCESS,
2716,2025-06-07 15:33:45,2791,,ATM WITHDRAWAL,8591,SUCCESS,
2717,2025-12-27 17:49:10,324,,ATM WITHDRAWAL,8642,SUCCESS,
2718,2025-10-09 15:39:34,571,,DEPOSIT,33913,SUCCESS,
2719,2025-05-27 04:08:11,949,,WITHDRAWAL,1881,SUCCESS,
2720,2025-08-30 08:57:33,1046,,WITHDRAWAL,25623,SUCCESS,
2721,2025-04-24 06:35:28,591,2410,NEFT,146170,SUCCESS,
2722,2025-04-20 05:14:02,476,,ATM WITHDRAWAL,4653,SUCCESS,
2723,2025-04-08 14:37:58,1450,,ATM WITHDRAWAL,6804,SUCCESS,
2724,2025-10-06 08:27:07,120,,DEPOSIT,70096,SUCCESS,
2725,2025-01-16 11:02:46,1035,942,UPI,3571,SUCCESS,
2726,2025-11-12 18:43:24,4914,3319,UPI,7916,SUCCESS,
2727,2025-02-07 05:56:21,2248,3756,UPI,7100,SUCCESS,
2728,2025-05-29 13:16:57,141,1030,FUND TRANSFER,225306,SUCCESS,
2729,2025-09-09 09:50:10,2836,,WITHDRAWAL,16773,SUCCESS,
2730,2025-09-05 06:39:18,3301,2354,FUND TRANSFER,777643,SUCCESS,
2731,2025-05-04 12:29:57,4885,1553,NEFT,307327,SUCCESS,
2732,2025-01-12 09:48:29,3073,,ATM WITHDRAWAL,5986,SUCCESS,
2733,2025-03-01 17:16:18,2151,,DEPOSIT,86922,SUCCESS,
2734,2025-05-10 08:05:00,2521,1246,UPI,9727,SUCCESS,
2735,2025-07-19 12:39:07,622,3727,FUND TRANSFER,336564,SUCCESS,
2736,2025-03-11 21:41:56,1582,1668,FUND TRANSFER,910109,SUCCESS,
2737,2025-07-19 12:27:24,3828,3982,UPI,4551,SUCCESS,
2738,2025-12-06 03:57:04,3587,2432,UPI,2115,SUCCESS,
2739,2025-10-14 06:51:58,1073,2124,UPI,2370,SUCCESS,
2740,2025-02-21 01:04:05,4943,,ATM WITHDRAWAL,4865,SUCCESS,
2741,2025-04-03 22:07:33,3868,,ATM WITHDRAWAL,4971,SUCCESS,
2742,2025-06-23 00:47:54,4987,,ATM WITHDRAWAL,1572,SUCCESS,
2743,2025-01-15 13:29:23,3498,3024,FUND TRANSFER,703419,SUCCESS,
2744,2025-07-29 19:39:20,515,2183,FUND TRANSFER,84244,SUCCESS,
2745,2025-04-10 06:11:12,3963,3948,UPI,2154,SUCCESS,
2746,2025-01-14 19:53:24,2867,,INTEREST CREDIT,19918,SUCCESS,
2747,2025-09-28 14:34:36,3858,4608,FUND TRANSFER,916477,SUCCESS,
2748,2025-03-13 08:26:08,2291,1609,IMPS,18150,SUCCESS,
2749,2025-03-12 22:42:32,4917,988,NEFT,263410,SUCCESS,
2750,2025-06-27 09:55:54,3874,4604,FUND TRANSFER,69653,SUCCESS,
2751,2025-08-22 16:14:32,2344,,WITHDRAWAL,26410,SUCCESS,
2752,2025-07-27 17:42:28,2510,2354,FUND TRANSFER,869800,SUCCESS,
2753,2025-09-11 20:22:56,761,,ATM WITHDRAWAL,6335,SUCCESS,
2754,2025-07-02 17:28:33,1196,,WITHDRAWAL,49830,SUCCESS,
2755,2025-02-08 07:27:35,2030,2855,UPI,6929,SUCCESS,
2756,2025-07-07 10:32:51,221,,ATM WITHDRAWAL,2559,SUCCESS,
2757,2025-03-09 21:21:09,4366,1147,IMPS,11822,SUCCESS,
2758,2025-02-14 21:49:21,270,3784,NEFT,356455,SUCCESS,
2759,2025-04-15 16:03:00,1795,,DEPOSIT,75568,SUCCESS,
2760,2025-10-26 21:01:11,829,2390,FUND TRANSFER,696389,SUCCESS,
2761,2025-01-30 15:09:21,3244,,WITHDRAWAL,11134,SUCCESS,
2762,2025-06-09 22:11:51,2104,4432,NEFT,40971,SUCCESS,
2763,2025-05-22 11:39:25,4919,,DEPOSIT,4295,SUCCESS,
2764,2025-04-26 02:44:38,4217,4477,UPI,9519,SUCCESS,
2765,2025-11-19 07:35:46,3088,,ATM WITHDRAWAL,8815,SUCCESS,
2766,2025-12-13 21:42:38,1950,,INTEREST CREDIT,18135,SUCCESS,
2767,2025-02-12 08:49:48,4379,,INTEREST CREDIT,22333,SUCCESS,
2768,2025-10-14 11:07:10,2616,2047,FUND TRANSFER,540628,SUCCESS,
2769,2025-09-19 20:06:21,792,547,FUND TRANSFER,153801,SUCCESS,
2770,2025-02-05 11:42:54,2240,4089,FUND TRANSFER,280216,SUCCESS,
2771,2025-10-19 18:33:18,2462,,DEPOSIT,61208,SUCCESS,
2772,2025-06-26 04:55:30,2191,,ATM WITHDRAWAL,2871,SUCCESS,
2773,2025-07-05 20:10:14,4169,,ATM WITHDRAWAL,6590,SUCCESS,
2774,2025-07-31 05:04:29,3889,,WITHDRAWAL,24637,SUCCESS,
2775,2025-12-11 04:11:08,3647,819,FUND TRANSFER,814521,SUCCESS,
2776,2025-02-28 09:01:09,669,3877,NEFT,473387,SUCCESS,
2777,2025-12-20 12:34:34,4111,1601,FUND TRANSFER,989862,SUCCESS,
2778,2025-09-14 02:12:18,590,3164,UPI,3089,SUCCESS,
2779,2025-06-02 06:49:55,4552,,DEPOSIT,92437,SUCCESS,
2780,2025-11-18 18:40:32,1962,450,FUND TRANSFER,737621,SUCCESS,
2781,2025-11-13 13:58:16,2883,4293,FUND TRANSFER,593536,SUCCESS,
2782,2025-06-15 08:34:11,1973,2432,FUND TRANSFER,703073,SUCCESS,
2783,2025-04-25 05:48:50,630,,DEPOSIT,99425,SUCCESS,
2784,2025-05-25 00:29:10,2716,4390,FUND TRANSFER,495432,SUCCESS,
2785,2025-09-12 22:13:02,4129,2806,IMPS,25509,SUCCESS,
2786,2025-08-20 21:11:30,566,,ATM WITHDRAWAL,9662,SUCCESS,
2787,2025-12-10 09:57:44,1061,,ATM WITHDRAWAL,5815,SUCCESS,
2788,2025-08-24 01:43:10,2402,237,FUND TRANSFER,169136,SUCCESS,
2789,2025-09-02 05:12:53,1394,4627,FUND TRANSFER,38996,SUCCESS,
2790,2025-04-26 19:37:37,2129,,WITHDRAWAL,48963,SUCCESS,
2791,2025-01-07 06:30:22,3475,2687,FUND TRANSFER,164103,SUCCESS,
2792,2025-10-14 15:21:35,985,2863,FUND TRANSFER,310689,SUCCESS,
2793,2025-05-05 01:31:16,879,3212,UPI,2041,SUCCESS,
2794,2025-10-06 00:06:05,2456,3739,UPI,9859,SUCCESS,
2795,2025-05-14 12:00:13,1115,2631,UPI,170,SUCCESS,
2796,2025-06-08 22:00:30,642,544,UPI,1126,SUCCESS,
2797,2025-02-19 07:03:02,4323,1846,FUND TRANSFER,77363,SUCCESS,
2798,2025-12-11 03:26:14,4686,,DEPOSIT,14468,SUCCESS,
2799,2025-12-24 03:29:09,2439,,WITHDRAWAL,5098,SUCCESS,
2800,2025-06-22 04:50:43,3542,2266,NEFT,250696,SUCCESS,
2801,2025-06-06 12:28:19,407,572,FUND TRANSFER,292316,SUCCESS,
2802,2025-10-30 02:59:45,322,3089,NEFT,344872,SUCCESS,
2803,2025-08-04 21:20:30,3940,,INTEREST CREDIT,8747,SUCCESS,
2804,2025-03-22 11:44:31,432,3945,UPI,5900,SUCCESS,
2805,2025-10-04 00:11:03,1531,,DEPOSIT,35588,SUCCESS,
2806,2025-12-31 19:00:41,3229,,WITHDRAWAL,6866,SUCCESS,
2807,2025-10-24 22:14:11,2906,4007,IMPS,104619,SUCCESS,
2808,2025-04-21 05:32:29,3005,,ATM WITHDRAWAL,3412,SUCCESS,
2809,2025-08-07 04:41:42,1245,3806,FUND TRANSFER,25807,SUCCESS,
2810,2025-05-28 09:46:22,2153,,ATM WITHDRAWAL,7139,SUCCESS,
2811,2025-12-31 01:27:06,4456,3614,FUND TRANSFER,819440,SUCCESS,
2812,2025-07-24 22:48:01,2514,2973,NEFT,419296,SUCCESS,
2813,2025-03-29 02:04:22,4488,,WITHDRAWAL,37258,SUCCESS,
2814,2025-01-03 06:38:55,2018,1741,UPI,8797,SUCCESS,
2815,2025-06-16 20:39:25,2948,,WITHDRAWAL,35373,SUCCESS,
2816,2025-02-02 09:03:29,2396,,ATM WITHDRAWAL,4667,SUCCESS,
2817,2025-02-12 12:13:58,697,,INTEREST CREDIT,8593,SUCCESS,
2818,2025-05-07 16:34:31,2861,1406,UPI,8008,SUCCESS,
2819,2025-03-14 07:57:36,2362,,INTEREST CREDIT,16128,SUCCESS,
2820,2025-01-14 13:52:31,4451,3823,UPI,8175,SUCCESS,
2821,2025-04-26 03:54:33,4477,26,IMPS,151865,SUCCESS,
2822,2025-07-09 14:32:20,2562,3077,FUND TRANSFER,409099,SUCCESS,
2823,2025-10-29 20:18:29,237,,ATM WITHDRAWAL,1721,SUCCESS,
2824,2025-06-26 03:01:07,719,,WITHDRAWAL,11976,SUCCESS,
2825,2025-08-10 19:59:31,181,79,UPI,7742,SUCCESS,
2826,2025-10-06 17:07:56,551,3745,UPI,1961,SUCCESS,
2827,2025-10-26 21:59:28,4452,2528,UPI,3085,SUCCESS,
2828,2025-01-23 11:05:19,1553,,WITHDRAWAL,33171,SUCCESS,
2829,2025-03-11 03:51:11,689,,DEPOSIT,21121,SUCCESS,
2830,2025-09-16 20:45:40,4364,,WITHDRAWAL,21904,SUCCESS,
2831,2025-07-20 09:37:47,1661,4455,FUND TRANSFER,309769,SUCCESS,
2832,2025-05-06 03:08:07,3344,3125,UPI,1409,SUCCESS,
2833,2025-04-09 12:47:30,4496,1040,NEFT,338730,FAILED,Beneficiary Not Found
2834,2025-07-16 23:12:07,31,,WITHDRAWAL,2361,SUCCESS,
2835,2025-04-02 19:08:40,1861,,WITHDRAWAL,26591,SUCCESS,
2836,2025-04-13 20:14:21,1219,3176,UPI,5825,SUCCESS,
2837,2025-11-24 03:06:00,3471,3955,FUND TRANSFER,963880,SUCCESS,
2838,2025-09-14 02:50:37,4023,,DEPOSIT,56810,SUCCESS,
2839,2025-12-16 21:33:44,1525,,WITHDRAWAL,36425,SUCCESS,
2840,2025-01-28 11:00:29,3694,,ATM WITHDRAWAL,1841,SUCCESS,
2841,2025-04-11 09:06:38,2117,,WITHDRAWAL,21262,SUCCESS,
2842,2025-11-12 09:02:35,1771,3395,IMPS,55281,SUCCESS,
2843,2025-11-22 02:26:29,155,3509,NEFT,376244,SUCCESS,
2844,2025-05-15 21:23:07,3136,,DEPOSIT,77250,SUCCESS,
2845,2025-07-19 10:15:23,1642,4102,IMPS,11345,SUCCESS,
2846,2025-10-17 10:54:32,4515,657,UPI,8193,SUCCESS,
2847,2025-08-28 04:02:23,2504,4826,FUND TRANSFER,419893,SUCCESS,
2848,2025-06-24 07:17:26,2061,2534,UPI,3544,FAILED,Account Blocked
2849,2025-03-27 14:32:15,355,,ATM WITHDRAWAL,8100,SUCCESS,
2850,2025-10-07 16:51:47,3909,4647,FUND TRANSFER,347019,SUCCESS,
2851,2025-12-31 06:54:16,1777,2953,UPI,4087,SUCCESS,
2852,2025-08-22 22:26:21,2430,2267,UPI,9813,SUCCESS,
2853,2025-05-12 05:05:15,2965,,WITHDRAWAL,2582,SUCCESS,
2854,2025-04-02 00:00:31,3537,1736,FUND TRANSFER,606388,SUCCESS,
2855,2025-08-30 03:20:15,660,946,FUND TRANSFER,197214,SUCCESS,
2856,2025-01-24 11:27:37,828,3035,UPI,3057,SUCCESS,
2857,2025-02-27 21:57:16,1567,3782,FUND TRANSFER,814461,SUCCESS,
2858,2025-03-28 10:14:43,110,,WITHDRAWAL,16989,SUCCESS,
2859,2025-08-11 03:42:51,4234,3092,UPI,1023,SUCCESS,
2860,2025-08-13 00:15:55,3346,2658,UPI,344,SUCCESS,
2861,2025-02-18 23:09:31,2972,4250,FUND TRANSFER,701701,SUCCESS,
2862,2025-01-31 19:12:11,3396,3640,FUND TRANSFER,715223,SUCCESS,
2863,2025-10-02 09:19:05,2170,4394,FUND TRANSFER,694373,FAILED,Invalid Account
2864,2025-10-24 02:04:28,4567,,WITHDRAWAL,16260,SUCCESS,
2865,2025-12-01 04:12:35,812,991,FUND TRANSFER,15447,SUCCESS,
2866,2025-11-29 13:55:06,3840,2999,FUND TRANSFER,184107,SUCCESS,
2867,2025-07-29 11:29:47,1078,4368,IMPS,144200,SUCCESS,
2868,2025-03-31 22:13:51,4590,,ATM WITHDRAWAL,6117,SUCCESS,
2869,2025-08-03 07:28:11,1779,168,UPI,4244,SUCCESS,
2870,2025-05-23 21:47:01,163,4061,UPI,3898,SUCCESS,
2871,2025-08-19 14:07:34,1621,492,NEFT,272982,SUCCESS,
2872,2025-08-08 18:42:53,4493,,WITHDRAWAL,35244,SUCCESS,
2873,2025-03-25 18:23:15,4064,3396,UPI,234,SUCCESS,
2874,2025-02-11 09:25:34,4027,1573,IMPS,9053,SUCCESS,
2875,2025-07-29 18:24:21,539,,ATM WITHDRAWAL,1177,SUCCESS,
2876,2025-11-04 09:16:59,1310,,INTEREST CREDIT,11092,SUCCESS,
2877,2025-03-01 23:44:50,522,4239,FUND TRANSFER,506182,SUCCESS,
2878,2025-01-18 09:24:16,319,1906,UPI,3030,SUCCESS,
2879,2025-01-13 02:09:02,1976,559,NEFT,272874,SUCCESS,
2880,2025-12-25 10:15:50,1439,3120,FUND TRANSFER,693533,SUCCESS,
2881,2025-03-11 18:00:56,1508,,DEPOSIT,51616,SUCCESS,
2882,2025-10-24 11:09:04,2481,609,NEFT,294590,SUCCESS,
2883,2025-06-02 01:50:03,3610,,ATM WITHDRAWAL,5137,SUCCESS,
2884,2025-09-29 06:46:47,4788,151,UPI,2845,SUCCESS,
2885,2025-04-11 10:36:40,1447,,DEPOSIT,85633,SUCCESS,
2886,2025-11-28 07:59:06,2389,,ATM WITHDRAWAL,4552,SUCCESS,
2887,2025-12-07 22:17:30,1100,3099,UPI,2803,SUCCESS,
2888,2025-03-22 03:31:09,4913,1358,UPI,1464,SUCCESS,
2889,2025-04-03 11:23:05,2121,,INTEREST CREDIT,12820,SUCCESS,
2890,2025-11-08 19:47:48,100,,WITHDRAWAL,39604,SUCCESS,
2891,2025-10-29 22:55:42,2698,,ATM WITHDRAWAL,1019,SUCCESS,
2892,2025-02-24 11:48:52,2982,2682,UPI,4040,SUCCESS,
2893,2025-08-15 11:35:09,2747,,WITHDRAWAL,46234,FAILED,Account Blocked
2894,2025-12-05 15:10:49,2704,1840,UPI,1323,SUCCESS,
2895,2025-05-24 14:35:40,315,3609,NEFT,32848,SUCCESS,
2896,2025-09-14 08:00:27,1773,3238,FUND TRANSFER,941230,SUCCESS,
2897,2025-03-24 22:05:20,2150,1451,UPI,5241,SUCCESS,
2898,2025-03-24 15:57:25,3339,,WITHDRAWAL,3665,SUCCESS,
2899,2025-06-16 17:45:47,3087,4260,IMPS,129036,SUCCESS,
2900,2025-08-14 01:02:10,2709,,ATM WITHDRAWAL,190,SUCCESS,
2901,2025-07-25 11:33:47,1456,2318,UPI,3988,SUCCESS,
2902,2025-12-04 08:06:53,29,,ATM WITHDRAWAL,2642,SUCCESS,
2903,2025-12-16 05:23:35,3792,4192,FUND TRANSFER,868499,SUCCESS,
2904,2025-11-01 13:07:22,66,2672,NEFT,354775,SUCCESS,
2905,2025-04-13 22:10:29,3614,,WITHDRAWAL,33442,SUCCESS,
2906,2025-08-31 05:57:35,999,,DEPOSIT,704,SUCCESS,
2907,2025-12-16 17:02:19,2156,3495,UPI,2020,SUCCESS,
2908,2025-08-03 01:34:43,4797,,ATM WITHDRAWAL,9862,SUCCESS,
2909,2025-08-29 05:11:49,3633,3558,IMPS,171709,SUCCESS,
2910,2025-12-17 07:48:58,2793,,ATM WITHDRAWAL,5496,SUCCESS,
2911,2025-10-14 14:01:29,3397,178,UPI,5299,SUCCESS,
2912,2025-09-20 07:43:57,2752,,WITHDRAWAL,44806,SUCCESS,
2913,2025-09-03 09:29:27,2743,1037,UPI,7029,SUCCESS,
2914,2025-07-15 09:15:02,2577,,WITHDRAWAL,19081,SUCCESS,
2915,2025-10-14 02:35:24,1394,94,NEFT,392995,SUCCESS,
2916,2025-09-29 16:14:24,2597,4087,FUND TRANSFER,794254,SUCCESS,
2917,2025-04-10 07:11:36,2144,,ATM WITHDRAWAL,5486,SUCCESS,
2918,2025-02-24 02:46:04,1740,,WITHDRAWAL,13302,SUCCESS,
2919,2025-01-30 20:14:55,981,1883,FUND TRANSFER,272687,SUCCESS,
2920,2025-11-11 06:49:54,3195,,ATM WITHDRAWAL,8633,SUCCESS,
2921,2025-07-12 08:23:52,3017,353,UPI,6644,SUCCESS,
2922,2025-01-10 13:34:23,2465,4199,UPI,6118,SUCCESS,
2923,2025-03-26 09:53:33,1323,2528,UPI,6753,SUCCESS,
2924,2025-10-24 18:45:02,4343,2238,IMPS,172790,SUCCESS,
2925,2025-07-30 00:47:08,4263,4362,UPI,780,SUCCESS,
2926,2025-08-10 10:19:01,2653,,ATM WITHDRAWAL,415,SUCCESS,
2927,2025-09-12 13:23:55,327,1354,UPI,7039,SUCCESS,
2928,2025-09-06 12:36:12,4796,,ATM WITHDRAWAL,2702,SUCCESS,
2929,2025-10-14 04:19:47,2157,266,FUND TRANSFER,737794,SUCCESS,
2930,2025-07-23 00:25:33,1933,,ATM WITHDRAWAL,3096,SUCCESS,
2931,2025-05-11 03:03:13,55,4569,UPI,9927,SUCCESS,
2932,2025-10-01 00:12:36,2174,3119,UPI,8831,SUCCESS,
2933,2025-08-17 19:02:33,1713,3587,NEFT,323827,SUCCESS,
2934,2025-11-24 06:13:46,2172,3048,UPI,2373,SUCCESS,
2935,2025-04-06 10:56:33,2322,,WITHDRAWAL,23588,SUCCESS,
2936,2025-04-03 20:28:21,3232,1864,UPI,7836,FAILED,Network Timeout
2937,2025-08-01 01:42:49,4651,179,NEFT,75465,SUCCESS,
2938,2025-03-29 03:03:53,900,1865,UPI,2015,SUCCESS,
2939,2025-04-10 07:28:45,3590,1908,NEFT,330293,SUCCESS,
2940,2025-09-23 15:49:09,111,1348,NEFT,289934,FAILED,Network Timeout
2941,2025-02-02 19:26:34,1852,3412,UPI,9383,SUCCESS,
2942,2025-12-15 02:18:16,95,,ATM WITHDRAWAL,2556,SUCCESS,
2943,2025-05-30 09:03:02,4978,2282,FUND TRANSFER,575723,SUCCESS,
2944,2025-06-21 20:41:34,2089,,DEPOSIT,33436,SUCCESS,
2945,2025-12-04 13:37:44,4462,1585,IMPS,18504,SUCCESS,
2946,2025-12-20 13:54:53,4214,,ATM WITHDRAWAL,887,FAILED,Account Blocked
2947,2025-09-10 23:22:31,2476,,DEPOSIT,64181,SUCCESS,
2948,2025-10-12 10:08:05,4384,,DEPOSIT,27283,SUCCESS,
2949,2025-09-03 21:40:51,2689,4541,UPI,681,SUCCESS,
2950,2025-07-09 12:46:53,1595,,DEPOSIT,4915,SUCCESS,
2951,2025-11-04 04:10:47,3774,2347,UPI,2861,SUCCESS,
2952,2025-03-10 19:57:16,3159,3998,IMPS,150010,SUCCESS,
2953,2025-01-05 14:21:17,2186,4746,FUND TRANSFER,146165,SUCCESS,
2954,2025-11-29 04:56:17,3250,754,FUND TRANSFER,819068,SUCCESS,
2955,2025-08-16 00:48:01,3177,4136,UPI,9478,SUCCESS,
2956,2025-10-27 03:56:05,4150,2165,IMPS,129154,SUCCESS,
2957,2025-06-13 15:15:12,3804,4275,IMPS,50607,SUCCESS,
2958,2025-12-08 22:39:05,2628,2517,NEFT,339359,SUCCESS,
2959,2025-07-04 18:41:28,2000,2651,FUND TRANSFER,146643,SUCCESS,
2960,2025-11-03 18:27:31,1509,2771,UPI,473,SUCCESS,
2961,2025-09-18 01:29:23,528,,ATM WITHDRAWAL,9254,SUCCESS,
2962,2025-07-17 20:10:42,3923,,ATM WITHDRAWAL,6176,SUCCESS,
2963,2025-12-23 23:44:28,1189,4600,UPI,9540,SUCCESS,
2964,2025-08-02 08:10:16,4469,4708,IMPS,61371,SUCCESS,
2965,2025-08-10 17:14:41,3784,,ATM WITHDRAWAL,3480,SUCCESS,
2966,2025-02-27 19:49:15,1067,2742,UPI,1860,SUCCESS,
2967,2025-09-12 07:03:07,402,,DEPOSIT,12651,SUCCESS,
2968,2025-11-22 15:14:12,1063,1202,FUND TRANSFER,593143,SUCCESS,
2969,2025-07-01 19:36:30,2460,4915,FUND TRANSFER,152375,SUCCESS,
2970,2025-07-01 09:02:27,348,2071,FUND TRANSFER,972033,SUCCESS,
2971,2025-12-04 23:49:45,1773,592,UPI,4850,SUCCESS,
2972,2025-04-11 01:56:38,3812,1749,UPI,9719,SUCCESS,
2973,2025-12-05 01:52:08,4215,,WITHDRAWAL,25633,SUCCESS,
2974,2025-06-24 21:11:29,4828,1064,UPI,303,SUCCESS,
2975,2025-02-27 21:25:55,1222,1021,UPI,6708,SUCCESS,
2976,2025-05-31 00:59:12,4777,1957,NEFT,15098,SUCCESS,
2977,2025-02-25 20:24:41,3825,,ATM WITHDRAWAL,2372,SUCCESS,
2978,2025-03-05 02:02:26,700,3282,UPI,27,FAILED,Network Timeout
2979,2025-07-21 23:41:18,2470,3738,FUND TRANSFER,440929,SUCCESS,
2980,2025-09-04 18:29:26,2353,3796,UPI,8522,SUCCESS,
2981,2025-11-07 00:57:43,588,3571,IMPS,144747,SUCCESS,
2982,2025-07-30 13:29:44,4337,,DEPOSIT,41243,SUCCESS,
2983,2025-02-18 11:07:47,2890,974,UPI,181,SUCCESS,
2984,2025-08-16 01:16:30,788,3020,UPI,5396,SUCCESS,
2985,2025-02-20 13:19:58,4540,1311,FUND TRANSFER,538207,SUCCESS,
2986,2025-04-03 10:51:42,2645,4570,NEFT,341130,SUCCESS,
2987,2025-04-19 02:55:09,565,2708,FUND TRANSFER,438465,SUCCESS,
2988,2025-09-30 13:19:01,4763,4438,IMPS,152195,SUCCESS,
2989,2025-03-04 06:31:53,4416,4693,NEFT,408583,SUCCESS,
2990,2025-04-10 13:53:34,1784,1809,FUND TRANSFER,840674,SUCCESS,
2991,2025-09-11 04:36:38,1483,,ATM WITHDRAWAL,3293,SUCCESS,
2992,2025-12-18 05:21:26,4995,2309,UPI,5522,SUCCESS,
2993,2025-08-14 04:33:24,370,,ATM WITHDRAWAL,7238,SUCCESS,
2994,2025-01-17 07:25:52,2020,3753,FUND TRANSFER,150046,SUCCESS,
2995,2025-04-06 22:45:52,871,,ATM WITHDRAWAL,2838,SUCCESS,
2996,2025-06-10 22:58:49,1378,2070,UPI,7058,SUCCESS,
2997,2025-02-04 13:44:57,2219,,ATM WITHDRAWAL,3859,SUCCESS,
2998,2025-11-19 02:28:54,4967,1933,UPI,9106,SUCCESS,
2999,2025-07-25 04:12:05,4421,4503,IMPS,146037,SUCCESS,
3000,2025-10-04 08:03:30,3625,,INTEREST CREDIT,7328,SUCCESS,
3001,2025-03-10 21:29:08,4827,4452,UPI,3432,SUCCESS,
3002,2025-07-18 02:14:48,129,3856,UPI,4302,SUCCESS,
3003,2025-12-16 18:41:43,1034,4307,IMPS,58263,SUCCESS,
3004,2025-02-14 00:53:35,4916,2909,IMPS,184719,SUCCESS,
3005,2025-12-10 16:58:10,3937,2025,FUND TRANSFER,147289,SUCCESS,
3006,2025-08-02 08:03:01,3759,4847,FUND TRANSFER,728738,SUCCESS,
3007,2025-07-19 08:29:06,3961,1779,FUND TRANSFER,148994,SUCCESS,
3008,2025-12-25 01:33:59,4126,,WITHDRAWAL,20640,SUCCESS,
3009,2025-04-09 10:20:07,4642,,ATM WITHDRAWAL,1970,SUCCESS,
3010,2025-04-28 05:13:52,3531,2252,FUND TRANSFER,523145,SUCCESS,
3011,2025-05-04 20:13:55,4856,145,UPI,9653,FAILED,Account Blocked
3012,2025-07-29 06:26:28,529,,WITHDRAWAL,32828,SUCCESS,
3013,2025-02-11 15:26:08,2636,,ATM WITHDRAWAL,9667,SUCCESS,
3014,2025-04-14 21:44:32,4991,,WITHDRAWAL,4433,SUCCESS,
3015,2025-06-02 15:04:20,4306,965,UPI,9717,SUCCESS,
3016,2025-05-17 15:55:43,3371,,WITHDRAWAL,28605,SUCCESS,
3017,2025-04-07 00:24:13,3219,4663,UPI,3605,SUCCESS,
3018,2025-03-20 13:22:39,1897,,DEPOSIT,25171,SUCCESS,
3019,2025-08-14 22:01:51,367,1320,UPI,4833,SUCCESS,
3020,2025-10-13 22:28:06,2441,198,IMPS,11276,SUCCESS,
3021,2025-04-20 02:31:33,4711,663,UPI,4044,SUCCESS,
3022,2025-04-04 06:05:54,1527,4527,FUND TRANSFER,345141,SUCCESS,
3023,2025-03-12 07:02:21,4295,4960,UPI,7498,SUCCESS,
3024,2025-06-18 19:16:06,68,4273,UPI,5525,SUCCESS,
3025,2025-08-20 19:48:26,2803,4611,FUND TRANSFER,574487,SUCCESS,
3026,2025-03-13 23:53:44,3697,3689,UPI,2495,SUCCESS,
3027,2025-06-21 04:35:40,926,,WITHDRAWAL,32387,SUCCESS,
3028,2025-12-30 07:38:53,2937,,DEPOSIT,20107,SUCCESS,
3029,2025-08-14 08:28:49,1591,,ATM WITHDRAWAL,1437,SUCCESS,
3030,2025-04-09 14:56:51,1411,,ATM WITHDRAWAL,6024,SUCCESS,
3031,2025-03-12 13:34:27,779,,ATM WITHDRAWAL,8575,SUCCESS,
3032,2025-07-21 07:47:22,3788,,WITHDRAWAL,43313,SUCCESS,
3033,2025-11-18 20:18:11,3165,2863,UPI,9578,SUCCESS,
3034,2025-07-28 19:23:42,3694,2062,FUND TRANSFER,835691,SUCCESS,
3035,2025-10-26 02:37:04,2055,4380,FUND TRANSFER,246905,SUCCESS,
3036,2025-08-11 04:12:42,1224,,ATM WITHDRAWAL,4754,SUCCESS,
3037,2025-02-14 11:21:30,4225,,WITHDRAWAL,18481,SUCCESS,
3038,2025-07-27 18:27:09,3422,,DEPOSIT,11033,SUCCESS,
3039,2025-05-30 13:09:41,4767,4275,FUND TRANSFER,285381,SUCCESS,
3040,2025-07-07 17:22:32,2038,477,FUND TRANSFER,772656,SUCCESS,
3041,2025-09-10 05:29:20,820,810,IMPS,91102,SUCCESS,
3042,2025-11-22 14:13:28,3458,4319,NEFT,129587,SUCCESS,
3043,2025-12-02 00:01:19,2077,4712,FUND TRANSFER,483041,SUCCESS,
3044,2025-08-18 13:36:59,3033,393,FUND TRANSFER,93640,SUCCESS,
3045,2025-07-18 07:48:02,3763,,INTEREST CREDIT,23374,FAILED,Insufficient Balance
3046,2025-02-14 03:28:08,3078,687,NEFT,111333,SUCCESS,
3047,2025-01-28 04:54:01,2487,,DEPOSIT,9205,SUCCESS,
3048,2025-03-24 12:02:46,4267,4105,UPI,1133,SUCCESS,
3049,2025-10-12 04:01:17,2760,,INTEREST CREDIT,12967,SUCCESS,
3050,2025-04-03 23:33:56,2211,3336,UPI,4092,SUCCESS,
3051,2025-01-17 02:58:36,2920,1626,UPI,9404,SUCCESS,
3052,2025-08-01 18:27:41,3763,,DEPOSIT,9603,SUCCESS,
3053,2025-11-01 02:37:33,4681,308,IMPS,73511,SUCCESS,
3054,2025-11-14 15:05:35,3379,3718,IMPS,65896,SUCCESS,
3055,2025-05-07 10:02:21,1364,,ATM WITHDRAWAL,2808,SUCCESS,
3056,2025-02-18 18:34:12,1743,1898,FUND TRANSFER,490461,SUCCESS,
3057,2025-06-24 13:21:08,3030,,ATM WITHDRAWAL,3179,SUCCESS,
3058,2025-08-10 18:23:18,4560,,WITHDRAWAL,42364,SUCCESS,
3059,2025-07-04 10:08:38,4799,,ATM WITHDRAWAL,1480,SUCCESS,
3060,2025-05-20 05:57:33,3486,2797,FUND TRANSFER,653124,SUCCESS,
3061,2025-07-26 21:19:59,451,531,UPI,2366,SUCCESS,
3062,2025-12-03 15:41:21,152,2981,NEFT,352112,SUCCESS,
3063,2025-06-09 13:35:27,4850,2871,FUND TRANSFER,314187,SUCCESS,
3064,2025-08-12 20:06:13,355,,ATM WITHDRAWAL,9452,SUCCESS,
3065,2025-03-23 01:08:11,2046,,WITHDRAWAL,42874,SUCCESS,
3066,2025-05-06 06:25:30,4977,1002,UPI,8025,SUCCESS,
3067,2025-03-31 20:13:55,4383,277,NEFT,206143,SUCCESS,
3068,2025-08-12 04:23:12,965,,ATM WITHDRAWAL,9472,SUCCESS,
3069,2025-04-09 15:09:51,4000,1890,FUND TRANSFER,471528,SUCCESS,
3070,2025-10-12 10:14:47,556,,DEPOSIT,77135,SUCCESS,
3071,2025-09-17 06:41:28,65,,DEPOSIT,10284,SUCCESS,
3072,2025-06-08 23:35:48,1475,1159,IMPS,194893,SUCCESS,
3073,2025-04-06 12:01:53,825,4361,FUND TRANSFER,28506,SUCCESS,
3074,2025-08-13 19:00:06,616,1470,UPI,8876,SUCCESS,
3075,2025-12-21 13:36:15,3499,1022,NEFT,131584,SUCCESS,
3076,2025-07-31 22:39:39,2909,1555,UPI,1603,SUCCESS,
3077,2025-12-07 00:50:28,2392,445,FUND TRANSFER,534282,SUCCESS,
3078,2025-08-14 03:54:19,2325,3141,FUND TRANSFER,93532,SUCCESS,
3079,2025-05-08 11:38:38,2036,2222,NEFT,365501,SUCCESS,
3080,2025-07-16 11:05:42,2800,,WITHDRAWAL,48507,SUCCESS,
3081,2025-03-28 11:51:11,1847,,ATM WITHDRAWAL,6733,FAILED,Network Timeout
3082,2025-05-12 01:10:54,2581,4209,FUND TRANSFER,993303,SUCCESS,
3083,2025-07-20 21:43:31,1798,,ATM WITHDRAWAL,6662,SUCCESS,
3084,2025-05-08 14:13:20,4690,4998,FUND TRANSFER,769784,FAILED,Network Timeout
3085,2025-12-04 22:00:56,3109,801,NEFT,94408,SUCCESS,
3086,2025-01-17 12:46:45,4619,1196,NEFT,236640,SUCCESS,
3087,2025-09-20 06:02:27,3797,4232,UPI,7666,SUCCESS,
3088,2025-06-19 20:00:37,2680,,DEPOSIT,42332,SUCCESS,
3089,2025-12-03 10:50:02,80,,ATM WITHDRAWAL,8963,SUCCESS,
3090,2025-10-10 23:39:40,1023,,INTEREST CREDIT,2618,SUCCESS,
3091,2025-03-10 17:33:46,3849,2238,NEFT,218703,SUCCESS,
3092,2025-09-27 04:14:57,46,,INTEREST CREDIT,3818,SUCCESS,
3093,2025-09-14 13:48:16,4268,3842,UPI,4959,SUCCESS,
3094,2025-09-13 16:46:24,3951,4277,UPI,7965,SUCCESS,
3095,2025-06-03 17:53:42,3407,4766,FUND TRANSFER,803191,SUCCESS,
3096,2025-12-19 20:35:36,4726,,ATM WITHDRAWAL,5216,SUCCESS,
3097,2025-11-29 13:55:27,4301,,WITHDRAWAL,23043,SUCCESS,
3098,2025-03-17 22:55:40,2555,3331,FUND TRANSFER,821510,SUCCESS,
3099,2025-06-25 15:42:57,2545,2059,UPI,1797,SUCCESS,
3100,2025-04-30 14:14:53,2405,,ATM WITHDRAWAL,3215,SUCCESS,
3101,2025-03-26 00:13:19,685,3182,UPI,7931,SUCCESS,
3102,2025-10-29 15:22:55,4709,370,FUND TRANSFER,978823,SUCCESS,
3103,2025-05-12 22:01:30,3756,1236,NEFT,452043,SUCCESS,
3104,2025-05-26 13:10:44,4870,1947,NEFT,290471,SUCCESS,
3105,2025-06-23 08:16:57,3324,,WITHDRAWAL,12064,SUCCESS,
3106,2025-11-01 10:32:21,2814,,ATM WITHDRAWAL,5929,SUCCESS,
3107,2025-10-03 13:51:39,4324,,DEPOSIT,53083,SUCCESS,
3108,2025-08-26 00:07:47,281,3470,UPI,1397,SUCCESS,
3109,2025-12-18 22:49:40,3031,1422,UPI,2467,SUCCESS,
3110,2025-11-12 15:59:56,3757,,WITHDRAWAL,13643,SUCCESS,
3111,2025-10-19 04:50:51,1339,162,FUND TRANSFER,331352,SUCCESS,
3112,2025-09-17 22:07:54,3133,4766,FUND TRANSFER,539952,SUCCESS,
3113,2025-07-31 01:38:11,541,152,NEFT,241037,SUCCESS,
3114,2025-12-22 19:17:38,2825,317,FUND TRANSFER,962785,FAILED,Daily Limit Exceeded
3115,2025-06-22 00:14:22,133,,ATM WITHDRAWAL,5026,SUCCESS,
3116,2025-09-27 09:37:16,304,1937,FUND TRANSFER,872840,SUCCESS,
3117,2025-10-23 04:30:21,1311,,WITHDRAWAL,18744,SUCCESS,
3118,2025-02-19 11:44:08,4945,4954,NEFT,385719,SUCCESS,
3119,2025-09-30 21:07:20,1437,,WITHDRAWAL,28347,SUCCESS,
3120,2025-12-27 07:00:38,1897,702,FUND TRANSFER,343966,SUCCESS,
3121,2025-06-25 06:28:24,3911,,WITHDRAWAL,20596,SUCCESS,
3122,2025-03-18 05:33:37,3816,222,UPI,493,SUCCESS,
3123,2025-03-08 00:30:17,4767,,WITHDRAWAL,26197,SUCCESS,
3124,2025-07-17 19:46:11,2375,,ATM WITHDRAWAL,4426,SUCCESS,
3125,2025-11-23 11:10:42,2015,2378,FUND TRANSFER,157510,SUCCESS,
3126,2025-09-05 23:02:39,1387,,WITHDRAWAL,4250,SUCCESS,
3127,2025-08-31 13:58:03,3384,,WITHDRAWAL,19094,SUCCESS,
3128,2025-11-06 22:35:19,2496,3520,NEFT,369175,SUCCESS,
3129,2025-07-09 21:39:45,736,,ATM WITHDRAWAL,5172,SUCCESS,
3130,2025-12-22 05:02:50,586,1377,UPI,3779,SUCCESS,
3131,2025-01-12 21:29:25,2357,4461,FUND TRANSFER,921874,SUCCESS,
3132,2025-01-28 17:21:30,3995,,DEPOSIT,13246,SUCCESS,
3133,2025-11-17 22:07:20,4742,1840,UPI,7914,SUCCESS,
3134,2025-03-12 20:26:00,4257,4716,NEFT,186221,SUCCESS,
3135,2025-03-09 21:43:00,3918,3191,IMPS,50298,SUCCESS,
3136,2025-01-15 12:31:42,877,,INTEREST CREDIT,12741,SUCCESS,
3137,2025-06-07 18:25:29,1853,,ATM WITHDRAWAL,9410,SUCCESS,
3138,2025-02-18 13:16:35,4420,,DEPOSIT,44958,SUCCESS,
3139,2025-02-23 20:58:12,3872,2078,NEFT,462598,SUCCESS,
3140,2025-01-06 08:33:00,4072,,ATM WITHDRAWAL,8345,SUCCESS,
3141,2025-07-26 05:43:14,2163,3207,NEFT,43775,SUCCESS,
3142,2025-02-01 05:01:18,211,3861,FUND TRANSFER,667296,SUCCESS,
3143,2025-12-13 21:36:43,236,4203,NEFT,409248,SUCCESS,
3144,2025-04-24 06:04:34,3340,,DEPOSIT,30459,SUCCESS,
3145,2025-07-14 18:18:59,1233,,DEPOSIT,54200,SUCCESS,
3146,2025-04-27 08:15:44,3296,,DEPOSIT,92611,SUCCESS,
3147,2025-12-11 22:52:34,4302,,ATM WITHDRAWAL,6799,SUCCESS,
3148,2025-01-08 01:54:43,4829,4800,FUND TRANSFER,859307,SUCCESS,
3149,2025-11-19 22:29:11,2083,1758,IMPS,99999,SUCCESS,
3150,2025-07-27 15:27:07,4260,2222,FUND TRANSFER,418868,SUCCESS,
3151,2025-10-22 06:00:58,1166,4716,FUND TRANSFER,204454,SUCCESS,
3152,2025-10-20 02:55:49,1982,2989,IMPS,143842,SUCCESS,
3153,2025-10-01 22:00:51,711,4691,FUND TRANSFER,237321,SUCCESS,
3154,2025-04-08 13:31:53,888,,DEPOSIT,20947,SUCCESS,
3155,2025-03-13 02:45:34,2937,4790,UPI,8250,SUCCESS,
3156,2025-02-28 00:40:21,4909,,WITHDRAWAL,20558,FAILED,Beneficiary Not Found
3157,2025-06-20 05:43:51,2028,,ATM WITHDRAWAL,1902,SUCCESS,
3158,2025-03-30 06:31:22,3604,,WITHDRAWAL,45038,SUCCESS,
3159,2025-04-12 10:05:02,4470,,DEPOSIT,6214,SUCCESS,
3160,2025-02-12 03:42:36,971,,ATM WITHDRAWAL,6524,SUCCESS,
3161,2025-07-01 02:44:31,1860,4755,FUND TRANSFER,549860,SUCCESS,
3162,2025-04-10 09:31:19,3370,1264,FUND TRANSFER,694961,SUCCESS,
3163,2025-12-28 08:29:50,1636,,ATM WITHDRAWAL,2958,SUCCESS,
3164,2025-07-17 15:42:24,984,,ATM WITHDRAWAL,5031,SUCCESS,
3165,2025-12-14 09:01:11,3282,,ATM WITHDRAWAL,5579,SUCCESS,
3166,2025-12-30 01:33:03,4947,550,NEFT,467142,SUCCESS,
3167,2025-12-03 06:36:39,3983,,WITHDRAWAL,14267,SUCCESS,
3168,2025-01-05 03:36:51,999,4402,UPI,9159,SUCCESS,
3169,2025-02-12 11:29:43,3103,,ATM WITHDRAWAL,7245,SUCCESS,
3170,2025-09-14 15:27:37,4085,236,UPI,7015,SUCCESS,
3171,2025-09-23 18:32:42,709,684,FUND TRANSFER,399716,SUCCESS,
3172,2025-01-29 14:36:15,1304,,ATM WITHDRAWAL,6661,SUCCESS,
3173,2025-11-11 13:45:13,2314,2713,FUND TRANSFER,986696,SUCCESS,
3174,2025-08-14 04:28:19,3793,4593,FUND TRANSFER,339534,SUCCESS,
3175,2025-12-14 04:43:52,4615,3492,IMPS,53459,SUCCESS,
3176,2025-07-13 06:52:35,539,,WITHDRAWAL,11388,SUCCESS,
3177,2025-09-26 22:06:29,3416,,ATM WITHDRAWAL,8117,SUCCESS,
3178,2025-11-02 17:33:29,2324,,ATM WITHDRAWAL,7300,SUCCESS,
3179,2025-10-20 14:47:59,4259,500,UPI,7204,SUCCESS,
3180,2025-10-19 09:26:14,3750,,WITHDRAWAL,12821,SUCCESS,
3181,2025-06-07 12:27:47,4708,469,NEFT,479572,SUCCESS,
3182,2025-08-05 23:17:51,1546,,ATM WITHDRAWAL,7694,SUCCESS,
3183,2025-06-15 04:46:54,195,,DEPOSIT,63528,SUCCESS,
3184,2025-08-22 07:48:31,417,3658,UPI,6288,SUCCESS,
3185,2025-07-20 09:14:54,1986,3443,FUND TRANSFER,373390,SUCCESS,
3186,2025-10-22 06:52:39,1168,,ATM WITHDRAWAL,4739,SUCCESS,
3187,2025-06-17 06:21:15,847,580,UPI,3567,SUCCESS,
3188,2025-05-15 09:39:46,1090,2117,FUND TRANSFER,515307,SUCCESS,
3189,2025-09-08 06:08:41,1770,,ATM WITHDRAWAL,3641,SUCCESS,
3190,2025-01-18 21:18:40,2132,4781,NEFT,182035,SUCCESS,
3191,2025-12-27 09:29:36,3490,973,FUND TRANSFER,276401,SUCCESS,
3192,2025-05-23 19:57:35,2136,2810,UPI,1978,SUCCESS,
3193,2025-05-07 18:36:57,427,3831,NEFT,189557,SUCCESS,
3194,2025-05-04 06:45:55,4826,2505,UPI,4708,SUCCESS,
3195,2025-05-29 14:59:51,337,2582,FUND TRANSFER,390376,SUCCESS,
3196,2025-08-12 17:54:05,2962,2010,NEFT,79726,SUCCESS,
3197,2025-09-09 05:57:03,4509,,WITHDRAWAL,20399,SUCCESS,
3198,2025-12-08 20:18:08,1288,3290,UPI,428,SUCCESS,
3199,2025-09-19 14:31:06,1155,,DEPOSIT,18607,SUCCESS,
3200,2025-02-20 13:57:24,1835,,WITHDRAWAL,13135,SUCCESS,
3201,2025-02-08 01:07:40,1094,1892,UPI,2922,SUCCESS,
3202,2025-08-04 03:57:18,819,4574,UPI,481,SUCCESS,
3203,2025-04-28 18:20:07,1430,2701,FUND TRANSFER,318651,SUCCESS,
3204,2025-05-08 19:46:10,991,,ATM WITHDRAWAL,1794,SUCCESS,
3205,2025-03-26 10:07:09,995,926,UPI,5099,SUCCESS,
3206,2025-12-29 19:00:16,612,,DEPOSIT,50743,SUCCESS,
3207,2025-03-22 05:50:45,4736,,ATM WITHDRAWAL,5032,SUCCESS,
3208,2025-10-08 19:05:43,4537,,DEPOSIT,37064,SUCCESS,
3209,2025-02-10 18:36:41,2132,3204,IMPS,119820,SUCCESS,
3210,2025-05-25 20:05:42,4595,2016,NEFT,144235,SUCCESS,
3211,2025-11-12 05:01:56,3470,,DEPOSIT,46091,SUCCESS,
3212,2025-02-13 00:56:49,2463,,ATM WITHDRAWAL,8050,SUCCESS,
3213,2025-06-06 14:14:36,4562,4155,IMPS,185343,SUCCESS,
3214,2025-10-21 14:34:56,3472,,DEPOSIT,27184,SUCCESS,
3215,2025-01-12 02:55:20,1779,4280,FUND TRANSFER,700064,SUCCESS,
3216,2025-02-11 19:47:04,725,3712,NEFT,437234,SUCCESS,
3217,2025-08-28 06:57:44,2167,4072,NEFT,190463,SUCCESS,
3218,2025-07-13 20:28:02,3934,4235,UPI,7966,SUCCESS,
3219,2025-01-10 02:39:32,4949,3264,NEFT,495929,SUCCESS,
3220,2025-03-31 22:38:53,859,2829,UPI,5998,SUCCESS,
3221,2025-09-17 05:48:34,4218,,WITHDRAWAL,46924,SUCCESS,
3222,2025-05-31 18:14:42,2045,3010,UPI,4075,SUCCESS,
3223,2025-02-27 14:52:34,2493,4211,NEFT,232432,SUCCESS,
3224,2025-06-24 15:13:02,2713,,ATM WITHDRAWAL,6196,SUCCESS,
3225,2025-05-06 07:55:59,3203,,ATM WITHDRAWAL,5939,SUCCESS,
3226,2025-03-26 09:49:19,4153,,ATM WITHDRAWAL,4468,SUCCESS,
3227,2025-08-07 02:32:20,958,,DEPOSIT,7832,SUCCESS,
3228,2025-02-27 12:36:24,3856,461,NEFT,138560,FAILED,Beneficiary Not Found
3229,2025-06-10 01:02:41,4000,652,FUND TRANSFER,136574,SUCCESS,
3230,2025-06-03 12:37:04,3216,,DEPOSIT,8185,SUCCESS,
3231,2025-09-27 07:03:23,4292,,WITHDRAWAL,41345,SUCCESS,
3232,2025-04-24 20:18:35,2955,2646,UPI,4816,SUCCESS,
3233,2025-10-16 06:04:43,952,4490,FUND TRANSFER,955258,SUCCESS,
3234,2025-10-06 00:41:20,1482,3182,FUND TRANSFER,932625,SUCCESS,
3235,2025-02-13 11:11:01,704,,WITHDRAWAL,358,SUCCESS,
3236,2025-09-24 08:37:43,312,2133,IMPS,24675,SUCCESS,
3237,2025-01-19 00:55:58,1189,3101,FUND TRANSFER,563223,SUCCESS,
3238,2025-07-21 15:40:57,1280,,ATM WITHDRAWAL,6149,SUCCESS,
3239,2025-12-07 23:10:14,1806,1526,UPI,9473,SUCCESS,
3240,2025-02-02 10:31:00,826,,DEPOSIT,12543,SUCCESS,
3241,2025-09-15 18:00:00,633,3414,NEFT,386226,SUCCESS,
3242,2025-04-03 22:47:37,932,510,IMPS,81110,SUCCESS,
3243,2025-10-10 01:50:37,634,,ATM WITHDRAWAL,1686,SUCCESS,
3244,2025-10-05 01:09:46,4410,1271,NEFT,380297,SUCCESS,
3245,2025-05-28 06:37:15,3250,3782,UPI,6065,SUCCESS,
3246,2025-01-19 06:08:37,581,486,UPI,4901,SUCCESS,
3247,2025-10-06 16:09:22,3659,2478,NEFT,273717,SUCCESS,
3248,2025-09-27 00:40:56,4475,4029,UPI,8962,SUCCESS,
3249,2025-05-21 02:19:15,3719,4568,UPI,5101,SUCCESS,
3250,2025-07-08 17:03:41,2224,,ATM WITHDRAWAL,6231,SUCCESS,
3251,2025-09-01 22:44:16,4297,,ATM WITHDRAWAL,4918,SUCCESS,
3252,2025-03-02 07:42:29,2727,3349,FUND TRANSFER,716765,SUCCESS,
3253,2025-05-31 02:45:58,1689,1818,UPI,2818,SUCCESS,
3254,2025-10-03 13:36:46,4945,,WITHDRAWAL,33871,SUCCESS,
3255,2025-12-14 13:55:28,2148,396,NEFT,264159,SUCCESS,
3256,2025-12-11 12:29:26,2319,,ATM WITHDRAWAL,4353,SUCCESS,
3257,2025-10-16 09:57:01,4928,3653,UPI,5407,SUCCESS,
3258,2025-10-07 05:39:37,4152,1032,UPI,1200,SUCCESS,
3259,2025-10-21 04:13:05,2109,,DEPOSIT,6851,SUCCESS,
3260,2025-03-12 17:43:14,194,4373,UPI,4436,SUCCESS,
3261,2025-11-03 22:12:15,2877,,DEPOSIT,4421,SUCCESS,
3262,2025-06-07 03:31:46,1674,,WITHDRAWAL,45389,SUCCESS,
3263,2025-03-11 11:43:13,2070,4133,UPI,8542,SUCCESS,
3264,2025-09-06 06:25:38,4102,1468,UPI,6706,FAILED,Account Blocked
3265,2025-01-26 04:25:48,742,4389,NEFT,469945,SUCCESS,
3266,2025-04-07 08:55:28,3320,3876,FUND TRANSFER,740797,SUCCESS,
3267,2025-11-21 05:53:14,1030,,ATM WITHDRAWAL,8153,SUCCESS,
3268,2025-05-24 01:41:10,50,2806,IMPS,97971,SUCCESS,
3269,2025-06-30 12:21:42,4789,,DEPOSIT,29226,SUCCESS,
3270,2025-06-03 08:21:03,2574,3579,FUND TRANSFER,803860,SUCCESS,
3271,2025-12-17 02:38:32,2697,,ATM WITHDRAWAL,2495,SUCCESS,
3272,2025-02-01 01:50:58,3278,2373,IMPS,159374,SUCCESS,
3273,2025-12-29 09:44:15,1646,3169,IMPS,62754,SUCCESS,
3274,2025-09-29 06:27:51,1356,,ATM WITHDRAWAL,7761,SUCCESS,
3275,2025-09-02 19:02:34,3112,,ATM WITHDRAWAL,8104,SUCCESS,
3276,2025-07-09 10:33:42,982,4208,IMPS,117613,SUCCESS,
3277,2025-06-24 08:16:58,111,,WITHDRAWAL,35249,SUCCESS,
3278,2025-10-08 09:55:55,1500,2895,FUND TRANSFER,720752,SUCCESS,
3279,2025-06-21 03:03:24,4617,1004,FUND TRANSFER,274304,SUCCESS,
3280,2025-06-15 02:22:46,3834,2081,UPI,5313,SUCCESS,
3281,2025-05-03 21:13:24,4941,3998,FUND TRANSFER,992061,SUCCESS,
3282,2025-07-09 19:36:00,4495,4112,UPI,5409,SUCCESS,
3283,2025-07-28 12:18:19,3182,2129,UPI,7781,FAILED,Insufficient Balance
3284,2025-02-12 19:33:56,1035,3196,FUND TRANSFER,486691,SUCCESS,
3285,2025-03-31 10:35:24,991,,DEPOSIT,62219,SUCCESS,
3286,2025-03-08 08:32:10,2580,1723,NEFT,246514,SUCCESS,
3287,2025-05-20 08:32:23,1362,215,IMPS,142816,SUCCESS,
3288,2025-07-06 05:22:01,1571,1587,IMPS,113226,SUCCESS,
3289,2025-04-03 20:01:06,1775,1715,UPI,2766,SUCCESS,
3290,2025-08-30 05:06:24,3952,,WITHDRAWAL,15105,SUCCESS,
3291,2025-12-09 18:27:22,936,2333,FUND TRANSFER,488021,SUCCESS,
3292,2025-12-05 03:52:16,4679,3452,FUND TRANSFER,139413,SUCCESS,
3293,2025-09-14 19:05:17,3562,2458,FUND TRANSFER,480100,SUCCESS,
3294,2025-11-07 00:18:51,2902,2629,IMPS,137041,SUCCESS,
3295,2025-12-18 23:50:19,898,,ATM WITHDRAWAL,6546,SUCCESS,
3296,2025-07-03 15:55:36,4827,,WITHDRAWAL,20673,SUCCESS,
3297,2025-01-30 23:18:56,3833,4887,IMPS,123137,SUCCESS,
3298,2025-08-21 18:50:47,4107,4403,IMPS,130870,SUCCESS,
3299,2025-06-25 12:46:14,2216,,WITHDRAWAL,4395,SUCCESS,
3300,2025-06-14 04:56:06,1256,,DEPOSIT,87106,SUCCESS,
3301,2025-07-01 20:44:54,910,4870,FUND TRANSFER,231342,SUCCESS,
3302,2025-08-23 14:06:27,3475,,INTEREST CREDIT,6723,SUCCESS,
3303,2025-06-06 02:42:09,406,4495,FUND TRANSFER,596623,SUCCESS,
3304,2025-05-21 11:17:08,4884,3342,UPI,8953,SUCCESS,
3305,2025-09-01 18:57:23,1754,,WITHDRAWAL,29198,SUCCESS,
3306,2025-12-09 09:31:08,3964,2996,FUND TRANSFER,349657,SUCCESS,
3307,2025-02-05 03:47:40,1987,2490,FUND TRANSFER,215675,SUCCESS,
3308,2025-08-25 06:45:44,4719,,WITHDRAWAL,22616,SUCCESS,
3309,2025-03-31 20:48:39,3029,,WITHDRAWAL,23643,SUCCESS,
3310,2025-01-01 07:03:21,3878,,WITHDRAWAL,42804,SUCCESS,
3311,2025-07-28 17:45:49,3872,1904,UPI,1232,SUCCESS,
3312,2025-11-07 23:04:49,3310,,ATM WITHDRAWAL,7304,SUCCESS,
3313,2025-06-25 19:47:03,3667,2617,UPI,5585,SUCCESS,
3314,2025-12-29 09:58:07,1472,,WITHDRAWAL,14778,SUCCESS,
3315,2025-05-16 22:48:14,1487,1426,NEFT,428031,SUCCESS,
3316,2025-08-29 11:30:17,2439,1058,FUND TRANSFER,428783,SUCCESS,
3317,2025-07-17 05:37:41,3880,2065,FUND TRANSFER,391094,SUCCESS,
3318,2025-06-11 05:17:39,4198,3574,NEFT,73183,SUCCESS,
3319,2025-03-09 12:29:40,60,69,FUND TRANSFER,226817,SUCCESS,
3320,2025-10-22 23:02:55,3311,4435,NEFT,221747,SUCCESS,
3321,2025-11-11 06:18:41,2195,,ATM WITHDRAWAL,5856,SUCCESS,
3322,2025-09-07 23:32:45,860,4590,UPI,5901,SUCCESS,
3323,2025-12-27 08:06:10,4158,4192,FUND TRANSFER,791143,SUCCESS,
3324,2025-05-03 13:20:23,4441,2823,FUND TRANSFER,949319,SUCCESS,
3325,2025-01-26 03:57:36,2148,3137,FUND TRANSFER,424605,SUCCESS,
3326,2025-06-23 05:33:28,2088,4839,IMPS,183656,FAILED,Invalid Account
3327,2025-04-17 23:44:33,66,435,UPI,2504,SUCCESS,
3328,2025-03-09 03:21:34,1267,1304,IMPS,133819,SUCCESS,
3329,2025-07-29 18:33:22,2342,,ATM WITHDRAWAL,4513,SUCCESS,
3330,2025-10-09 11:14:15,1442,2640,IMPS,182029,SUCCESS,
3331,2025-10-17 12:07:13,1711,,WITHDRAWAL,35436,SUCCESS,
3332,2025-11-25 11:20:58,450,406,UPI,9673,SUCCESS,
3333,2025-01-27 22:48:53,1908,1476,NEFT,446823,SUCCESS,
3334,2025-09-03 10:34:16,4370,1947,UPI,4763,SUCCESS,
3335,2025-09-19 02:45:00,1812,2521,UPI,1077,SUCCESS,
3336,2025-01-26 21:02:17,4418,3313,FUND TRANSFER,846836,SUCCESS,
3337,2025-05-30 19:42:55,2898,,ATM WITHDRAWAL,4215,SUCCESS,
3338,2025-09-01 00:26:31,1805,3477,FUND TRANSFER,788021,SUCCESS,
3339,2025-12-12 00:37:28,2211,2213,FUND TRANSFER,794561,SUCCESS,
3340,2025-05-21 07:48:38,688,89,IMPS,108439,SUCCESS,
3341,2025-12-04 03:02:56,1622,1968,NEFT,401695,SUCCESS,
3342,2025-12-04 13:24:28,3610,1281,UPI,4076,SUCCESS,
3343,2025-11-13 12:17:01,2333,1503,IMPS,164691,SUCCESS,
3344,2025-05-19 13:49:43,2836,4454,IMPS,194132,SUCCESS,
3345,2025-02-24 18:30:30,3268,,DEPOSIT,59133,SUCCESS,
3346,2025-11-24 15:40:17,1039,1010,UPI,3044,SUCCESS,
3347,2025-03-13 00:41:28,4083,,INTEREST CREDIT,13816,SUCCESS,
3348,2025-07-16 22:35:56,4818,3003,IMPS,124180,SUCCESS,
3349,2025-03-15 05:18:02,3302,4635,IMPS,98223,SUCCESS,
3350,2025-03-07 18:26:26,1691,2322,NEFT,459138,SUCCESS,
3351,2025-10-19 08:35:06,2590,,ATM WITHDRAWAL,8952,SUCCESS,
3352,2025-07-18 05:59:18,3918,490,UPI,8100,SUCCESS,
3353,2025-12-03 09:15:05,175,2305,UPI,6055,SUCCESS,
3354,2025-12-04 03:36:07,66,2684,FUND TRANSFER,123043,SUCCESS,
3355,2025-12-25 10:20:45,477,2371,UPI,7389,SUCCESS,
3356,2025-05-15 03:16:36,3098,,DEPOSIT,54285,SUCCESS,
3357,2025-07-03 20:56:12,2851,,WITHDRAWAL,27962,SUCCESS,
3358,2025-03-18 17:14:34,3374,,DEPOSIT,45492,SUCCESS,
3359,2025-09-30 09:51:19,4224,3092,IMPS,32919,SUCCESS,
3360,2025-07-27 13:25:37,4669,,ATM WITHDRAWAL,745,SUCCESS,
3361,2025-09-06 22:11:28,4221,4139,UPI,2921,SUCCESS,
3362,2025-10-22 21:41:46,2008,4932,FUND TRANSFER,939262,SUCCESS,
3363,2025-08-26 10:52:48,3462,,ATM WITHDRAWAL,2703,SUCCESS,
3364,2025-11-18 13:57:40,2185,,WITHDRAWAL,21873,SUCCESS,
3365,2025-08-28 10:30:05,768,,DEPOSIT,24809,SUCCESS,
3366,2025-09-22 19:25:03,975,,ATM WITHDRAWAL,4077,SUCCESS,
3367,2025-01-28 06:31:40,2649,2915,IMPS,105728,SUCCESS,
3368,2025-01-13 06:23:58,298,4554,FUND TRANSFER,235668,SUCCESS,
3369,2025-03-06 02:22:17,438,2055,UPI,8877,SUCCESS,
3370,2025-04-21 03:38:20,113,2205,UPI,1691,SUCCESS,
3371,2025-05-17 21:54:55,4388,,ATM WITHDRAWAL,2855,SUCCESS,
3372,2025-12-10 17:59:28,4749,1177,UPI,5369,SUCCESS,
3373,2025-08-08 03:03:54,771,,ATM WITHDRAWAL,5267,SUCCESS,
3374,2025-07-21 13:43:39,4973,,DEPOSIT,83202,SUCCESS,
3375,2025-02-08 12:19:54,481,,DEPOSIT,51395,SUCCESS,
3376,2025-08-08 13:37:13,3540,1878,NEFT,393014,SUCCESS,
3377,2025-10-24 02:28:51,3965,4337,IMPS,126671,SUCCESS,
3378,2025-10-31 06:43:53,4791,4220,FUND TRANSFER,726857,SUCCESS,
3379,2025-02-20 17:24:57,1932,,ATM WITHDRAWAL,6086,SUCCESS,
3380,2025-01-19 16:09:01,1033,1941,FUND TRANSFER,124204,SUCCESS,
3381,2025-04-29 12:40:44,3235,768,IMPS,143728,SUCCESS,
3382,2025-08-28 08:43:01,2288,4733,FUND TRANSFER,562171,SUCCESS,
3383,2025-10-31 20:54:49,4220,,DEPOSIT,89326,SUCCESS,
3384,2025-02-02 01:33:01,4344,1582,FUND TRANSFER,593843,SUCCESS,
3385,2025-03-14 07:41:40,4297,170,FUND TRANSFER,681681,SUCCESS,
3386,2025-08-09 20:51:56,2009,,WITHDRAWAL,9232,SUCCESS,
3387,2025-02-25 03:24:16,2720,,ATM WITHDRAWAL,9063,SUCCESS,
3388,2025-05-05 01:00:01,2353,1463,FUND TRANSFER,506452,SUCCESS,
3389,2025-02-22 13:28:08,306,2949,UPI,6283,SUCCESS,
3390,2025-01-30 17:54:53,3914,1496,FUND TRANSFER,193902,SUCCESS,
3391,2025-01-04 11:46:24,1789,1424,FUND TRANSFER,475800,SUCCESS,
3392,2025-09-08 01:02:48,2669,3453,FUND TRANSFER,220584,SUCCESS,
3393,2025-02-01 01:52:05,1937,,ATM WITHDRAWAL,7707,SUCCESS,
3394,2025-11-26 20:44:43,1290,,WITHDRAWAL,45148,SUCCESS,
3395,2025-08-19 00:30:19,1806,1313,IMPS,88565,SUCCESS,
3396,2025-05-29 05:57:45,3015,3022,FUND TRANSFER,430222,SUCCESS,
3397,2025-01-14 14:12:53,4055,,WITHDRAWAL,13070,SUCCESS,
3398,2025-07-30 04:12:20,1727,,ATM WITHDRAWAL,6992,SUCCESS,
3399,2025-08-18 11:45:20,4720,4278,IMPS,80702,SUCCESS,
3400,2025-02-23 11:49:15,273,4285,NEFT,488697,SUCCESS,
3401,2025-04-22 15:00:53,2362,,DEPOSIT,58650,SUCCESS,
3402,2025-05-10 21:45:22,1774,942,IMPS,110887,SUCCESS,
3403,2025-01-04 14:58:16,3687,2866,FUND TRANSFER,995635,SUCCESS,
3404,2025-12-25 21:04:41,4575,4709,UPI,8942,SUCCESS,
3405,2025-03-02 03:31:27,816,3068,UPI,1263,SUCCESS,
3406,2025-06-13 00:29:52,4164,2728,NEFT,383403,SUCCESS,
3407,2025-07-25 21:13:13,2044,,ATM WITHDRAWAL,7507,SUCCESS,
3408,2025-03-13 12:19:32,2266,3727,NEFT,61658,SUCCESS,
3409,2025-05-28 20:50:37,3268,2433,UPI,2607,SUCCESS,
3410,2025-07-14 20:31:51,438,4930,IMPS,58679,SUCCESS,
3411,2025-10-12 05:46:16,3895,,ATM WITHDRAWAL,652,SUCCESS,
3412,2025-06-26 01:50:51,2455,,WITHDRAWAL,32722,SUCCESS,
3413,2025-06-22 09:50:44,2643,4771,UPI,8909,SUCCESS,
3414,2025-10-29 12:33:25,491,,INTEREST CREDIT,23407,SUCCESS,
3415,2025-01-15 12:35:55,4966,2775,UPI,8257,SUCCESS,
3416,2025-09-27 03:48:54,3444,4827,UPI,571,SUCCESS,
3417,2025-03-18 09:13:40,323,,DEPOSIT,97838,SUCCESS,
3418,2025-11-25 20:05:51,4158,,ATM WITHDRAWAL,407,SUCCESS,
3419,2025-12-28 10:14:09,4671,3135,IMPS,85759,SUCCESS,
3420,2025-04-14 22:55:03,2483,40,FUND TRANSFER,335224,SUCCESS,
3421,2025-07-18 05:55:17,4769,201,IMPS,184553,SUCCESS,
3422,2025-07-08 08:51:25,4951,3223,FUND TRANSFER,32358,SUCCESS,
3423,2025-11-18 20:55:24,1713,4459,NEFT,265463,SUCCESS,
3424,2025-08-25 21:57:49,2347,,DEPOSIT,30350,SUCCESS,
3425,2025-08-16 18:06:49,2087,2796,IMPS,107918,SUCCESS,
3426,2025-04-29 19:29:39,4454,2533,FUND TRANSFER,322826,SUCCESS,
3427,2025-03-20 14:01:43,3195,3543,UPI,1152,SUCCESS,
3428,2025-04-26 13:46:39,4728,1471,IMPS,176432,SUCCESS,
3429,2025-08-21 15:43:01,3649,3495,FUND TRANSFER,25411,SUCCESS,
3430,2025-01-18 02:09:42,2197,3374,UPI,4374,SUCCESS,
3431,2025-03-04 19:44:24,2858,,DEPOSIT,48723,SUCCESS,
3432,2025-09-21 03:24:26,1896,2825,FUND TRANSFER,433943,SUCCESS,
3433,2025-12-08 18:23:08,1327,,WITHDRAWAL,19701,SUCCESS,
3434,2025-09-06 12:16:10,196,,WITHDRAWAL,36656,SUCCESS,
3435,2025-06-03 14:52:21,2639,3974,FUND TRANSFER,384426,SUCCESS,
3436,2025-09-26 03:45:01,4423,1860,NEFT,56642,SUCCESS,
3437,2025-05-19 09:59:34,1667,2725,FUND TRANSFER,714741,SUCCESS,
3438,2025-08-30 00:48:16,1947,2412,UPI,2952,SUCCESS,
3439,2025-07-12 00:12:17,1795,4415,UPI,106,SUCCESS,
3440,2025-09-24 23:47:30,1051,1153,FUND TRANSFER,403831,SUCCESS,
3441,2025-06-07 18:55:57,4969,,DEPOSIT,83049,SUCCESS,
3442,2025-07-05 14:51:27,2927,,INTEREST CREDIT,23683,SUCCESS,
3443,2025-07-15 05:43:43,1611,559,FUND TRANSFER,848784,SUCCESS,
3444,2025-02-21 10:08:53,2102,2394,IMPS,108846,SUCCESS,
3445,2025-11-20 02:15:03,2590,3937,NEFT,11719,SUCCESS,
3446,2025-02-21 04:01:19,2465,,ATM WITHDRAWAL,6075,SUCCESS,
3447,2025-07-16 16:52:58,1767,3003,FUND TRANSFER,64134,SUCCESS,
3448,2025-01-26 01:07:07,625,2866,FUND TRANSFER,883110,SUCCESS,
3449,2025-08-09 09:58:04,1911,,DEPOSIT,83277,SUCCESS,
3450,2025-01-28 10:19:22,3409,3652,FUND TRANSFER,185345,SUCCESS,
3451,2025-12-19 18:25:41,60,332,UPI,5843,SUCCESS,
3452,2025-07-26 07:25:11,808,,ATM WITHDRAWAL,7619,SUCCESS,
3453,2025-12-26 09:03:58,1693,2502,IMPS,118075,FAILED,Beneficiary Not Found
3454,2025-07-05 23:45:04,378,74,FUND TRANSFER,127133,SUCCESS,
3455,2025-11-20 07:25:18,287,,WITHDRAWAL,8848,SUCCESS,
3456,2025-04-07 07:05:05,1108,1907,FUND TRANSFER,524555,SUCCESS,
3457,2025-05-25 18:40:37,3800,2836,UPI,2966,SUCCESS,
3458,2025-04-18 19:17:54,425,1526,IMPS,137489,SUCCESS,
3459,2025-08-12 11:47:41,1628,3784,FUND TRANSFER,360446,SUCCESS,
3460,2025-05-18 00:15:21,461,,DEPOSIT,65545,SUCCESS,
3461,2025-02-17 22:06:48,464,3878,NEFT,150109,SUCCESS,
3462,2025-01-14 23:37:14,2849,2164,UPI,8779,SUCCESS,
3463,2025-10-27 02:11:46,1086,3344,NEFT,24919,SUCCESS,
3464,2025-04-26 05:57:09,2316,,DEPOSIT,43504,SUCCESS,
3465,2025-11-19 08:24:53,4498,,ATM WITHDRAWAL,8560,SUCCESS,
3466,2025-10-30 01:28:23,2361,,WITHDRAWAL,290,SUCCESS,
3467,2025-10-15 20:09:26,1271,3933,FUND TRANSFER,113926,SUCCESS,
3468,2025-06-25 04:37:51,2256,2468,FUND TRANSFER,17598,SUCCESS,
3469,2025-12-26 14:14:17,3192,,WITHDRAWAL,36670,SUCCESS,
3470,2025-12-27 12:51:11,897,,INTEREST CREDIT,5327,SUCCESS,
3471,2025-12-01 05:24:04,2656,2123,FUND TRANSFER,145576,SUCCESS,
3472,2025-12-24 16:37:32,4953,3044,NEFT,179138,SUCCESS,
3473,2025-05-24 02:37:47,415,1357,IMPS,36424,SUCCESS,
3474,2025-11-27 18:59:52,3659,3965,FUND TRANSFER,558642,SUCCESS,
3475,2025-03-09 19:20:28,67,1396,FUND TRANSFER,598481,SUCCESS,
3476,2025-05-13 02:56:07,3666,,WITHDRAWAL,22931,SUCCESS,
3477,2025-09-22 00:21:03,1958,4321,UPI,992,SUCCESS,
3478,2025-03-23 20:02:16,4460,,ATM WITHDRAWAL,5080,SUCCESS,
3479,2025-11-22 14:49:41,67,398,NEFT,322950,SUCCESS,
3480,2025-01-19 08:20:27,2213,3167,UPI,3261,SUCCESS,
3481,2025-12-19 21:52:51,4499,3222,FUND TRANSFER,240661,SUCCESS,
3482,2025-06-17 16:14:11,3742,,ATM WITHDRAWAL,2905,SUCCESS,
3483,2025-08-09 16:26:32,2431,,ATM WITHDRAWAL,1700,SUCCESS,
3484,2025-05-25 17:46:41,342,,ATM WITHDRAWAL,8269,SUCCESS,
3485,2025-07-22 21:33:19,174,1062,NEFT,219542,SUCCESS,
3486,2025-04-29 20:51:39,285,1032,FUND TRANSFER,204774,SUCCESS,
3487,2025-08-18 10:51:36,180,813,FUND TRANSFER,780575,SUCCESS,
3488,2025-03-14 15:48:09,4854,939,UPI,9401,SUCCESS,
3489,2025-09-28 19:28:32,4636,,WITHDRAWAL,30776,SUCCESS,
3490,2025-03-04 12:57:51,660,705,NEFT,362903,SUCCESS,
3491,2025-11-29 09:31:54,11,,ATM WITHDRAWAL,5015,SUCCESS,
3492,2025-11-11 22:54:42,1376,2340,UPI,4140,SUCCESS,
3493,2025-09-01 00:32:51,572,1217,NEFT,142301,SUCCESS,
3494,2025-04-25 22:04:18,262,3312,UPI,7104,SUCCESS,
3495,2025-11-15 12:09:22,481,,WITHDRAWAL,21396,SUCCESS,
3496,2025-02-13 03:11:19,976,,DEPOSIT,25656,SUCCESS,
3497,2025-11-30 17:09:28,3961,2318,UPI,2709,SUCCESS,
3498,2025-02-21 13:01:01,2616,,ATM WITHDRAWAL,1659,SUCCESS,
3499,2025-02-01 06:10:30,2037,,WITHDRAWAL,29741,SUCCESS,
3500,2025-09-03 19:41:44,4039,1992,UPI,5026,SUCCESS,
3501,2025-10-01 11:08:07,4862,,DEPOSIT,70282,SUCCESS,
3502,2025-07-19 01:25:29,4757,3399,FUND TRANSFER,909007,SUCCESS,
3503,2025-02-26 23:55:40,4188,,ATM WITHDRAWAL,8391,SUCCESS,
3504,2025-08-05 15:38:46,1301,27,UPI,8155,SUCCESS,
3505,2025-10-22 11:35:31,2379,,ATM WITHDRAWAL,102,SUCCESS,
3506,2025-12-04 08:59:45,4367,3355,UPI,6049,SUCCESS,
3507,2025-09-16 23:30:31,4910,3493,IMPS,131704,SUCCESS,
3508,2025-06-08 03:33:28,3934,,WITHDRAWAL,33161,SUCCESS,
3509,2025-04-12 02:12:39,4330,3874,UPI,1208,SUCCESS,
3510,2025-07-18 16:14:44,4393,,ATM WITHDRAWAL,3856,SUCCESS,
3511,2025-11-25 09:32:55,4976,4624,FUND TRANSFER,560135,SUCCESS,
3512,2025-02-12 20:32:56,4035,4524,FUND TRANSFER,492649,SUCCESS,
3513,2025-09-06 04:42:30,1652,4596,UPI,3871,SUCCESS,
3514,2025-04-03 05:51:23,507,,DEPOSIT,73402,SUCCESS,
3515,2025-08-06 13:53:23,2240,103,UPI,1579,SUCCESS,
3516,2025-10-22 13:48:07,935,,DEPOSIT,83809,FAILED,Invalid Account
3517,2025-04-30 22:18:59,4197,,DEPOSIT,19858,SUCCESS,
3518,2025-12-21 16:38:09,4852,,ATM WITHDRAWAL,2872,SUCCESS,
3519,2025-09-02 17:17:59,4476,,WITHDRAWAL,10442,SUCCESS,
3520,2025-09-27 10:11:18,2489,,WITHDRAWAL,15490,SUCCESS,
3521,2025-11-01 06:10:39,2480,3584,UPI,2112,SUCCESS,
3522,2025-12-04 18:07:29,2744,,ATM WITHDRAWAL,1362,SUCCESS,
3523,2025-07-24 10:37:20,3898,2437,IMPS,196730,SUCCESS,
3524,2025-03-24 23:18:21,1902,,WITHDRAWAL,2468,SUCCESS,
3525,2025-01-29 15:31:14,1863,4620,UPI,7440,SUCCESS,
3526,2025-07-03 01:53:01,3365,,INTEREST CREDIT,1495,SUCCESS,
3527,2025-06-05 20:16:14,4991,502,IMPS,63512,SUCCESS,
3528,2025-08-19 06:53:21,3986,,WITHDRAWAL,42527,SUCCESS,
3529,2025-04-29 14:55:08,3243,,ATM WITHDRAWAL,4212,SUCCESS,
3530,2025-02-27 04:03:18,100,1709,FUND TRANSFER,589736,SUCCESS,
3531,2025-07-03 17:03:37,2999,264,UPI,6248,SUCCESS,
3532,2025-01-13 15:11:51,4784,2465,IMPS,42675,SUCCESS,
3533,2025-01-29 06:47:04,3807,,ATM WITHDRAWAL,3402,SUCCESS,
3534,2025-05-30 11:02:41,985,,ATM WITHDRAWAL,9172,SUCCESS,
3535,2025-02-02 10:08:20,4294,2465,UPI,8282,SUCCESS,
3536,2025-07-11 00:54:28,4598,773,FUND TRANSFER,59659,SUCCESS,
3537,2025-10-08 23:34:31,1489,146,FUND TRANSFER,66340,SUCCESS,
3538,2025-01-13 19:56:49,1647,,ATM WITHDRAWAL,6436,SUCCESS,
3539,2025-10-26 18:43:45,3128,,WITHDRAWAL,35675,SUCCESS,
3540,2025-10-27 17:16:10,3321,3417,UPI,6255,SUCCESS,
3541,2025-04-20 00:01:43,255,,WITHDRAWAL,13803,SUCCESS,
3542,2025-09-19 17:14:03,618,,DEPOSIT,38699,SUCCESS,
3543,2025-09-22 21:47:34,3821,,ATM WITHDRAWAL,4802,SUCCESS,
3544,2025-11-07 03:21:04,138,176,FUND TRANSFER,650256,SUCCESS,
3545,2025-01-05 02:24:01,1707,3974,FUND TRANSFER,289855,SUCCESS,
3546,2025-09-30 03:54:52,3372,1207,UPI,9243,SUCCESS,
3547,2025-07-06 03:40:10,3614,,DEPOSIT,80058,SUCCESS,
3548,2025-06-28 05:23:48,3087,3882,UPI,797,SUCCESS,
3549,2025-05-14 22:21:56,343,3150,UPI,3079,SUCCESS,
3550,2025-08-22 02:35:26,4930,2577,UPI,3631,SUCCESS,
3551,2025-03-02 09:07:53,4667,3157,UPI,8775,SUCCESS,
3552,2025-01-02 09:47:59,144,4760,FUND TRANSFER,684208,SUCCESS,
3553,2025-07-09 12:20:21,1401,1541,FUND TRANSFER,637826,SUCCESS,
3554,2025-07-13 13:11:45,4171,,DEPOSIT,30490,SUCCESS,
3555,2025-05-22 15:17:20,1091,4207,NEFT,292416,SUCCESS,
3556,2025-05-16 10:13:08,178,,DEPOSIT,96455,SUCCESS,
3557,2025-02-26 00:54:59,1921,,WITHDRAWAL,34554,SUCCESS,
3558,2025-03-12 08:33:38,2708,,WITHDRAWAL,36740,SUCCESS,
3559,2025-07-12 05:33:23,3008,3768,FUND TRANSFER,5095,SUCCESS,
3560,2025-01-12 19:40:21,1980,,ATM WITHDRAWAL,4013,SUCCESS,
3561,2025-04-25 03:48:47,1094,2383,UPI,3282,SUCCESS,
3562,2025-01-27 17:01:46,3725,4769,FUND TRANSFER,754284,SUCCESS,
3563,2025-09-26 04:16:36,4404,,WITHDRAWAL,28036,SUCCESS,
3564,2025-09-30 18:20:59,2665,1127,UPI,8374,SUCCESS,
3565,2025-05-14 18:04:45,1758,,DEPOSIT,69423,SUCCESS,
3566,2025-07-19 17:45:09,3578,,WITHDRAWAL,39137,SUCCESS,
3567,2025-05-30 12:00:27,1340,4022,UPI,8744,SUCCESS,
3568,2025-02-02 11:10:58,2297,1392,FUND TRANSFER,127936,SUCCESS,
3569,2025-11-19 15:14:16,1536,2045,IMPS,80561,SUCCESS,
3570,2025-09-17 11:48:40,3164,2753,UPI,9399,SUCCESS,
3571,2025-01-12 13:12:04,776,1582,UPI,5107,SUCCESS,
3572,2025-07-25 20:02:23,4643,,ATM WITHDRAWAL,6426,SUCCESS,
3573,2025-06-05 15:47:29,237,2270,NEFT,62369,SUCCESS,
3574,2025-12-20 05:36:58,1009,838,FUND TRANSFER,500844,SUCCESS,
3575,2025-09-08 13:49:19,3854,4156,UPI,7143,SUCCESS,
3576,2025-10-27 01:12:47,4935,,ATM WITHDRAWAL,5032,SUCCESS,
3577,2025-08-02 13:42:10,3512,,ATM WITHDRAWAL,9979,SUCCESS,
3578,2025-10-26 13:14:16,4685,1132,UPI,9018,SUCCESS,
3579,2025-10-15 22:23:14,4554,1251,FUND TRANSFER,59698,SUCCESS,
3580,2025-09-08 20:28:18,2659,349,IMPS,99832,SUCCESS,
3581,2025-08-23 23:44:03,4630,,ATM WITHDRAWAL,9745,SUCCESS,
3582,2025-01-16 12:58:26,917,,INTEREST CREDIT,23112,SUCCESS,
3583,2025-02-28 02:37:06,3739,,ATM WITHDRAWAL,6955,SUCCESS,
3584,2025-11-01 19:48:40,3101,2796,NEFT,282778,SUCCESS,
3585,2025-10-10 11:56:33,394,,WITHDRAWAL,43505,SUCCESS,
3586,2025-02-19 18:01:31,421,13,UPI,9283,SUCCESS,
3587,2025-06-17 14:39:34,4600,1476,IMPS,27038,SUCCESS,
3588,2025-06-26 09:57:26,899,1230,FUND TRANSFER,520032,SUCCESS,
3589,2025-07-08 03:39:29,2379,2578,UPI,5288,SUCCESS,
3590,2025-06-03 23:46:06,4805,1676,FUND TRANSFER,329162,SUCCESS,
3591,2025-04-01 00:48:30,1041,,DEPOSIT,8881,SUCCESS,
3592,2025-06-21 02:17:32,703,3987,UPI,9210,SUCCESS,
3593,2025-04-09 07:13:39,3096,,ATM WITHDRAWAL,5728,SUCCESS,
3594,2025-09-07 15:07:15,429,2995,UPI,3642,SUCCESS,
3595,2025-12-04 00:45:03,478,,ATM WITHDRAWAL,7872,SUCCESS,
3596,2025-09-22 09:16:39,3180,306,IMPS,103974,SUCCESS,
3597,2025-05-24 22:31:22,2864,,ATM WITHDRAWAL,2750,SUCCESS,
3598,2025-03-03 18:55:38,2925,,ATM WITHDRAWAL,7792,SUCCESS,
3599,2025-01-23 07:24:48,4407,3340,UPI,4460,FAILED,Invalid Account
3600,2025-02-11 13:39:08,328,,WITHDRAWAL,12357,SUCCESS,
3601,2025-10-24 23:47:11,3388,1060,NEFT,206421,SUCCESS,
3602,2025-02-27 05:22:03,513,4154,FUND TRANSFER,184831,SUCCESS,
3603,2025-08-01 14:32:00,3003,820,UPI,7682,FAILED,Network Timeout
3604,2025-12-26 14:13:20,4024,,ATM WITHDRAWAL,3814,SUCCESS,
3605,2025-01-17 12:22:21,2307,3177,UPI,5374,SUCCESS,
3606,2025-07-24 03:44:16,3408,,WITHDRAWAL,18777,SUCCESS,
3607,2025-09-26 01:07:42,4024,3010,NEFT,210841,SUCCESS,
3608,2025-08-20 00:19:28,3398,4681,NEFT,350027,SUCCESS,
3609,2025-07-13 11:35:13,1034,2238,FUND TRANSFER,190778,SUCCESS,
3610,2025-08-28 06:44:31,3279,1945,FUND TRANSFER,423417,SUCCESS,
3611,2025-08-01 20:39:31,3365,4215,IMPS,63140,SUCCESS,
3612,2025-04-05 00:48:50,2118,,DEPOSIT,92930,SUCCESS,
3613,2025-11-24 23:09:16,1496,4029,FUND TRANSFER,953285,SUCCESS,
3614,2025-06-03 11:44:45,2193,,ATM WITHDRAWAL,4124,SUCCESS,
3615,2025-07-24 19:08:27,1248,817,NEFT,467243,SUCCESS,
3616,2025-09-02 18:59:27,4060,205,UPI,854,SUCCESS,
3617,2025-08-10 19:09:47,906,,DEPOSIT,36506,SUCCESS,
3618,2025-09-21 09:08:25,3612,1257,UPI,6184,SUCCESS,
3619,2025-10-21 22:35:39,1644,1027,UPI,275,SUCCESS,
3620,2025-04-10 01:51:14,3389,1760,FUND TRANSFER,450909,SUCCESS,
3621,2025-05-05 03:02:46,348,4804,IMPS,104807,SUCCESS,
3622,2025-02-22 20:12:16,4726,350,UPI,2537,SUCCESS,
3623,2025-08-16 06:13:10,2294,2207,FUND TRANSFER,549257,SUCCESS,
3624,2025-03-01 00:05:32,3373,4684,FUND TRANSFER,94865,SUCCESS,
3625,2025-01-24 04:50:07,119,,DEPOSIT,87075,SUCCESS,
3626,2025-05-25 18:43:22,3570,,DEPOSIT,34485,SUCCESS,
3627,2025-09-25 09:26:58,3860,364,UPI,9973,SUCCESS,
3628,2025-08-28 15:37:13,2625,2817,IMPS,197753,FAILED,Beneficiary Not Found
3629,2025-06-17 23:38:51,4524,1739,FUND TRANSFER,5368,SUCCESS,
3630,2025-10-21 18:16:12,410,,ATM WITHDRAWAL,2331,FAILED,Beneficiary Not Found
3631,2025-01-06 14:45:12,1686,,ATM WITHDRAWAL,4257,SUCCESS,
3632,2025-01-27 16:12:05,2405,,ATM WITHDRAWAL,3305,SUCCESS,
3633,2025-11-16 05:01:15,56,3494,NEFT,306221,SUCCESS,
3634,2025-11-22 07:22:27,408,4723,UPI,8196,FAILED,Beneficiary Not Found
3635,2025-12-27 12:28:31,214,,ATM WITHDRAWAL,6254,SUCCESS,
3636,2025-12-22 21:59:41,185,251,IMPS,158319,SUCCESS,
3637,2025-10-23 08:11:58,3122,1948,FUND TRANSFER,808590,SUCCESS,
3638,2025-07-28 17:13:23,3299,116,UPI,4143,FAILED,Network Timeout
3639,2025-02-11 00:50:45,12,4848,FUND TRANSFER,873430,SUCCESS,
3640,2025-04-10 06:12:18,3203,,ATM WITHDRAWAL,1175,SUCCESS,
3641,2025-05-18 18:47:28,2857,946,FUND TRANSFER,498703,SUCCESS,
3642,2025-04-03 08:14:29,1551,2860,UPI,5911,SUCCESS,
3643,2025-10-23 00:14:39,1285,4609,UPI,5223,SUCCESS,
3644,2025-12-07 21:21:17,2053,2093,IMPS,167623,SUCCESS,
3645,2025-11-16 17:39:18,2204,,WITHDRAWAL,23068,SUCCESS,
3646,2025-06-06 03:08:53,3679,,WITHDRAWAL,32232,SUCCESS,
3647,2025-01-10 00:02:47,4561,2329,FUND TRANSFER,798510,SUCCESS,
3648,2025-08-17 00:42:39,4827,,INTEREST CREDIT,22385,SUCCESS,
3649,2025-05-10 09:22:01,2014,176,FUND TRANSFER,405321,SUCCESS,
3650,2025-10-11 23:09:36,606,,INTEREST CREDIT,3295,SUCCESS,
3651,2025-03-03 11:20:40,4405,4681,FUND TRANSFER,491820,SUCCESS,
3652,2025-04-21 04:49:59,1764,3312,FUND TRANSFER,988752,SUCCESS,
3653,2025-01-09 22:07:11,1422,2743,FUND TRANSFER,803449,SUCCESS,
3654,2025-09-17 01:22:49,1485,,WITHDRAWAL,16783,SUCCESS,
3655,2025-03-11 21:36:10,1122,,ATM WITHDRAWAL,6478,SUCCESS,
3656,2025-09-02 21:01:35,2682,3848,FUND TRANSFER,434291,SUCCESS,
3657,2025-11-02 22:52:55,2599,3910,UPI,2580,SUCCESS,
3658,2025-11-13 07:58:04,3685,,ATM WITHDRAWAL,111,SUCCESS,
3659,2025-07-09 17:44:34,3087,,ATM WITHDRAWAL,3595,SUCCESS,
3660,2025-12-14 02:42:29,3713,,DEPOSIT,56036,SUCCESS,
3661,2025-09-22 21:56:44,3504,2056,UPI,7948,SUCCESS,
3662,2025-12-15 05:38:15,422,4124,FUND TRANSFER,47253,SUCCESS,
3663,2025-08-21 19:48:12,4142,,WITHDRAWAL,31066,SUCCESS,
3664,2025-11-13 22:32:42,2828,,ATM WITHDRAWAL,2599,SUCCESS,
3665,2025-01-21 20:35:49,2245,4459,FUND TRANSFER,727989,SUCCESS,
3666,2025-01-06 10:57:56,162,,DEPOSIT,8715,SUCCESS,
3667,2025-12-19 14:22:00,1420,,WITHDRAWAL,40138,SUCCESS,
3668,2025-02-06 21:26:02,1736,,ATM WITHDRAWAL,6423,SUCCESS,
3669,2025-02-28 02:52:35,4901,385,NEFT,199659,SUCCESS,
3670,2025-11-11 17:38:18,4831,2258,UPI,6457,SUCCESS,
3671,2025-03-08 06:53:48,2810,,ATM WITHDRAWAL,9141,SUCCESS,
3672,2025-05-23 10:26:54,4005,,WITHDRAWAL,30450,SUCCESS,
3673,2025-01-03 01:06:07,1962,2106,IMPS,99624,SUCCESS,
3674,2025-06-23 12:22:39,2015,,ATM WITHDRAWAL,1507,SUCCESS,
3675,2025-06-25 16:56:23,4784,,DEPOSIT,83227,SUCCESS,
3676,2025-01-03 17:19:44,119,2280,FUND TRANSFER,243801,SUCCESS,
3677,2025-04-22 16:59:47,940,,ATM WITHDRAWAL,5764,SUCCESS,
3678,2025-02-16 01:35:33,3438,4704,FUND TRANSFER,556454,SUCCESS,
3679,2025-09-08 21:07:57,2152,344,FUND TRANSFER,571895,SUCCESS,
3680,2025-09-24 22:37:12,4491,2782,UPI,5038,SUCCESS,
3681,2025-11-28 12:36:48,1522,,ATM WITHDRAWAL,7597,SUCCESS,
3682,2025-06-09 08:25:02,2797,4162,UPI,3547,SUCCESS,
3683,2025-10-06 20:47:37,457,1799,UPI,9572,SUCCESS,
3684,2025-08-27 02:36:30,2929,1285,UPI,1390,SUCCESS,
3685,2025-06-12 11:49:08,1137,4547,UPI,7462,SUCCESS,
3686,2025-04-29 04:59:40,2217,,INTEREST CREDIT,1976,SUCCESS,
3687,2025-06-17 22:12:20,469,4033,UPI,4550,SUCCESS,
3688,2025-03-05 18:47:09,2530,2967,NEFT,393143,SUCCESS,
3689,2025-04-16 02:43:01,2124,799,IMPS,122173,SUCCESS,
3690,2025-10-30 11:51:14,1206,,WITHDRAWAL,7090,SUCCESS,
3691,2025-06-07 10:21:51,263,3229,UPI,3939,SUCCESS,
3692,2025-11-26 09:10:25,561,2782,FUND TRANSFER,259083,SUCCESS,
3693,2025-12-15 09:53:50,4743,3615,UPI,8277,SUCCESS,
3694,2025-12-15 23:18:01,2918,370,FUND TRANSFER,866084,SUCCESS,
3695,2025-05-03 08:33:36,4635,4998,UPI,6929,SUCCESS,
3696,2025-11-19 03:15:30,1210,,ATM WITHDRAWAL,7885,SUCCESS,
3697,2025-06-04 17:42:44,1580,2113,IMPS,181990,SUCCESS,
3698,2025-10-16 00:35:15,4450,3218,NEFT,409863,SUCCESS,
3699,2025-06-29 20:10:21,1397,1616,NEFT,394399,SUCCESS,
3700,2025-04-08 05:38:09,396,,ATM WITHDRAWAL,835,SUCCESS,
3701,2025-11-17 18:18:48,2465,,WITHDRAWAL,11795,SUCCESS,
3702,2025-08-16 01:03:37,3293,,ATM WITHDRAWAL,2076,SUCCESS,
3703,2025-02-03 21:41:30,2908,,INTEREST CREDIT,22241,SUCCESS,
3704,2025-06-01 10:58:34,3596,3915,FUND TRANSFER,121664,SUCCESS,
3705,2025-05-16 21:56:04,4564,444,IMPS,126347,FAILED,Beneficiary Not Found
3706,2025-01-09 10:33:19,3935,1547,IMPS,9810,SUCCESS,
3707,2025-07-12 18:58:06,2366,3414,UPI,1576,SUCCESS,
3708,2025-11-08 03:13:18,3298,,DEPOSIT,10817,SUCCESS,
3709,2025-03-27 16:24:08,446,,DEPOSIT,56214,SUCCESS,
3710,2025-09-25 10:40:13,1651,3211,UPI,3254,SUCCESS,
3711,2025-02-23 23:16:27,1848,,ATM WITHDRAWAL,9835,SUCCESS,
3712,2025-03-02 01:11:56,4055,,DEPOSIT,75888,SUCCESS,
3713,2025-06-03 17:24:11,2717,2972,UPI,8248,SUCCESS,
3714,2025-11-03 02:27:37,4769,752,UPI,1212,SUCCESS,
3715,2025-12-09 00:27:19,4480,,WITHDRAWAL,24524,SUCCESS,
3716,2025-08-28 07:25:35,4264,385,NEFT,48654,SUCCESS,
3717,2025-05-15 16:07:41,3743,,WITHDRAWAL,5695,SUCCESS,
3718,2025-10-16 12:37:33,4550,,ATM WITHDRAWAL,6923,SUCCESS,
3719,2025-09-30 23:04:20,931,,DEPOSIT,54340,SUCCESS,
3720,2025-11-12 20:26:34,1084,4622,UPI,5945,SUCCESS,
3721,2025-08-03 20:06:58,4358,3200,FUND TRANSFER,444595,SUCCESS,
3722,2025-04-20 06:18:16,2844,,WITHDRAWAL,12862,SUCCESS,
3723,2025-09-25 11:42:06,3172,1554,NEFT,373569,SUCCESS,
3724,2025-08-16 08:56:40,881,521,UPI,2125,SUCCESS,
3725,2025-10-09 06:42:21,60,2792,UPI,6510,SUCCESS,
3726,2025-06-11 14:45:28,271,,INTEREST CREDIT,4869,SUCCESS,
3727,2025-02-17 12:09:54,3460,,ATM WITHDRAWAL,6019,SUCCESS,
3728,2025-02-07 19:36:53,733,4413,IMPS,125805,FAILED,Beneficiary Not Found
3729,2025-12-29 11:34:02,4559,2163,UPI,7272,SUCCESS,
3730,2025-03-25 16:55:13,4242,1333,UPI,2541,SUCCESS,
3731,2025-12-30 07:11:38,2969,2626,FUND TRANSFER,928456,FAILED,Daily Limit Exceeded
3732,2025-08-10 11:28:29,2361,2260,FUND TRANSFER,382680,SUCCESS,
3733,2025-04-24 13:02:28,820,703,UPI,5488,SUCCESS,
3734,2025-04-11 11:11:40,162,3833,NEFT,236872,SUCCESS,
3735,2025-01-27 17:04:48,1005,,WITHDRAWAL,45014,SUCCESS,
3736,2025-08-31 04:47:37,2498,3088,FUND TRANSFER,917852,FAILED,Insufficient Balance
3737,2025-03-23 08:20:02,2301,3648,FUND TRANSFER,37570,SUCCESS,
3738,2025-10-10 19:53:45,4279,3890,IMPS,129578,SUCCESS,
3739,2025-08-26 19:58:59,386,,DEPOSIT,6664,SUCCESS,
3740,2025-12-19 20:01:08,3401,3479,IMPS,14762,SUCCESS,
3741,2025-05-13 04:48:21,1604,2500,FUND TRANSFER,292571,SUCCESS,
3742,2025-08-13 22:45:16,4982,,WITHDRAWAL,348,FAILED,Insufficient Balance
3743,2025-02-25 04:52:35,239,2260,FUND TRANSFER,102002,SUCCESS,
3744,2025-10-14 18:57:36,90,1693,IMPS,25049,SUCCESS,
3745,2025-10-27 14:26:15,3200,4151,NEFT,236962,SUCCESS,
3746,2025-12-10 12:39:05,908,,ATM WITHDRAWAL,4968,SUCCESS,
3747,2025-09-29 13:10:35,3327,2797,UPI,694,SUCCESS,
3748,2025-09-26 08:44:55,601,,WITHDRAWAL,44715,SUCCESS,
3749,2025-05-29 17:13:28,2225,,DEPOSIT,24945,SUCCESS,
3750,2025-07-01 15:57:28,410,,ATM WITHDRAWAL,7603,SUCCESS,
3751,2025-10-24 02:41:56,4821,2422,FUND TRANSFER,76490,SUCCESS,
3752,2025-11-21 04:28:00,4358,1895,UPI,4628,SUCCESS,
3753,2025-03-21 07:36:19,4518,3539,FUND TRANSFER,612443,SUCCESS,
3754,2025-07-09 09:14:49,273,2203,FUND TRANSFER,922588,SUCCESS,
3755,2025-08-03 22:07:58,2317,357,NEFT,319384,SUCCESS,
3756,2025-02-17 21:34:08,1925,3461,FUND TRANSFER,993988,SUCCESS,
3757,2025-06-27 03:08:25,4168,,WITHDRAWAL,37989,SUCCESS,
3758,2025-01-15 13:45:08,4437,,WITHDRAWAL,28931,SUCCESS,
3759,2025-03-24 21:43:00,4206,4682,NEFT,59990,SUCCESS,
3760,2025-11-02 22:38:56,1276,1437,FUND TRANSFER,862277,SUCCESS,
3761,2025-08-13 02:36:49,1860,,DEPOSIT,77052,SUCCESS,
3762,2025-01-21 17:29:16,418,,DEPOSIT,94700,SUCCESS,
3763,2025-06-02 15:57:00,1105,,WITHDRAWAL,25071,SUCCESS,
3764,2025-11-21 00:52:21,2872,1226,NEFT,78316,SUCCESS,
3765,2025-11-07 21:42:28,4013,2240,NEFT,493248,SUCCESS,
3766,2025-06-26 14:39:09,2182,4977,UPI,3454,SUCCESS,
3767,2025-02-05 07:09:04,4934,3555,FUND TRANSFER,144061,SUCCESS,
3768,2025-06-24 14:24:35,2794,4443,IMPS,102042,SUCCESS,
3769,2025-05-10 16:40:10,2222,4119,FUND TRANSFER,814584,SUCCESS,
3770,2025-04-01 17:53:06,3347,2058,UPI,7220,SUCCESS,
3771,2025-01-31 06:02:04,4392,304,IMPS,31771,SUCCESS,
3772,2025-03-28 21:47:10,2684,,ATM WITHDRAWAL,3403,SUCCESS,
3773,2025-02-21 02:01:30,4766,453,UPI,5190,FAILED,Beneficiary Not Found
3774,2025-12-18 03:47:01,2015,3438,FUND TRANSFER,133032,SUCCESS,
3775,2025-11-28 10:02:17,1451,1657,NEFT,172021,SUCCESS,
3776,2025-08-24 09:10:05,4082,4743,UPI,1813,SUCCESS,
3777,2025-08-24 23:50:54,4298,,ATM WITHDRAWAL,7722,SUCCESS,
3778,2025-12-22 14:19:46,2258,,ATM WITHDRAWAL,5207,SUCCESS,
3779,2025-08-18 01:22:43,3454,,ATM WITHDRAWAL,6816,SUCCESS,
3780,2025-04-19 16:33:58,3771,4053,UPI,9325,SUCCESS,
3781,2025-06-13 11:59:05,110,,DEPOSIT,87247,SUCCESS,
3782,2025-12-22 10:15:57,1626,,ATM WITHDRAWAL,6206,SUCCESS,
3783,2025-03-22 14:44:25,1364,,INTEREST CREDIT,1676,SUCCESS,
3784,2025-03-05 23:53:49,39,3850,UPI,9695,SUCCESS,
3785,2025-10-04 13:25:10,1183,1590,UPI,2307,SUCCESS,
3786,2025-10-12 11:47:49,1493,2318,NEFT,481048,SUCCESS,
3787,2025-02-18 05:14:58,1507,1633,NEFT,270086,SUCCESS,
3788,2025-09-27 09:24:10,4025,1699,IMPS,198491,SUCCESS,
3789,2025-02-24 20:58:37,1252,,INTEREST CREDIT,18577,SUCCESS,
3790,2025-04-15 20:36:00,2090,,WITHDRAWAL,11241,SUCCESS,
3791,2025-07-31 09:53:03,1263,1538,FUND TRANSFER,508802,SUCCESS,
3792,2025-02-07 09:46:34,1037,2978,UPI,6982,SUCCESS,
3793,2025-11-22 06:09:18,2149,4905,UPI,8749,SUCCESS,
3794,2025-07-11 04:07:05,3266,762,FUND TRANSFER,918834,SUCCESS,
3795,2025-12-03 11:29:32,2747,4986,UPI,4429,SUCCESS,
3796,2025-06-22 04:08:19,4356,,ATM WITHDRAWAL,6084,SUCCESS,
3797,2025-01-18 05:13:10,1585,712,NEFT,342483,FAILED,Insufficient Balance
3798,2025-03-09 10:09:10,2249,,ATM WITHDRAWAL,9678,SUCCESS,
3799,2025-01-30 19:43:04,2172,3499,UPI,5080,SUCCESS,
3800,2025-08-17 20:14:30,2998,2361,IMPS,12977,SUCCESS,
3801,2025-02-01 01:03:10,2881,3615,FUND TRANSFER,18507,SUCCESS,
3802,2025-11-01 02:04:54,447,,DEPOSIT,34714,SUCCESS,
3803,2025-01-16 09:48:41,3868,2091,NEFT,437938,SUCCESS,
3804,2025-07-20 15:52:28,3565,4288,UPI,6906,SUCCESS,
3805,2025-07-21 02:44:36,822,,ATM WITHDRAWAL,9851,SUCCESS,
3806,2025-07-07 23:12:55,3985,1885,UPI,2884,SUCCESS,
3807,2025-07-18 17:11:37,2852,,ATM WITHDRAWAL,2569,SUCCESS,
3808,2025-11-13 19:26:51,3588,4773,UPI,3170,SUCCESS,
3809,2025-01-12 15:20:23,4613,,INTEREST CREDIT,22806,SUCCESS,
3810,2025-06-02 05:22:10,4903,4314,NEFT,395539,FAILED,Daily Limit Exceeded
3811,2025-07-28 08:02:21,2969,1176,UPI,4749,SUCCESS,
3812,2025-02-04 09:04:51,3066,,DEPOSIT,90444,SUCCESS,
3813,2025-01-12 12:12:11,1484,2382,FUND TRANSFER,187909,SUCCESS,
3814,2025-01-22 04:23:38,2466,,ATM WITHDRAWAL,3505,SUCCESS,
3815,2025-12-01 19:05:39,575,2186,UPI,1635,SUCCESS,
3816,2025-12-12 08:09:26,3215,679,FUND TRANSFER,422384,SUCCESS,
3817,2025-02-18 23:38:45,1379,1307,FUND TRANSFER,255263,SUCCESS,
3818,2025-04-04 11:09:51,1089,,DEPOSIT,42174,SUCCESS,
3819,2025-05-10 00:37:08,1830,1732,IMPS,166702,SUCCESS,
3820,2025-12-06 04:53:31,949,,DEPOSIT,15225,SUCCESS,
3821,2025-03-06 03:14:44,2685,2834,IMPS,70554,SUCCESS,
3822,2025-05-26 18:43:38,3041,4863,UPI,5108,SUCCESS,
3823,2025-02-06 17:06:53,4529,,ATM WITHDRAWAL,7819,SUCCESS,
3824,2025-07-04 04:33:47,3086,,INTEREST CREDIT,11606,SUCCESS,
3825,2025-10-13 06:52:17,254,4761,IMPS,109290,SUCCESS,
3826,2025-08-07 15:42:31,4813,3648,UPI,9013,SUCCESS,
3827,2025-05-19 12:31:55,4429,,ATM WITHDRAWAL,2869,SUCCESS,
3828,2025-02-02 16:04:43,178,,ATM WITHDRAWAL,1856,SUCCESS,
3829,2025-05-29 18:45:19,1674,611,FUND TRANSFER,676415,SUCCESS,
3830,2025-11-15 05:44:24,1621,2678,NEFT,152885,SUCCESS,
3831,2025-12-12 16:01:12,2565,1688,IMPS,13323,SUCCESS,
3832,2025-01-01 22:31:50,2038,1639,UPI,8448,SUCCESS,
3833,2025-03-28 04:17:26,2372,3272,UPI,9752,SUCCESS,
3834,2025-12-12 17:08:27,1911,,WITHDRAWAL,13853,SUCCESS,
3835,2025-12-24 16:01:29,155,4138,IMPS,149564,SUCCESS,
3836,2025-12-27 21:38:33,3684,136,UPI,4453,SUCCESS,
3837,2025-09-27 10:22:16,2997,2148,IMPS,33778,SUCCESS,
3838,2025-07-11 06:08:48,2785,,WITHDRAWAL,46056,SUCCESS,
3839,2025-10-06 19:26:55,889,1312,UPI,5126,SUCCESS,
3840,2025-12-12 04:59:48,546,,ATM WITHDRAWAL,1892,SUCCESS,
3841,2025-01-01 16:30:47,4354,,WITHDRAWAL,14595,SUCCESS,
3842,2025-11-24 21:18:56,1132,,ATM WITHDRAWAL,6004,FAILED,Invalid Account
3843,2025-05-28 20:20:58,3593,1677,FUND TRANSFER,2263,SUCCESS,
3844,2025-01-01 06:48:54,2675,3992,UPI,2438,SUCCESS,
3845,2025-11-02 00:30:17,2391,,WITHDRAWAL,40110,SUCCESS,
3846,2025-06-29 20:07:22,363,2272,IMPS,49177,SUCCESS,
3847,2025-01-12 05:59:19,579,195,FUND TRANSFER,632091,SUCCESS,
3848,2025-07-09 15:46:08,3075,,ATM WITHDRAWAL,8425,SUCCESS,
3849,2025-05-20 20:58:25,3767,,ATM WITHDRAWAL,6221,SUCCESS,
3850,2025-01-15 15:18:13,2452,2231,FUND TRANSFER,189094,SUCCESS,
3851,2025-10-16 04:24:05,3291,,INTEREST CREDIT,11738,SUCCESS,
3852,2025-05-20 05:57:00,3060,2883,FUND TRANSFER,115427,SUCCESS,
3853,2025-05-13 13:14:45,4424,782,UPI,2933,SUCCESS,
3854,2025-04-18 04:55:34,1694,1795,IMPS,32152,SUCCESS,
3855,2025-04-10 08:37:30,2439,1384,UPI,3295,SUCCESS,
3856,2025-04-18 11:21:46,1239,,WITHDRAWAL,36591,SUCCESS,
3857,2025-01-06 15:03:45,976,899,FUND TRANSFER,797584,SUCCESS,
3858,2025-06-04 19:08:48,1498,,ATM WITHDRAWAL,1065,SUCCESS,
3859,2025-01-22 21:46:06,4741,251,IMPS,109285,FAILED,Account Blocked
3860,2025-03-26 06:17:39,749,1248,FUND TRANSFER,190134,SUCCESS,
3861,2025-05-02 15:49:12,608,,ATM WITHDRAWAL,6078,SUCCESS,
3862,2025-05-09 10:45:44,2862,,ATM WITHDRAWAL,9915,SUCCESS,
3863,2025-07-02 21:45:26,762,1184,FUND TRANSFER,944514,SUCCESS,
3864,2025-10-25 03:34:32,1586,3477,IMPS,104492,SUCCESS,
3865,2025-01-08 04:30:56,1543,1746,FUND TRANSFER,573982,SUCCESS,
3866,2025-05-03 21:00:46,3951,,DEPOSIT,23958,SUCCESS,
3867,2025-07-30 02:42:23,1783,4297,UPI,996,SUCCESS,
3868,2025-10-17 00:27:15,3545,677,IMPS,84491,SUCCESS,
3869,2025-04-21 01:32:11,2460,1063,NEFT,367044,SUCCESS,
3870,2025-04-21 03:29:24,2946,2078,UPI,2672,SUCCESS,
3871,2025-12-30 07:36:30,8,3429,UPI,7739,SUCCESS,
3872,2025-07-13 04:40:07,3602,,DEPOSIT,38533,SUCCESS,
3873,2025-08-27 15:05:42,2348,,ATM WITHDRAWAL,4795,SUCCESS,
3874,2025-01-26 18:21:38,4667,1393,UPI,8040,FAILED,Invalid Account
3875,2025-02-26 03:08:06,1680,2359,UPI,5342,SUCCESS,
3876,2025-07-08 10:37:33,2337,2404,UPI,84,SUCCESS,
3877,2025-04-14 14:07:29,2822,,DEPOSIT,75694,SUCCESS,
3878,2025-03-16 07:25:54,4032,3502,UPI,9359,SUCCESS,
3879,2025-11-21 19:15:31,3023,3266,NEFT,69164,SUCCESS,
3880,2025-10-26 08:22:45,631,,ATM WITHDRAWAL,7747,SUCCESS,
3881,2025-04-12 23:07:36,1404,3286,NEFT,226692,SUCCESS,
3882,2025-01-08 18:41:51,4183,,DEPOSIT,80783,SUCCESS,
3883,2025-04-19 15:52:48,2040,,DEPOSIT,19312,SUCCESS,
3884,2025-05-11 17:15:25,2625,1834,IMPS,121826,SUCCESS,
3885,2025-01-24 09:23:19,4815,862,NEFT,328458,SUCCESS,
3886,2025-11-08 03:22:19,3424,3786,UPI,9188,SUCCESS,
3887,2025-01-22 11:58:08,4023,1915,NEFT,257025,SUCCESS,
3888,2025-03-05 03:15:16,978,1098,UPI,5171,SUCCESS,
3889,2025-09-05 12:22:13,2553,4228,UPI,2142,FAILED,Account Blocked
3890,2025-05-06 23:32:00,4125,4207,UPI,4467,SUCCESS,
3891,2025-03-01 21:33:54,2166,2226,UPI,7087,SUCCESS,
3892,2025-10-08 07:29:15,4937,,DEPOSIT,97432,SUCCESS,
3893,2025-03-20 01:48:49,2612,4930,UPI,1484,SUCCESS,
3894,2025-08-05 14:27:22,2160,,INTEREST CREDIT,16338,SUCCESS,
3895,2025-01-07 21:01:50,2869,,DEPOSIT,65594,SUCCESS,
3896,2025-05-16 09:08:45,511,3615,UPI,4190,SUCCESS,
3897,2025-12-18 06:48:16,189,,DEPOSIT,26738,SUCCESS,
3898,2025-05-14 12:12:02,4347,1370,FUND TRANSFER,194113,SUCCESS,
3899,2025-09-28 23:04:39,4157,4849,NEFT,148058,SUCCESS,
3900,2025-03-03 15:22:38,4009,,INTEREST CREDIT,2649,SUCCESS,
3901,2025-09-21 02:09:45,2796,,WITHDRAWAL,34638,SUCCESS,
3902,2025-08-13 08:17:50,710,4852,NEFT,221387,SUCCESS,
3903,2025-03-16 03:01:48,3830,,DEPOSIT,39857,SUCCESS,
3904,2025-02-10 16:01:00,2711,,DEPOSIT,58390,SUCCESS,
3905,2025-11-15 00:42:19,2741,925,UPI,5512,SUCCESS,
3906,2025-06-11 02:43:04,1219,,WITHDRAWAL,19164,SUCCESS,
3907,2025-05-22 21:27:38,1477,1079,FUND TRANSFER,801572,SUCCESS,
3908,2025-07-31 21:54:49,2166,4871,FUND TRANSFER,740287,SUCCESS,
3909,2025-12-15 13:56:41,2428,,DEPOSIT,17019,SUCCESS,
3910,2025-04-10 22:28:18,2064,3042,UPI,2975,SUCCESS,
3911,2025-06-02 04:57:57,2427,322,IMPS,188076,SUCCESS,
3912,2025-09-23 04:53:50,2170,4509,UPI,4325,SUCCESS,
3913,2025-12-10 19:18:42,4057,,ATM WITHDRAWAL,1968,SUCCESS,
3914,2025-09-09 20:33:00,1550,805,IMPS,108768,SUCCESS,
3915,2025-04-05 11:53:08,1153,,ATM WITHDRAWAL,5478,SUCCESS,
3916,2025-12-14 04:50:36,3316,4825,FUND TRANSFER,842638,SUCCESS,
3917,2025-09-17 12:02:32,4894,1620,UPI,2815,SUCCESS,
3918,2025-01-07 21:25:40,4369,431,FUND TRANSFER,993728,SUCCESS,
3919,2025-04-23 03:41:27,1436,2244,UPI,179,SUCCESS,
3920,2025-08-13 11:02:22,4393,4273,NEFT,14974,SUCCESS,
3921,2025-08-29 09:14:31,2731,1912,UPI,4809,SUCCESS,
3922,2025-11-30 04:04:33,1890,1394,UPI,4729,SUCCESS,
3923,2025-12-05 03:43:31,1304,2385,NEFT,134137,SUCCESS,
3924,2025-05-20 16:57:32,4549,2356,FUND TRANSFER,744636,SUCCESS,
3925,2025-05-26 23:35:42,179,1723,UPI,3321,SUCCESS,
3926,2025-07-29 08:43:20,3824,4741,FUND TRANSFER,757102,SUCCESS,
3927,2025-10-01 04:14:18,3541,3113,NEFT,22217,FAILED,Daily Limit Exceeded
3928,2025-04-08 09:10:40,2921,3015,UPI,4013,SUCCESS,
3929,2025-04-15 12:41:54,165,3358,UPI,4350,SUCCESS,
3930,2025-01-19 06:58:16,1032,1799,UPI,2082,SUCCESS,
3931,2025-01-18 22:03:48,1958,,DEPOSIT,60662,SUCCESS,
3932,2025-03-19 07:07:21,4629,322,UPI,7882,SUCCESS,
3933,2025-03-15 02:31:23,3051,1079,FUND TRANSFER,141027,SUCCESS,
3934,2025-05-22 21:43:32,2102,,ATM WITHDRAWAL,4087,SUCCESS,
3935,2025-03-18 03:28:28,774,1823,NEFT,87472,SUCCESS,
3936,2025-03-06 23:34:57,4521,,DEPOSIT,72468,SUCCESS,
3937,2025-08-27 10:53:06,3122,,ATM WITHDRAWAL,5003,SUCCESS,
3938,2025-08-24 09:29:23,4710,,ATM WITHDRAWAL,8952,SUCCESS,
3939,2025-03-26 00:59:19,832,2857,FUND TRANSFER,97484,SUCCESS,
3940,2025-02-15 02:09:04,3420,3295,FUND TRANSFER,675695,SUCCESS,
3941,2025-05-08 08:08:58,3402,3621,NEFT,429705,SUCCESS,
3942,2025-08-24 06:52:54,1288,,ATM WITHDRAWAL,2363,SUCCESS,
3943,2025-07-20 18:46:37,4323,4571,FUND TRANSFER,927259,SUCCESS,
3944,2025-08-14 07:43:21,4472,,ATM WITHDRAWAL,5227,SUCCESS,
3945,2025-10-06 21:34:08,3237,4177,FUND TRANSFER,980043,SUCCESS,
3946,2025-05-20 03:27:48,20,,DEPOSIT,25216,SUCCESS,
3947,2025-07-12 14:24:47,2429,4362,FUND TRANSFER,183145,SUCCESS,
3948,2025-07-09 07:35:42,3738,,ATM WITHDRAWAL,4421,SUCCESS,
3949,2025-08-23 11:28:23,4095,3544,UPI,2008,SUCCESS,
3950,2025-01-16 18:38:25,1045,2615,FUND TRANSFER,470799,SUCCESS,
3951,2025-04-19 14:43:43,850,3232,IMPS,137652,SUCCESS,
3952,2025-01-01 20:46:30,3310,,DEPOSIT,99512,FAILED,Beneficiary Not Found
3953,2025-03-10 17:05:28,4571,2827,UPI,7504,SUCCESS,
3954,2025-02-02 03:03:37,591,122,FUND TRANSFER,374454,SUCCESS,
3955,2025-01-02 18:37:49,4364,,ATM WITHDRAWAL,3888,SUCCESS,
3956,2025-08-12 04:19:56,4931,4296,IMPS,172100,SUCCESS,
3957,2025-12-26 05:33:48,1140,1281,FUND TRANSFER,827579,SUCCESS,
3958,2025-07-19 22:23:15,4236,,ATM WITHDRAWAL,6774,SUCCESS,
3959,2025-12-20 04:15:44,4848,3179,UPI,9148,SUCCESS,
3960,2025-08-18 06:44:52,4630,4750,UPI,326,SUCCESS,
3961,2025-08-11 23:42:09,416,3604,UPI,1101,SUCCESS,
3962,2025-01-05 06:49:58,4493,4026,UPI,220,SUCCESS,
3963,2025-01-14 10:12:04,4551,,DEPOSIT,39009,SUCCESS,
3964,2025-06-06 04:05:46,3790,1856,UPI,6352,SUCCESS,
3965,2025-11-02 14:48:44,2010,1887,FUND TRANSFER,183948,SUCCESS,
3966,2025-03-18 14:26:20,3701,3061,UPI,8956,SUCCESS,
3967,2025-06-22 19:58:38,2438,,DEPOSIT,38154,SUCCESS,
3968,2025-10-16 22:25:37,2199,,INTEREST CREDIT,4917,SUCCESS,
3969,2025-09-13 23:49:23,2130,1163,FUND TRANSFER,207818,SUCCESS,
3970,2025-03-23 12:15:40,1846,3315,FUND TRANSFER,539158,SUCCESS,
3971,2025-10-27 18:57:56,2289,1730,UPI,3872,SUCCESS,
3972,2025-07-19 01:54:27,3850,2737,FUND TRANSFER,45200,SUCCESS,
3973,2025-03-28 19:29:15,2941,610,UPI,1721,SUCCESS,
3974,2025-01-27 21:00:08,1206,4800,UPI,1344,SUCCESS,
3975,2025-05-08 01:45:58,3272,3637,UPI,7750,SUCCESS,
3976,2025-08-09 15:27:54,1128,,DEPOSIT,64406,SUCCESS,
3977,2025-06-16 19:28:39,4142,,ATM WITHDRAWAL,4124,SUCCESS,
3978,2025-01-16 14:01:26,3831,187,UPI,6919,SUCCESS,
3979,2025-04-23 02:48:09,2487,2559,UPI,3647,SUCCESS,
3980,2025-11-23 18:37:13,2767,,ATM WITHDRAWAL,2421,SUCCESS,
3981,2025-01-30 09:35:43,1337,2645,UPI,9018,FAILED,Account Blocked
3982,2025-10-21 23:24:40,1886,,DEPOSIT,70186,SUCCESS,
3983,2025-10-28 06:09:55,3945,3153,UPI,8880,SUCCESS,
3984,2025-10-09 23:43:48,2621,4373,IMPS,33001,SUCCESS,
3985,2025-02-20 19:30:25,607,3242,UPI,482,SUCCESS,
3986,2025-08-23 23:43:45,50,4959,UPI,3669,SUCCESS,
3987,2025-06-18 02:32:57,3920,,WITHDRAWAL,8541,SUCCESS,
3988,2025-11-12 16:39:01,4599,,ATM WITHDRAWAL,8322,SUCCESS,
3989,2025-01-08 16:32:48,675,2186,UPI,8887,SUCCESS,
3990,2025-09-11 00:29:15,3523,,WITHDRAWAL,9736,SUCCESS,
3991,2025-12-18 20:22:38,2168,1375,NEFT,366459,FAILED,Daily Limit Exceeded
3992,2025-06-18 01:33:57,1737,114,FUND TRANSFER,69327,SUCCESS,
3993,2025-05-27 21:38:45,1932,1467,NEFT,21167,SUCCESS,
3994,2025-09-22 15:51:57,3078,,DEPOSIT,15470,SUCCESS,
3995,2025-06-29 17:26:47,762,990,UPI,3939,SUCCESS,
3996,2025-01-03 18:41:00,1956,4184,UPI,7573,SUCCESS,
3997,2025-03-16 15:17:02,3004,,DEPOSIT,84552,SUCCESS,
3998,2025-09-01 19:57:34,1488,493,FUND TRANSFER,452565,SUCCESS,
3999,2025-03-12 00:00:44,3970,,DEPOSIT,21316,SUCCESS,
4000,2025-09-16 07:41:17,3951,,ATM WITHDRAWAL,9033,SUCCESS,
4001,2025-05-23 17:43:42,3304,,ATM WITHDRAWAL,6561,SUCCESS,
4002,2025-12-11 10:43:40,311,3886,UPI,1653,SUCCESS,
4003,2025-11-17 14:55:51,3245,4436,IMPS,6840,SUCCESS,
4004,2025-11-03 04:02:51,541,922,UPI,9698,FAILED,Network Timeout
4005,2025-02-28 16:35:35,4416,3372,FUND TRANSFER,986084,SUCCESS,
4006,2025-10-11 22:09:04,3584,,INTEREST CREDIT,8693,SUCCESS,
4007,2025-12-02 23:12:19,4240,4806,UPI,1364,SUCCESS,
4008,2025-06-06 10:26:47,2708,794,UPI,338,SUCCESS,
4009,2025-07-18 04:41:17,4187,,DEPOSIT,19116,SUCCESS,
4010,2025-11-24 01:18:14,4208,,DEPOSIT,82350,SUCCESS,
4011,2025-11-29 20:23:52,4967,3139,UPI,8215,SUCCESS,
4012,2025-12-28 01:07:28,4747,4940,UPI,1544,SUCCESS,
4013,2025-12-20 07:27:49,3213,4482,UPI,7605,SUCCESS,
4014,2025-03-09 18:38:01,1512,,ATM WITHDRAWAL,9924,SUCCESS,
4015,2025-09-12 13:33:43,4862,4237,IMPS,190442,SUCCESS,
4016,2025-11-30 19:34:50,586,552,FUND TRANSFER,841141,SUCCESS,
4017,2025-07-19 03:55:21,1287,346,UPI,3591,SUCCESS,
4018,2025-06-29 15:54:15,4784,3923,UPI,4662,SUCCESS,
4019,2025-11-28 09:07:30,2185,,ATM WITHDRAWAL,2320,SUCCESS,
4020,2025-09-25 12:35:03,388,881,UPI,8312,SUCCESS,
4021,2025-07-21 11:44:46,1786,3442,UPI,2418,SUCCESS,
4022,2025-03-16 20:51:06,1109,2012,FUND TRANSFER,723070,SUCCESS,
4023,2025-10-16 00:56:09,1704,1431,UPI,6590,SUCCESS,
4024,2025-07-16 01:53:53,4649,1363,NEFT,315856,SUCCESS,
4025,2025-03-30 12:13:58,581,1292,FUND TRANSFER,614755,SUCCESS,
4026,2025-01-23 02:18:14,815,,ATM WITHDRAWAL,417,SUCCESS,
4027,2025-03-19 13:37:14,3745,,ATM WITHDRAWAL,6207,SUCCESS,
4028,2025-07-07 01:52:41,3657,3306,UPI,1638,SUCCESS,
4029,2025-02-14 22:20:14,1708,,WITHDRAWAL,12795,SUCCESS,
4030,2025-09-03 21:48:15,1453,,ATM WITHDRAWAL,1178,SUCCESS,
4031,2025-01-16 14:22:41,2710,,WITHDRAWAL,35560,SUCCESS,
4032,2025-06-24 05:55:54,3465,4505,IMPS,152024,SUCCESS,
4033,2025-06-06 20:48:30,4376,1243,UPI,7177,SUCCESS,
4034,2025-04-06 05:45:14,475,,ATM WITHDRAWAL,5583,SUCCESS,
4035,2025-11-23 09:55:45,3697,,WITHDRAWAL,3034,SUCCESS,
4036,2025-09-01 18:53:20,32,3760,IMPS,108808,SUCCESS,
4037,2025-01-21 11:47:54,690,,WITHDRAWAL,44689,SUCCESS,
4038,2025-04-10 04:18:54,4433,3652,UPI,3906,SUCCESS,
4039,2025-06-29 18:20:42,3979,4679,NEFT,497918,SUCCESS,
4040,2025-07-29 18:20:29,2072,4520,FUND TRANSFER,826285,SUCCESS,
4041,2025-04-28 08:50:31,623,,ATM WITHDRAWAL,9143,SUCCESS,
4042,2025-12-05 02:12:22,3303,3241,FUND TRANSFER,118737,SUCCESS,
4043,2025-12-14 15:07:11,2035,,DEPOSIT,54369,SUCCESS,
4044,2025-02-24 03:12:36,2528,4053,IMPS,121882,SUCCESS,
4045,2025-02-04 16:32:19,473,,WITHDRAWAL,31914,SUCCESS,
4046,2025-06-22 17:38:54,570,3151,UPI,6570,SUCCESS,
4047,2025-04-04 13:10:58,716,471,IMPS,23736,SUCCESS,
4048,2025-09-11 23:22:39,2287,,DEPOSIT,93380,SUCCESS,
4049,2025-07-18 21:28:12,2220,,ATM WITHDRAWAL,2624,SUCCESS,
4050,2025-07-15 21:45:11,2640,,ATM WITHDRAWAL,2113,SUCCESS,
4051,2025-01-26 16:26:38,542,4390,FUND TRANSFER,471135,SUCCESS,
4052,2025-03-06 15:56:13,1080,,ATM WITHDRAWAL,4220,SUCCESS,
4053,2025-11-30 02:57:04,1734,,DEPOSIT,89706,SUCCESS,
4054,2025-08-24 22:53:33,4800,1050,FUND TRANSFER,449703,SUCCESS,
4055,2025-01-22 22:25:02,3649,1951,NEFT,207201,SUCCESS,
4056,2025-10-30 08:54:06,1225,4525,FUND TRANSFER,924167,SUCCESS,
4057,2025-07-20 01:45:53,1577,,DEPOSIT,35610,SUCCESS,
4058,2025-05-11 17:39:50,1159,4902,UPI,8488,SUCCESS,
4059,2025-03-20 23:40:28,588,,ATM WITHDRAWAL,6874,SUCCESS,
4060,2025-04-24 10:16:50,4259,,DEPOSIT,15595,SUCCESS,
4061,2025-04-23 22:32:27,234,2050,UPI,7424,SUCCESS,
4062,2025-06-06 11:20:36,946,2723,IMPS,84901,SUCCESS,
4063,2025-08-09 23:51:12,1411,4655,FUND TRANSFER,939424,SUCCESS,
4064,2025-11-27 09:31:03,2274,,DEPOSIT,62840,SUCCESS,
4065,2025-06-02 16:16:19,1746,,ATM WITHDRAWAL,4674,SUCCESS,
4066,2025-06-24 02:33:29,122,1758,IMPS,18774,SUCCESS,
4067,2025-03-16 02:20:55,382,,DEPOSIT,37642,SUCCESS,
4068,2025-04-09 00:28:16,4525,,INTEREST CREDIT,1583,SUCCESS,
4069,2025-10-23 20:51:53,910,,ATM WITHDRAWAL,2891,SUCCESS,
4070,2025-07-31 12:22:35,1821,2160,FUND TRANSFER,26892,SUCCESS,
4071,2025-09-08 02:11:54,3677,4786,NEFT,442300,SUCCESS,
4072,2025-10-31 00:51:51,1491,3784,UPI,7024,SUCCESS,
4073,2025-02-02 20:17:13,4267,719,UPI,7353,SUCCESS,
4074,2025-11-10 22:28:23,1763,3328,IMPS,127193,SUCCESS,
4075,2025-07-25 12:45:20,1269,,INTEREST CREDIT,5803,SUCCESS,
4076,2025-09-23 13:56:01,2000,3573,UPI,820,SUCCESS,
4077,2025-02-08 13:23:35,672,3251,FUND TRANSFER,987384,SUCCESS,
4078,2025-01-05 20:26:25,4105,890,FUND TRANSFER,807567,SUCCESS,
4079,2025-10-03 21:50:21,1288,4173,FUND TRANSFER,52294,SUCCESS,
4080,2025-12-07 02:14:42,1453,1035,UPI,1607,SUCCESS,
4081,2025-09-30 15:05:47,4205,1741,IMPS,192173,SUCCESS,
4082,2025-03-12 13:21:39,2580,661,IMPS,97911,SUCCESS,
4083,2025-09-16 00:02:40,4873,2131,IMPS,186864,SUCCESS,
4084,2025-08-18 08:55:44,4264,2666,IMPS,199366,FAILED,Account Blocked
4085,2025-05-30 23:24:43,994,,ATM WITHDRAWAL,690,SUCCESS,
4086,2025-07-29 06:31:53,3854,3130,UPI,4239,SUCCESS,
4087,2025-10-19 22:16:07,3621,3988,IMPS,19693,SUCCESS,
4088,2025-08-04 15:31:58,2133,4054,FUND TRANSFER,762714,SUCCESS,
4089,2025-11-11 22:05:31,3529,3370,UPI,4965,SUCCESS,
4090,2025-12-08 07:09:21,781,2611,UPI,1261,SUCCESS,
4091,2025-05-04 00:38:51,34,,WITHDRAWAL,47158,SUCCESS,
4092,2025-09-14 22:40:32,973,,ATM WITHDRAWAL,8565,SUCCESS,
4093,2025-09-21 02:55:24,4886,,INTEREST CREDIT,5082,SUCCESS,
4094,2025-10-09 11:53:42,341,4787,FUND TRANSFER,657742,SUCCESS,
4095,2025-11-28 06:07:51,1408,,ATM WITHDRAWAL,6994,SUCCESS,
4096,2025-12-06 17:12:26,226,,ATM WITHDRAWAL,1299,SUCCESS,
4097,2025-05-16 03:32:39,1826,1973,UPI,5870,SUCCESS,
4098,2025-04-04 10:33:08,520,,DEPOSIT,65606,SUCCESS,
4099,2025-03-26 20:07:18,982,1436,UPI,6072,SUCCESS,
4100,2025-02-18 18:51:04,3639,1703,UPI,8995,SUCCESS,
4101,2025-07-03 23:31:00,3173,3606,UPI,4013,SUCCESS,
4102,2025-12-24 20:58:21,445,2915,UPI,8696,SUCCESS,
4103,2025-11-18 17:57:16,1065,4848,IMPS,190949,SUCCESS,
4104,2025-08-26 06:48:14,3017,,ATM WITHDRAWAL,8824,SUCCESS,
4105,2025-11-26 09:55:35,11,901,UPI,5417,SUCCESS,
4106,2025-05-07 16:37:16,1484,4676,NEFT,328760,SUCCESS,
4107,2025-04-13 17:09:38,3442,,WITHDRAWAL,46421,SUCCESS,
4108,2025-12-16 12:47:18,2591,,DEPOSIT,81715,SUCCESS,
4109,2025-09-29 23:17:44,2478,,WITHDRAWAL,19990,SUCCESS,
4110,2025-10-24 08:54:46,1319,2217,UPI,846,SUCCESS,
4111,2025-02-11 00:21:17,1198,,WITHDRAWAL,37405,SUCCESS,
4112,2025-01-19 11:14:58,4062,4093,UPI,9897,SUCCESS,
4113,2025-02-22 19:50:51,540,,WITHDRAWAL,33134,SUCCESS,
4114,2025-08-30 01:06:24,469,4357,FUND TRANSFER,951592,SUCCESS,
4115,2025-05-14 19:48:42,3147,4144,NEFT,296725,SUCCESS,
4116,2025-11-05 02:29:03,4328,2136,UPI,2404,SUCCESS,
4117,2025-03-03 14:13:26,2428,,WITHDRAWAL,23242,SUCCESS,
4118,2025-12-01 06:31:39,3023,,ATM WITHDRAWAL,9915,SUCCESS,
4119,2025-05-14 11:20:21,1890,,DEPOSIT,23893,SUCCESS,
4120,2025-07-25 21:53:29,2045,4938,IMPS,143175,SUCCESS,
4121,2025-01-04 04:06:10,4029,4766,UPI,9276,SUCCESS,
4122,2025-01-18 21:15:12,4751,,ATM WITHDRAWAL,9878,SUCCESS,
4123,2025-10-15 13:09:06,3585,3239,NEFT,497429,SUCCESS,
4124,2025-05-18 17:25:05,4867,,INTEREST CREDIT,24535,SUCCESS,
4125,2025-10-11 11:38:27,4423,1212,FUND TRANSFER,566181,SUCCESS,
4126,2025-06-25 08:17:48,1386,,ATM WITHDRAWAL,456,SUCCESS,
4127,2025-10-12 06:46:05,2636,1922,UPI,6960,SUCCESS,
4128,2025-01-04 23:32:09,4362,726,UPI,6079,SUCCESS,
4129,2025-03-10 01:36:50,4512,3269,FUND TRANSFER,441851,SUCCESS,
4130,2025-10-19 11:18:43,2939,,DEPOSIT,17486,SUCCESS,
4131,2025-02-19 00:57:43,1018,,INTEREST CREDIT,5119,SUCCESS,
4132,2025-07-16 17:54:54,1959,1624,UPI,6632,SUCCESS,
4133,2025-01-21 03:33:29,4734,2168,UPI,1666,SUCCESS,
4134,2025-06-30 03:23:59,3136,1520,IMPS,14602,SUCCESS,
4135,2025-08-20 08:46:18,3431,,ATM WITHDRAWAL,8225,SUCCESS,
4136,2025-12-13 22:12:58,857,4341,IMPS,17616,SUCCESS,
4137,2025-01-19 20:30:15,157,,WITHDRAWAL,45569,SUCCESS,
4138,2025-01-30 04:21:15,1287,,INTEREST CREDIT,2049,SUCCESS,
4139,2025-12-10 17:23:46,2876,,WITHDRAWAL,47563,SUCCESS,
4140,2025-12-19 23:36:57,217,,ATM WITHDRAWAL,7632,SUCCESS,
4141,2025-11-10 04:54:38,4972,,ATM WITHDRAWAL,6072,SUCCESS,
4142,2025-08-14 04:09:04,199,,ATM WITHDRAWAL,9475,SUCCESS,
4143,2025-07-13 09:47:06,1011,4410,UPI,9017,FAILED,Invalid Account
4144,2025-10-18 06:32:53,1214,,WITHDRAWAL,44260,SUCCESS,
4145,2025-11-09 10:47:57,3362,,ATM WITHDRAWAL,5373,SUCCESS,
4146,2025-11-17 23:15:56,3313,,WITHDRAWAL,21086,SUCCESS,
4147,2025-12-18 02:31:00,3603,2427,UPI,9583,SUCCESS,
4148,2025-07-30 09:27:15,1266,,INTEREST CREDIT,19366,SUCCESS,
4149,2025-07-08 10:14:28,2851,1640,UPI,7410,SUCCESS,
4150,2025-12-17 15:01:11,3723,3334,UPI,2369,SUCCESS,
4151,2025-08-18 17:12:12,876,4939,UPI,532,SUCCESS,
4152,2025-05-31 23:23:56,759,2721,FUND TRANSFER,313074,SUCCESS,
4153,2025-06-13 20:05:54,3466,4850,UPI,6538,SUCCESS,
4154,2025-11-28 22:28:20,4936,171,UPI,8654,SUCCESS,
4155,2025-11-23 07:07:52,1025,781,FUND TRANSFER,459911,SUCCESS,
4156,2025-07-20 19:08:42,3364,1214,FUND TRANSFER,245596,SUCCESS,
4157,2025-10-18 11:19:58,830,4164,UPI,5771,SUCCESS,
4158,2025-11-02 16:39:40,1675,615,FUND TRANSFER,562133,SUCCESS,
4159,2025-10-12 00:04:32,258,1203,UPI,3446,SUCCESS,
4160,2025-09-26 23:23:57,4038,1679,UPI,8322,SUCCESS,
4161,2025-05-02 09:10:47,2855,,ATM WITHDRAWAL,6768,SUCCESS,
4162,2025-07-04 19:22:49,3395,1056,UPI,3467,SUCCESS,
4163,2025-02-04 07:31:55,2039,2119,UPI,1851,SUCCESS,
4164,2025-10-11 18:01:24,724,3681,IMPS,41308,SUCCESS,
4165,2025-11-10 07:28:05,537,2024,NEFT,213104,SUCCESS,
4166,2025-10-12 22:30:31,3470,4349,FUND TRANSFER,623847,SUCCESS,
4167,2025-05-06 15:13:39,3675,,ATM WITHDRAWAL,6213,SUCCESS,
4168,2025-05-29 06:21:21,1510,2542,UPI,114,SUCCESS,
4169,2025-07-11 21:39:34,2329,2863,UPI,468,SUCCESS,
4170,2025-12-26 15:22:51,3350,,ATM WITHDRAWAL,9519,SUCCESS,
4171,2025-07-28 02:57:53,1268,,DEPOSIT,12976,SUCCESS,
4172,2025-05-28 03:36:35,4853,,ATM WITHDRAWAL,2060,SUCCESS,
4173,2025-09-04 21:18:07,3532,4700,FUND TRANSFER,203177,SUCCESS,
4174,2025-12-10 18:56:32,2188,1054,UPI,1216,SUCCESS,
4175,2025-11-14 19:17:16,158,,WITHDRAWAL,4495,SUCCESS,
4176,2025-08-06 04:04:11,2352,3929,UPI,5309,SUCCESS,
4177,2025-06-30 08:58:07,3665,,DEPOSIT,86942,SUCCESS,
4178,2025-05-23 13:31:39,939,914,UPI,2060,SUCCESS,
4179,2025-04-04 20:53:18,413,,DEPOSIT,8070,SUCCESS,
4180,2025-03-22 22:57:40,2290,751,FUND TRANSFER,893866,SUCCESS,
4181,2025-11-30 10:35:11,1252,,WITHDRAWAL,39528,SUCCESS,
4182,2025-01-17 20:30:32,1249,2852,FUND TRANSFER,70227,SUCCESS,
4183,2025-08-08 09:14:52,2354,,WITHDRAWAL,3429,SUCCESS,
4184,2025-09-05 22:00:04,4804,,WITHDRAWAL,26786,SUCCESS,
4185,2025-09-06 11:44:51,2721,,WITHDRAWAL,35982,SUCCESS,
4186,2025-04-21 01:55:54,4800,,DEPOSIT,16342,SUCCESS,
4187,2025-12-06 20:57:31,390,4235,UPI,2473,SUCCESS,
4188,2025-07-22 00:20:01,3922,3752,UPI,1744,SUCCESS,
4189,2025-09-24 10:07:42,433,44,FUND TRANSFER,354103,SUCCESS,
4190,2025-05-12 06:54:08,1223,2157,FUND TRANSFER,195566,SUCCESS,
4191,2025-11-09 07:16:56,3476,,ATM WITHDRAWAL,3615,SUCCESS,
4192,2025-12-09 20:42:28,4223,205,IMPS,125328,SUCCESS,
4193,2025-11-23 11:14:14,1579,1977,UPI,5193,SUCCESS,
4194,2025-08-02 18:08:43,4353,,WITHDRAWAL,22618,SUCCESS,
4195,2025-09-01 20:50:59,3590,2581,NEFT,439487,SUCCESS,
4196,2025-03-18 07:04:27,1513,3786,IMPS,7305,SUCCESS,
4197,2025-01-04 03:56:31,4428,4776,NEFT,207926,SUCCESS,
4198,2025-01-23 06:30:40,2084,,DEPOSIT,10778,SUCCESS,
4199,2025-10-03 03:36:00,3878,747,UPI,791,SUCCESS,
4200,2025-02-07 20:02:52,4631,1494,FUND TRANSFER,789391,SUCCESS,
4201,2025-01-28 10:08:18,315,1564,IMPS,126726,SUCCESS,
4202,2025-04-28 20:01:23,679,4612,UPI,2156,SUCCESS,
4203,2025-03-21 03:35:12,3199,1743,UPI,534,SUCCESS,
4204,2025-08-22 22:56:00,1549,222,IMPS,22941,SUCCESS,
4205,2025-06-19 10:44:13,3783,,WITHDRAWAL,42848,SUCCESS,
4206,2025-02-11 11:31:06,3097,1018,FUND TRANSFER,578978,SUCCESS,
4207,2025-06-01 08:55:42,4238,,DEPOSIT,72540,SUCCESS,
4208,2025-02-11 15:57:30,4348,,WITHDRAWAL,17958,SUCCESS,
4209,2025-10-11 12:05:04,3329,2028,NEFT,236156,SUCCESS,
4210,2025-07-26 12:53:08,3601,1904,UPI,462,SUCCESS,
4211,2025-05-01 15:45:24,910,2869,FUND TRANSFER,289486,SUCCESS,
4212,2025-09-25 04:32:34,1705,1785,IMPS,104297,SUCCESS,
4213,2025-01-23 09:33:00,3773,137,FUND TRANSFER,594224,SUCCESS,
4214,2025-03-30 19:24:04,150,4426,IMPS,39489,SUCCESS,
4215,2025-07-23 20:03:29,4393,2773,UPI,932,SUCCESS,
4216,2025-11-10 22:36:02,841,2557,UPI,5442,SUCCESS,
4217,2025-11-24 06:13:41,1579,1240,FUND TRANSFER,377058,SUCCESS,
4218,2025-12-07 23:10:00,4778,3671,FUND TRANSFER,291925,SUCCESS,
4219,2025-08-21 20:38:56,3684,192,UPI,6888,SUCCESS,
4220,2025-06-09 10:15:22,2678,1070,UPI,3933,SUCCESS,
4221,2025-06-05 17:28:20,1992,42,FUND TRANSFER,904824,SUCCESS,
4222,2025-08-01 18:32:29,203,4730,UPI,1328,SUCCESS,
4223,2025-12-31 03:09:52,3477,,DEPOSIT,50231,SUCCESS,
4224,2025-04-23 02:52:09,3143,315,UPI,6452,SUCCESS,
4225,2025-01-02 21:16:33,1489,455,UPI,76,SUCCESS,
4226,2025-03-26 02:15:09,611,2767,UPI,985,SUCCESS,
4227,2025-01-24 20:40:37,1420,3918,UPI,2979,SUCCESS,
4228,2025-09-14 07:38:43,4465,,INTEREST CREDIT,3039,SUCCESS,
4229,2025-06-27 08:25:14,3975,4429,UPI,4974,SUCCESS,
4230,2025-02-01 21:25:25,4671,,ATM WITHDRAWAL,9514,SUCCESS,
4231,2025-05-24 12:32:35,2903,1085,FUND TRANSFER,878226,SUCCESS,
4232,2025-11-12 00:36:38,2749,1378,FUND TRANSFER,831594,SUCCESS,
4233,2025-03-11 17:44:19,66,2510,UPI,5474,SUCCESS,
4234,2025-05-20 22:18:22,3406,2152,IMPS,26385,SUCCESS,
4235,2025-05-09 07:25:27,3992,,INTEREST CREDIT,1887,SUCCESS,
4236,2025-03-15 01:06:30,4009,4961,FUND TRANSFER,769793,SUCCESS,
4237,2025-02-03 07:00:46,3088,4175,IMPS,78521,SUCCESS,
4238,2025-05-01 11:04:55,3182,1097,FUND TRANSFER,187787,SUCCESS,
4239,2025-04-19 08:56:09,642,2937,IMPS,160858,SUCCESS,
4240,2025-02-23 15:56:55,1725,,ATM WITHDRAWAL,8715,SUCCESS,
4241,2025-03-12 10:20:06,1733,,WITHDRAWAL,19461,SUCCESS,
4242,2025-09-02 21:15:36,3191,,ATM WITHDRAWAL,1431,SUCCESS,
4243,2025-07-03 13:43:02,3201,1217,UPI,9485,SUCCESS,
4244,2025-07-10 23:29:05,3911,2324,UPI,1808,SUCCESS,
4245,2025-10-30 09:10:23,2,,WITHDRAWAL,44462,SUCCESS,
4246,2025-11-26 15:08:38,4069,,ATM WITHDRAWAL,3255,SUCCESS,
4247,2025-06-16 07:24:20,1412,4541,FUND TRANSFER,84031,SUCCESS,
4248,2025-01-03 23:57:56,4466,2897,IMPS,65446,SUCCESS,
4249,2025-01-26 00:15:51,4286,165,FUND TRANSFER,557901,SUCCESS,
4250,2025-04-14 22:48:33,900,2374,UPI,5146,SUCCESS,
4251,2025-11-20 04:17:12,460,,DEPOSIT,53805,SUCCESS,
4252,2025-08-01 03:40:49,3407,477,FUND TRANSFER,877592,SUCCESS,
4253,2025-03-18 03:27:46,1028,913,UPI,5071,SUCCESS,
4254,2025-03-23 17:48:43,1392,2679,FUND TRANSFER,321689,SUCCESS,
4255,2025-01-23 21:48:52,45,,ATM WITHDRAWAL,4303,SUCCESS,
4256,2025-03-09 20:21:25,3654,2926,NEFT,100019,SUCCESS,
4257,2025-11-18 04:34:55,1150,,DEPOSIT,79349,SUCCESS,
4258,2025-02-14 17:29:27,4434,2540,FUND TRANSFER,397935,SUCCESS,
4259,2025-07-09 06:50:16,2464,3110,IMPS,65555,SUCCESS,
4260,2025-05-10 13:19:18,4745,2060,UPI,4420,SUCCESS,
4261,2025-03-15 03:12:19,2073,,WITHDRAWAL,49861,SUCCESS,
4262,2025-02-15 13:16:53,195,710,UPI,8566,SUCCESS,
4263,2025-07-26 08:44:55,3742,3516,UPI,8432,SUCCESS,
4264,2025-04-24 06:13:16,1629,,ATM WITHDRAWAL,3672,SUCCESS,
4265,2025-05-28 14:36:59,792,3447,FUND TRANSFER,526437,FAILED,Insufficient Balance
4266,2025-07-03 13:33:32,1754,,ATM WITHDRAWAL,9449,SUCCESS,
4267,2025-08-22 15:00:35,2568,,ATM WITHDRAWAL,1440,SUCCESS,
4268,2025-11-23 17:55:03,3813,,DEPOSIT,58568,SUCCESS,
4269,2025-02-13 01:53:37,1404,3919,UPI,8102,SUCCESS,
4270,2025-01-01 05:19:34,4035,3023,UPI,7221,FAILED,Daily Limit Exceeded
4271,2025-09-08 06:16:31,1761,,DEPOSIT,7239,SUCCESS,
4272,2025-03-16 00:52:02,3807,2846,IMPS,162156,SUCCESS,
4273,2025-08-12 03:25:44,1433,,DEPOSIT,24131,SUCCESS,
4274,2025-01-21 10:35:05,1703,4731,NEFT,310059,SUCCESS,
4275,2025-04-24 13:48:52,3718,,DEPOSIT,40220,SUCCESS,
4276,2025-10-27 13:36:13,4217,,DEPOSIT,51380,SUCCESS,
4277,2025-10-19 16:10:08,495,3457,UPI,2589,SUCCESS,
4278,2025-04-08 21:39:23,3470,2552,UPI,2635,SUCCESS,
4279,2025-04-30 09:02:13,766,,ATM WITHDRAWAL,3123,SUCCESS,
4280,2025-05-05 08:40:35,3438,3742,IMPS,82327,SUCCESS,
4281,2025-01-09 10:15:05,4384,691,IMPS,184937,SUCCESS,
4282,2025-06-22 20:57:38,308,,ATM WITHDRAWAL,4680,FAILED,Account Blocked
4283,2025-12-06 10:25:19,392,,INTEREST CREDIT,23034,SUCCESS,
4284,2025-01-06 05:42:47,2960,926,UPI,3338,SUCCESS,
4285,2025-08-09 17:27:20,3736,,ATM WITHDRAWAL,4466,SUCCESS,
4286,2025-03-09 21:51:02,1899,2782,IMPS,114278,SUCCESS,
4287,2025-08-19 00:49:24,1941,,DEPOSIT,46616,SUCCESS,
4288,2025-11-02 03:24:02,2578,3619,IMPS,120221,SUCCESS,
4289,2025-11-06 00:49:03,3212,2834,UPI,7014,SUCCESS,
4290,2025-03-27 20:40:45,2320,3386,UPI,8447,SUCCESS,
4291,2025-06-06 03:13:23,3323,2055,FUND TRANSFER,350376,SUCCESS,
4292,2025-10-15 20:24:19,2253,,ATM WITHDRAWAL,9351,SUCCESS,
4293,2025-08-23 20:16:48,1229,4369,IMPS,169936,SUCCESS,
4294,2025-03-27 22:07:17,4793,4635,UPI,5374,SUCCESS,
4295,2025-05-16 04:07:47,3192,,WITHDRAWAL,31659,SUCCESS,
4296,2025-09-09 16:31:05,1335,,ATM WITHDRAWAL,259,SUCCESS,
4297,2025-04-27 23:16:56,4367,142,FUND TRANSFER,638547,SUCCESS,
4298,2025-08-23 10:10:55,2669,3014,IMPS,59839,SUCCESS,
4299,2025-11-27 11:23:36,3866,,DEPOSIT,18302,SUCCESS,
4300,2025-07-28 11:18:07,2969,698,IMPS,81480,SUCCESS,
4301,2025-02-21 22:12:20,4878,3573,FUND TRANSFER,911469,SUCCESS,
4302,2025-02-18 10:14:19,52,,WITHDRAWAL,47129,SUCCESS,
4303,2025-10-21 00:13:14,279,,ATM WITHDRAWAL,4023,SUCCESS,
4304,2025-11-15 06:22:53,1172,,DEPOSIT,19367,SUCCESS,
4305,2025-06-07 12:33:00,3731,1138,UPI,904,SUCCESS,
4306,2025-12-05 03:55:49,2795,4227,UPI,5862,SUCCESS,
4307,2025-04-06 21:30:56,1644,4255,UPI,249,FAILED,Beneficiary Not Found
4308,2025-09-06 06:31:40,2227,747,FUND TRANSFER,346886,SUCCESS,
4309,2025-09-29 04:29:11,2395,462,UPI,1732,SUCCESS,
4310,2025-09-28 19:37:04,1167,1812,IMPS,192011,SUCCESS,
4311,2025-01-05 20:50:19,659,711,UPI,717,SUCCESS,
4312,2025-02-18 22:54:59,2008,,ATM WITHDRAWAL,1305,SUCCESS,
4313,2025-10-01 17:13:57,4944,1180,UPI,5383,SUCCESS,
4314,2025-02-27 16:29:20,4692,,ATM WITHDRAWAL,1924,SUCCESS,
4315,2025-01-25 03:34:04,677,,DEPOSIT,17611,SUCCESS,
4316,2025-06-30 01:10:34,4754,4024,UPI,4389,SUCCESS,
4317,2025-03-06 06:00:24,4201,,ATM WITHDRAWAL,3361,SUCCESS,
4318,2025-04-21 06:45:41,547,1836,IMPS,193999,SUCCESS,
4319,2025-08-19 23:20:48,507,,ATM WITHDRAWAL,5824,SUCCESS,
4320,2025-10-01 14:53:16,3184,1869,UPI,7038,SUCCESS,
4321,2025-05-02 16:24:24,3519,4446,IMPS,122825,SUCCESS,
4322,2025-11-16 11:04:12,2062,4219,NEFT,268351,SUCCESS,
4323,2025-07-01 16:39:19,2330,,DEPOSIT,76581,SUCCESS,
4324,2025-04-27 12:47:45,1046,,ATM WITHDRAWAL,6226,SUCCESS,
4325,2025-08-16 04:21:14,2819,1233,IMPS,181951,SUCCESS,
4326,2025-10-18 22:53:56,439,4165,FUND TRANSFER,674368,SUCCESS,
4327,2025-05-23 12:49:49,3228,988,IMPS,62911,SUCCESS,
4328,2025-05-22 07:08:06,2762,3264,UPI,522,SUCCESS,
4329,2025-05-30 14:45:57,856,,DEPOSIT,26618,SUCCESS,
4330,2025-04-16 19:45:04,3356,,WITHDRAWAL,32362,SUCCESS,
4331,2025-11-29 16:31:24,3206,1657,UPI,5733,SUCCESS,
4332,2025-04-29 17:30:12,1148,,DEPOSIT,90396,SUCCESS,
4333,2025-06-19 17:38:15,681,1637,NEFT,153908,SUCCESS,
4334,2025-04-30 17:53:03,2681,,DEPOSIT,67042,SUCCESS,
4335,2025-03-01 01:51:06,4010,1382,FUND TRANSFER,214824,SUCCESS,
4336,2025-10-05 02:49:42,825,,ATM WITHDRAWAL,122,SUCCESS,
4337,2025-04-26 11:16:36,2754,2263,NEFT,238134,SUCCESS,
4338,2025-09-23 17:11:40,4213,810,NEFT,110375,SUCCESS,
4339,2025-11-12 09:41:16,2214,,DEPOSIT,75594,SUCCESS,
4340,2025-01-22 07:28:33,4232,,WITHDRAWAL,41047,SUCCESS,
4341,2025-08-03 14:37:25,2542,,ATM WITHDRAWAL,9497,SUCCESS,
4342,2025-11-25 21:04:45,2053,,WITHDRAWAL,26204,SUCCESS,
4343,2025-01-17 21:47:34,167,4462,UPI,6558,SUCCESS,
4344,2025-02-21 11:21:30,1705,128,IMPS,25074,SUCCESS,
4345,2025-11-18 19:11:10,980,4309,FUND TRANSFER,452430,SUCCESS,
4346,2025-11-01 05:13:12,3114,749,UPI,1579,SUCCESS,
4347,2025-03-03 16:54:00,4821,2749,FUND TRANSFER,774455,SUCCESS,
4348,2025-10-17 23:35:14,1384,4263,NEFT,192897,SUCCESS,
4349,2025-09-09 08:15:22,244,4775,NEFT,218131,SUCCESS,
4350,2025-09-23 12:02:26,940,4054,FUND TRANSFER,829787,SUCCESS,
4351,2025-02-08 08:37:27,4788,3323,FUND TRANSFER,726188,SUCCESS,
4352,2025-01-03 16:45:07,1729,,ATM WITHDRAWAL,6724,SUCCESS,
4353,2025-02-28 16:52:02,775,4901,NEFT,20549,SUCCESS,
4354,2025-12-09 19:21:35,1155,4139,FUND TRANSFER,622099,FAILED,Network Timeout
4355,2025-11-01 14:22:07,2287,3979,UPI,9536,SUCCESS,
4356,2025-06-29 16:14:04,2777,,WITHDRAWAL,40646,SUCCESS,
4357,2025-04-29 22:02:43,1992,4151,UPI,7854,SUCCESS,
4358,2025-04-13 21:05:59,2283,579,FUND TRANSFER,97659,SUCCESS,
4359,2025-11-24 01:35:27,240,1539,UPI,6960,SUCCESS,
4360,2025-10-26 08:23:51,3715,,WITHDRAWAL,26584,SUCCESS,
4361,2025-08-03 10:15:43,1769,1992,NEFT,161438,SUCCESS,
4362,2025-10-23 15:30:12,4958,,WITHDRAWAL,36589,SUCCESS,
4363,2025-08-01 08:04:13,1171,,WITHDRAWAL,25074,SUCCESS,
4364,2025-01-11 08:43:01,2305,3545,NEFT,13426,SUCCESS,
4365,2025-04-05 07:28:06,4225,156,FUND TRANSFER,475650,SUCCESS,
4366,2025-04-26 14:27:27,2820,,DEPOSIT,22372,SUCCESS,
4367,2025-05-24 03:01:06,3701,,WITHDRAWAL,39632,SUCCESS,
4368,2025-04-05 00:47:10,3294,,ATM WITHDRAWAL,2825,SUCCESS,
4369,2025-12-14 22:51:30,1103,2774,UPI,3883,SUCCESS,
4370,2025-02-09 19:40:31,2501,,ATM WITHDRAWAL,279,SUCCESS,
4371,2025-09-09 18:29:42,2533,3784,UPI,458,SUCCESS,
4372,2025-01-18 02:21:55,1090,1062,UPI,9581,SUCCESS,
4373,2025-11-08 01:38:13,4540,,DEPOSIT,43136,SUCCESS,
4374,2025-01-29 06:17:39,4381,3188,IMPS,154907,SUCCESS,
4375,2025-07-16 16:58:03,4808,1832,IMPS,86024,SUCCESS,
4376,2025-05-12 15:03:41,2715,1783,UPI,9671,SUCCESS,
4377,2025-07-29 23:33:28,1067,,ATM WITHDRAWAL,4694,SUCCESS,
4378,2025-05-30 13:41:47,99,4438,UPI,9608,SUCCESS,
4379,2025-11-04 15:40:47,625,,WITHDRAWAL,37942,SUCCESS,
4380,2025-01-26 06:01:56,1356,,DEPOSIT,30749,SUCCESS,
4381,2025-06-11 02:50:04,619,443,UPI,8239,SUCCESS,
4382,2025-06-06 11:57:27,2474,,ATM WITHDRAWAL,7536,SUCCESS,
4383,2025-07-10 10:16:18,159,,WITHDRAWAL,3334,SUCCESS,
4384,2025-06-28 10:18:16,597,4982,FUND TRANSFER,973737,SUCCESS,
4385,2025-06-22 19:38:49,3097,,DEPOSIT,16490,SUCCESS,
4386,2025-05-31 02:50:05,4729,1565,UPI,2974,SUCCESS,
4387,2025-11-08 12:38:33,67,,ATM WITHDRAWAL,8186,SUCCESS,
4388,2025-05-08 11:31:37,3388,2480,UPI,8567,SUCCESS,
4389,2025-03-17 06:14:05,39,,ATM WITHDRAWAL,3470,SUCCESS,
4390,2025-05-21 16:40:03,4292,4223,UPI,6689,SUCCESS,
4391,2025-03-10 21:56:58,4778,4467,UPI,1325,SUCCESS,
4392,2025-09-21 01:19:57,1453,980,FUND TRANSFER,395608,SUCCESS,
4393,2025-08-16 16:48:35,2973,,WITHDRAWAL,45825,SUCCESS,
4394,2025-04-29 23:25:13,3554,,DEPOSIT,4060,SUCCESS,
4395,2025-03-26 07:05:21,4710,,ATM WITHDRAWAL,7314,SUCCESS,
4396,2025-03-10 11:48:05,2212,496,UPI,2312,FAILED,Insufficient Balance
4397,2025-11-21 16:28:54,2785,790,IMPS,145361,SUCCESS,
4398,2025-08-26 16:51:55,904,369,IMPS,51572,SUCCESS,
4399,2025-10-15 21:36:47,575,4031,NEFT,115402,SUCCESS,
4400,2025-12-04 21:33:59,1548,3513,UPI,6381,SUCCESS,
4401,2025-08-18 23:35:14,307,,ATM WITHDRAWAL,3193,SUCCESS,
4402,2025-06-22 01:13:04,3272,,ATM WITHDRAWAL,5150,SUCCESS,
4403,2025-08-07 01:17:28,1044,,DEPOSIT,99391,SUCCESS,
4404,2025-11-25 11:24:33,3578,2564,UPI,7479,SUCCESS,
4405,2025-05-26 05:25:01,3487,4733,FUND TRANSFER,30187,SUCCESS,
4406,2025-07-07 05:32:52,4738,1932,UPI,4019,SUCCESS,
4407,2025-04-02 21:20:10,20,401,UPI,6144,SUCCESS,
4408,2025-01-18 23:23:01,4244,3685,NEFT,297598,SUCCESS,
4409,2025-12-14 22:59:07,3223,2322,UPI,8821,SUCCESS,
4410,2025-02-12 22:29:00,884,892,IMPS,28229,FAILED,Account Blocked
4411,2025-04-09 12:38:32,440,,ATM WITHDRAWAL,2140,SUCCESS,
4412,2025-02-24 22:06:48,3099,2469,FUND TRANSFER,852874,SUCCESS,
4413,2025-04-16 23:31:37,4374,3625,FUND TRANSFER,172598,SUCCESS,
4414,2025-11-07 04:40:54,1332,1930,FUND TRANSFER,448156,SUCCESS,
4415,2025-12-05 10:27:42,609,,ATM WITHDRAWAL,3125,SUCCESS,
4416,2025-08-19 17:56:39,351,3971,FUND TRANSFER,700095,SUCCESS,
4417,2025-10-21 07:41:17,3884,2826,FUND TRANSFER,439435,SUCCESS,
4418,2025-01-27 20:31:58,3287,,ATM WITHDRAWAL,9313,FAILED,Beneficiary Not Found
4419,2025-09-04 02:58:12,4448,,ATM WITHDRAWAL,7484,SUCCESS,
4420,2025-07-20 22:48:45,1485,,WITHDRAWAL,38135,SUCCESS,
4421,2025-08-09 03:24:49,3011,766,UPI,9059,SUCCESS,
4422,2025-09-26 17:07:21,2500,1683,FUND TRANSFER,857732,SUCCESS,
4423,2025-10-12 11:31:46,2932,4517,UPI,5633,SUCCESS,
4424,2025-07-20 09:04:15,789,,DEPOSIT,37448,SUCCESS,
4425,2025-09-14 11:43:06,3919,123,NEFT,413467,SUCCESS,
4426,2025-01-12 08:19:42,1052,594,UPI,7123,SUCCESS,
4427,2025-05-23 07:38:52,2595,2663,UPI,969,SUCCESS,
4428,2025-05-27 13:11:41,1178,2369,FUND TRANSFER,565097,SUCCESS,
4429,2025-12-17 07:25:04,2042,203,UPI,5992,SUCCESS,
4430,2025-11-19 18:51:12,881,3606,IMPS,48897,SUCCESS,
4431,2025-10-24 14:35:16,1534,1383,UPI,3873,SUCCESS,
4432,2025-08-27 17:52:51,4358,,ATM WITHDRAWAL,5464,SUCCESS,
4433,2025-02-17 18:36:57,60,2812,IMPS,136378,SUCCESS,
4434,2025-08-11 15:36:05,3642,285,NEFT,43768,SUCCESS,
4435,2025-07-21 21:49:31,4076,2345,UPI,903,SUCCESS,
4436,2025-09-02 17:04:31,4961,1190,NEFT,135955,SUCCESS,
4437,2025-08-03 19:24:12,1195,4943,UPI,5496,FAILED,Account Blocked
4438,2025-08-21 21:33:29,3675,,WITHDRAWAL,26611,SUCCESS,
4439,2025-11-13 20:45:26,1510,4708,UPI,772,SUCCESS,
4440,2025-06-13 21:10:49,4207,,ATM WITHDRAWAL,6235,SUCCESS,
4441,2025-06-12 18:22:33,110,,DEPOSIT,1246,SUCCESS,
4442,2025-08-06 09:27:11,4337,4141,UPI,5044,SUCCESS,
4443,2025-03-27 09:16:39,4959,4894,UPI,4890,SUCCESS,
4444,2025-11-13 03:53:00,1115,,WITHDRAWAL,6280,SUCCESS,
4445,2025-10-27 00:22:15,3870,4441,FUND TRANSFER,118352,SUCCESS,
4446,2025-01-16 05:18:52,2731,3424,IMPS,38746,SUCCESS,
4447,2025-07-31 18:10:14,3369,4055,FUND TRANSFER,347638,SUCCESS,
4448,2025-12-08 20:23:11,2827,4575,FUND TRANSFER,358284,SUCCESS,
4449,2025-05-25 19:49:16,1083,,DEPOSIT,40908,SUCCESS,
4450,2025-01-05 06:40:20,618,3221,FUND TRANSFER,211367,SUCCESS,
4451,2025-02-25 17:38:10,2081,3779,IMPS,47313,SUCCESS,
4452,2025-07-19 10:22:59,2301,,DEPOSIT,74327,SUCCESS,
4453,2025-05-20 03:44:04,1229,1164,UPI,9150,SUCCESS,
4454,2025-01-28 10:25:34,4775,813,NEFT,173205,SUCCESS,
4455,2025-07-30 18:25:40,2501,354,FUND TRANSFER,49971,SUCCESS,
4456,2025-12-22 14:47:07,2192,143,IMPS,172603,SUCCESS,
4457,2025-03-26 20:42:40,2784,2529,IMPS,150178,SUCCESS,
4458,2025-06-03 10:43:37,499,,INTEREST CREDIT,3770,SUCCESS,
4459,2025-01-25 20:43:19,3638,3007,UPI,8281,SUCCESS,
4460,2025-07-21 12:00:29,900,1591,NEFT,236722,SUCCESS,
4461,2025-04-24 15:09:14,2866,,WITHDRAWAL,10607,FAILED,Network Timeout
4462,2025-02-24 10:44:37,4461,1181,UPI,5458,SUCCESS,
4463,2025-12-22 10:12:25,1267,,INTEREST CREDIT,21384,SUCCESS,
4464,2025-02-22 21:11:14,3558,,ATM WITHDRAWAL,7979,SUCCESS,
4465,2025-08-28 02:47:10,7,1403,UPI,1541,SUCCESS,
4466,2025-09-09 09:19:30,718,262,UPI,8372,SUCCESS,
4467,2025-02-10 03:04:03,695,4085,IMPS,141785,SUCCESS,
4468,2025-06-20 18:12:32,2880,,ATM WITHDRAWAL,9987,FAILED,Beneficiary Not Found
4469,2025-05-04 12:12:47,377,,ATM WITHDRAWAL,3332,SUCCESS,
4470,2025-07-28 21:43:13,3841,2015,UPI,7697,SUCCESS,
4471,2025-03-23 07:14:08,1725,1095,NEFT,276659,SUCCESS,
4472,2025-03-24 20:25:06,2967,1282,NEFT,443906,SUCCESS,
4473,2025-10-30 19:58:20,1520,,DEPOSIT,3703,FAILED,Invalid Account
4474,2025-04-30 20:24:44,2498,687,IMPS,55825,SUCCESS,
4475,2025-05-14 06:25:08,3525,3740,IMPS,175068,SUCCESS,
4476,2025-10-29 10:51:28,2612,2971,FUND TRANSFER,356738,SUCCESS,
4477,2025-04-24 21:32:28,4134,2613,IMPS,63109,SUCCESS,
4478,2025-11-17 16:07:33,3785,,WITHDRAWAL,42600,SUCCESS,
4479,2025-08-06 21:07:21,697,4515,UPI,1269,SUCCESS,
4480,2025-04-29 16:31:40,2871,,DEPOSIT,42449,SUCCESS,
4481,2025-05-23 05:55:21,2477,3146,UPI,3380,SUCCESS,
4482,2025-04-29 09:57:31,3775,,DEPOSIT,57108,SUCCESS,
4483,2025-12-16 13:36:35,3499,1950,FUND TRANSFER,60313,SUCCESS,
4484,2025-11-01 08:03:21,308,,DEPOSIT,30489,SUCCESS,
4485,2025-07-13 09:53:11,3767,,WITHDRAWAL,46099,SUCCESS,
4486,2025-07-31 07:15:49,2959,2442,NEFT,225966,SUCCESS,
4487,2025-01-19 10:45:39,528,3501,IMPS,59304,SUCCESS,
4488,2025-01-18 20:42:51,2079,,ATM WITHDRAWAL,5432,SUCCESS,
4489,2025-01-20 09:41:29,4603,,WITHDRAWAL,40276,SUCCESS,
4490,2025-04-02 23:09:47,2626,1600,NEFT,465280,SUCCESS,
4491,2025-11-12 10:42:55,3571,1023,IMPS,96079,SUCCESS,
4492,2025-04-09 08:58:48,3445,2912,IMPS,2922,SUCCESS,
4493,2025-08-16 03:30:24,542,,ATM WITHDRAWAL,8161,SUCCESS,
4494,2025-10-25 16:41:16,3650,4225,NEFT,5697,SUCCESS,
4495,2025-01-24 05:49:48,2199,2484,UPI,2892,SUCCESS,
4496,2025-08-02 07:37:53,1571,3418,NEFT,320579,SUCCESS,
4497,2025-03-29 15:35:53,1889,1742,UPI,2301,SUCCESS,
4498,2025-05-17 15:52:20,3373,,DEPOSIT,16140,SUCCESS,
4499,2025-10-25 02:21:55,1653,,ATM WITHDRAWAL,3264,SUCCESS,
4500,2025-12-11 13:37:41,4981,3251,FUND TRANSFER,33914,SUCCESS,
4501,2025-06-04 16:01:14,3925,1608,IMPS,179197,SUCCESS,
4502,2025-09-03 20:33:30,2894,4303,FUND TRANSFER,204364,SUCCESS,
4503,2025-03-18 23:44:48,4849,4723,IMPS,62659,FAILED,Insufficient Balance
4504,2025-03-21 04:32:17,2104,1319,UPI,7009,SUCCESS,
4505,2025-03-14 21:33:34,1812,1443,NEFT,447534,SUCCESS,
4506,2025-12-11 01:54:06,1919,4599,UPI,7051,SUCCESS,
4507,2025-06-01 10:20:07,1719,1491,UPI,2390,SUCCESS,
4508,2025-04-26 17:37:45,39,,INTEREST CREDIT,20570,SUCCESS,
4509,2025-06-18 00:09:30,4513,,ATM WITHDRAWAL,8260,SUCCESS,
4510,2025-01-21 23:51:51,2405,3055,UPI,5828,SUCCESS,
4511,2025-09-01 23:36:24,1181,,WITHDRAWAL,33450,SUCCESS,
4512,2025-09-15 04:49:18,4207,3551,NEFT,190505,SUCCESS,
4513,2025-03-16 21:13:23,1534,,DEPOSIT,5299,SUCCESS,
4514,2025-05-07 00:53:12,2654,3279,IMPS,92206,FAILED,Account Blocked
4515,2025-05-13 10:16:09,3141,,WITHDRAWAL,10660,SUCCESS,
4516,2025-02-21 11:06:18,1272,,WITHDRAWAL,49928,SUCCESS,
4517,2025-10-01 16:25:11,645,4557,FUND TRANSFER,393445,SUCCESS,
4518,2025-01-14 06:33:55,3900,3887,NEFT,391126,FAILED,Network Timeout
4519,2025-08-22 12:45:25,4132,,WITHDRAWAL,12176,SUCCESS,
4520,2025-07-05 07:08:38,1027,,DEPOSIT,11649,SUCCESS,
4521,2025-12-10 21:55:05,2320,,WITHDRAWAL,19551,SUCCESS,
4522,2025-07-19 09:25:58,1149,,ATM WITHDRAWAL,3759,SUCCESS,
4523,2025-07-21 16:21:46,344,,ATM WITHDRAWAL,1053,SUCCESS,
4524,2025-02-16 01:56:00,2601,,INTEREST CREDIT,3016,SUCCESS,
4525,2025-08-19 07:17:44,2332,698,UPI,6409,SUCCESS,
4526,2025-11-14 19:19:05,3529,2104,UPI,5907,SUCCESS,
4527,2025-02-21 15:13:24,2560,382,NEFT,278415,SUCCESS,
4528,2025-01-06 20:11:40,3929,,WITHDRAWAL,8475,SUCCESS,
4529,2025-11-09 19:33:49,1085,1093,NEFT,83309,SUCCESS,
4530,2025-10-24 08:49:25,82,1463,IMPS,41935,SUCCESS,
4531,2025-10-03 22:57:55,2758,2021,UPI,9875,SUCCESS,
4532,2025-06-20 00:53:30,3953,,WITHDRAWAL,21655,SUCCESS,
4533,2025-06-30 22:09:32,531,2804,UPI,4202,SUCCESS,
4534,2025-11-16 20:29:23,2748,,ATM WITHDRAWAL,5256,SUCCESS,
4535,2025-09-27 09:36:26,1299,4178,FUND TRANSFER,413195,SUCCESS,
4536,2025-12-29 07:02:06,852,1872,UPI,7965,SUCCESS,
4537,2025-07-24 11:25:52,555,,DEPOSIT,69478,SUCCESS,
4538,2025-01-30 21:37:56,1084,,WITHDRAWAL,38703,SUCCESS,
4539,2025-05-08 10:57:20,3594,3458,NEFT,498861,FAILED,Account Blocked
4540,2025-11-05 21:38:04,2725,,DEPOSIT,94084,SUCCESS,
4541,2025-10-23 20:00:11,4143,3674,UPI,6833,SUCCESS,
4542,2025-07-29 03:01:51,471,2500,FUND TRANSFER,62533,SUCCESS,
4543,2025-08-03 02:47:38,1791,,ATM WITHDRAWAL,6020,SUCCESS,
4544,2025-09-12 16:43:59,967,,ATM WITHDRAWAL,6554,SUCCESS,
4545,2025-09-02 03:24:44,4150,2375,NEFT,121734,SUCCESS,
4546,2025-07-13 01:58:03,1169,806,UPI,2875,SUCCESS,
4547,2025-02-12 20:26:21,2378,1863,UPI,1375,SUCCESS,
4548,2025-10-23 22:21:59,4499,3221,FUND TRANSFER,947517,SUCCESS,
4549,2025-01-29 14:31:07,1423,1653,UPI,6591,SUCCESS,
4550,2025-01-14 10:01:03,3298,2142,FUND TRANSFER,958233,SUCCESS,
4551,2025-03-22 05:02:57,4027,4357,NEFT,373142,SUCCESS,
4552,2025-01-01 20:10:49,601,1696,UPI,4111,SUCCESS,
4553,2025-05-08 18:31:21,1896,4491,IMPS,164907,SUCCESS,
4554,2025-05-16 19:32:15,1909,961,UPI,3078,SUCCESS,
4555,2025-03-05 04:23:38,3829,1556,UPI,6327,SUCCESS,
4556,2025-05-05 13:37:22,1001,2980,UPI,3955,SUCCESS,
4557,2025-04-13 19:00:45,3712,3308,UPI,4638,SUCCESS,
4558,2025-06-08 10:22:16,558,,ATM WITHDRAWAL,9220,SUCCESS,
4559,2025-11-17 19:25:52,2440,3674,NEFT,492419,SUCCESS,
4560,2025-04-28 15:01:30,76,2940,UPI,7739,SUCCESS,
4561,2025-02-02 15:04:46,1637,,ATM WITHDRAWAL,3418,SUCCESS,
4562,2025-09-03 17:28:37,1404,1585,IMPS,93889,SUCCESS,
4563,2025-02-15 13:40:06,3405,4014,IMPS,86801,SUCCESS,
4564,2025-01-15 18:22:55,4746,4168,IMPS,45889,SUCCESS,
4565,2025-09-12 22:45:01,105,,INTEREST CREDIT,9019,SUCCESS,
4566,2025-10-21 13:57:51,2766,,WITHDRAWAL,9515,SUCCESS,
4567,2025-03-31 12:26:40,4899,,ATM WITHDRAWAL,5499,SUCCESS,
4568,2025-06-26 11:36:31,2924,4524,FUND TRANSFER,992662,SUCCESS,
4569,2025-04-16 23:26:44,3323,,ATM WITHDRAWAL,2509,SUCCESS,
4570,2025-03-28 08:48:35,548,3017,UPI,2708,SUCCESS,
4571,2025-02-08 21:00:52,4979,4951,UPI,5437,SUCCESS,
4572,2025-05-16 19:33:23,1373,,INTEREST CREDIT,2374,SUCCESS,
4573,2025-05-10 11:27:53,1906,4294,NEFT,253347,SUCCESS,
4574,2025-06-08 05:07:08,1699,,WITHDRAWAL,37858,SUCCESS,
4575,2025-10-21 19:47:31,553,3614,IMPS,72984,SUCCESS,
4576,2025-07-10 03:13:55,2212,2735,IMPS,98663,SUCCESS,
4577,2025-08-07 20:52:40,803,1588,UPI,9927,SUCCESS,
4578,2025-03-29 15:41:19,628,,WITHDRAWAL,25055,SUCCESS,
4579,2025-11-07 17:35:47,585,4303,UPI,5222,SUCCESS,
4580,2025-09-22 14:53:58,1608,3930,NEFT,141530,FAILED,Network Timeout
4581,2025-02-22 05:28:53,789,1675,FUND TRANSFER,261681,SUCCESS,
4582,2025-03-30 20:45:47,4271,,DEPOSIT,50162,SUCCESS,
4583,2025-01-31 14:22:50,2699,2500,FUND TRANSFER,739499,SUCCESS,
4584,2025-06-01 05:48:21,2858,4158,FUND TRANSFER,456132,SUCCESS,
4585,2025-03-03 10:25:19,2599,4826,FUND TRANSFER,510449,SUCCESS,
4586,2025-10-29 14:15:10,2631,249,FUND TRANSFER,607249,SUCCESS,
4587,2025-01-20 17:30:47,138,,ATM WITHDRAWAL,6224,FAILED,Network Timeout
4588,2025-04-09 00:40:15,157,4584,UPI,3507,FAILED,Network Timeout
4589,2025-06-27 08:18:28,3420,3383,FUND TRANSFER,444155,SUCCESS,
4590,2025-02-07 08:38:58,3136,1248,FUND TRANSFER,704473,SUCCESS,
4591,2025-01-28 06:11:32,3323,3347,UPI,8773,SUCCESS,
4592,2025-12-18 05:10:22,1732,,DEPOSIT,7880,SUCCESS,
4593,2025-12-25 21:20:11,4612,,DEPOSIT,98383,SUCCESS,
4594,2025-07-21 13:00:13,509,1598,UPI,2031,SUCCESS,
4595,2025-05-23 11:35:30,523,1920,FUND TRANSFER,2560,SUCCESS,
4596,2025-06-23 05:58:53,300,,ATM WITHDRAWAL,6300,SUCCESS,
4597,2025-04-17 23:28:12,3343,,WITHDRAWAL,27581,SUCCESS,
4598,2025-06-08 11:27:57,228,851,UPI,7843,SUCCESS,
4599,2025-01-30 08:34:53,4475,,ATM WITHDRAWAL,5583,SUCCESS,
4600,2025-09-02 11:59:43,1991,3119,UPI,5528,SUCCESS,
4601,2025-08-16 09:09:51,4920,2257,UPI,7292,SUCCESS,
4602,2025-06-24 06:22:40,2945,4706,UPI,9348,SUCCESS,
4603,2025-10-07 14:44:18,990,3395,UPI,1319,SUCCESS,
4604,2025-12-09 09:12:07,1193,,DEPOSIT,48096,SUCCESS,
4605,2025-01-29 07:06:26,3670,64,UPI,499,SUCCESS,
4606,2025-05-12 21:41:28,2448,2525,UPI,1745,SUCCESS,
4607,2025-07-21 02:19:58,3877,2045,FUND TRANSFER,164052,SUCCESS,
4608,2025-11-24 09:38:31,2702,4353,UPI,5213,SUCCESS,
4609,2025-02-08 09:06:13,2650,,ATM WITHDRAWAL,6006,SUCCESS,
4610,2025-04-20 03:01:41,2617,639,UPI,8617,SUCCESS,
4611,2025-02-20 19:55:27,3920,3637,NEFT,190155,SUCCESS,
4612,2025-10-31 07:04:11,1204,4818,UPI,8163,SUCCESS,
4613,2025-07-18 10:58:15,3540,1021,FUND TRANSFER,934637,SUCCESS,
4614,2025-04-01 03:36:25,3136,158,FUND TRANSFER,747546,SUCCESS,
4615,2025-02-14 05:34:58,1283,3534,FUND TRANSFER,248318,SUCCESS,
4616,2025-01-18 14:17:19,2818,216,UPI,2162,SUCCESS,
4617,2025-03-06 11:41:28,3818,1647,UPI,3577,SUCCESS,
4618,2025-02-05 15:08:29,3130,4054,IMPS,174319,SUCCESS,
4619,2025-11-23 14:08:39,4651,1619,NEFT,416400,SUCCESS,
4620,2025-09-11 09:27:59,4369,,ATM WITHDRAWAL,6012,SUCCESS,
4621,2025-01-22 13:29:35,1475,,ATM WITHDRAWAL,278,SUCCESS,
4622,2025-03-16 15:32:02,3911,4965,UPI,9931,SUCCESS,
4623,2025-01-25 18:20:08,696,4890,UPI,9073,SUCCESS,
4624,2025-03-30 06:17:43,3497,,DEPOSIT,48656,FAILED,Beneficiary Not Found
4625,2025-03-02 02:08:14,2704,3421,IMPS,133203,SUCCESS,
4626,2025-04-25 20:49:03,2458,,ATM WITHDRAWAL,4701,SUCCESS,
4627,2025-09-28 22:11:20,3821,126,NEFT,299186,SUCCESS,
4628,2025-10-03 06:17:02,3167,2571,FUND TRANSFER,182636,SUCCESS,
4629,2025-11-25 15:04:41,2808,3851,FUND TRANSFER,315919,SUCCESS,
4630,2025-03-22 22:07:50,3995,2553,IMPS,20564,SUCCESS,
4631,2025-03-15 09:49:05,1325,1221,UPI,7101,SUCCESS,
4632,2025-05-08 18:07:55,2228,1206,FUND TRANSFER,35446,SUCCESS,
4633,2025-10-11 04:41:11,1372,,WITHDRAWAL,20065,SUCCESS,
4634,2025-09-13 09:35:13,914,,WITHDRAWAL,47300,SUCCESS,
4635,2025-03-30 09:41:06,54,,DEPOSIT,48545,SUCCESS,
4636,2025-01-11 00:25:59,864,,INTEREST CREDIT,23721,SUCCESS,
4637,2025-08-08 23:58:56,1220,,ATM WITHDRAWAL,737,SUCCESS,
4638,2025-02-03 01:49:03,1092,,DEPOSIT,56676,SUCCESS,
4639,2025-10-22 12:21:18,1080,,WITHDRAWAL,44786,SUCCESS,
4640,2025-08-17 05:41:37,4465,1791,NEFT,110733,SUCCESS,
4641,2025-12-01 02:38:47,3395,4493,UPI,6165,SUCCESS,
4642,2025-06-07 13:21:03,3842,,ATM WITHDRAWAL,5620,SUCCESS,
4643,2025-08-11 05:11:09,1102,,DEPOSIT,35230,SUCCESS,
4644,2025-11-30 00:20:47,2757,243,UPI,1062,SUCCESS,
4645,2025-06-15 20:29:55,4911,,ATM WITHDRAWAL,6545,SUCCESS,
4646,2025-01-17 07:43:35,3384,,ATM WITHDRAWAL,4991,SUCCESS,
4647,2025-08-11 20:56:24,4202,,WITHDRAWAL,27672,SUCCESS,
4648,2025-01-20 05:40:26,2236,,DEPOSIT,33928,SUCCESS,
4649,2025-06-14 03:42:31,4667,4221,FUND TRANSFER,567362,SUCCESS,
4650,2025-07-06 22:54:49,1087,3197,IMPS,147075,SUCCESS,
4651,2025-06-26 07:37:06,739,,INTEREST CREDIT,20781,SUCCESS,
4652,2025-05-29 01:00:52,1904,,WITHDRAWAL,40025,SUCCESS,
4653,2025-10-20 11:14:48,3377,,INTEREST CREDIT,24533,SUCCESS,
4654,2025-03-09 12:31:58,4688,,ATM WITHDRAWAL,1712,SUCCESS,
4655,2025-09-26 13:17:59,240,,ATM WITHDRAWAL,8111,SUCCESS,
4656,2025-01-16 06:41:13,4611,2903,UPI,229,SUCCESS,
4657,2025-07-25 20:29:25,3373,4462,FUND TRANSFER,865642,SUCCESS,
4658,2025-12-17 13:50:20,221,2216,FUND TRANSFER,440105,SUCCESS,
4659,2025-05-18 17:31:30,2076,1010,FUND TRANSFER,768280,SUCCESS,
4660,2025-10-10 04:29:25,2067,3966,NEFT,441677,SUCCESS,
4661,2025-12-22 16:31:32,4088,,ATM WITHDRAWAL,5833,SUCCESS,
4662,2025-04-16 13:37:50,2749,,ATM WITHDRAWAL,9678,SUCCESS,
4663,2025-10-03 23:53:33,37,,ATM WITHDRAWAL,3052,SUCCESS,
4664,2025-05-15 15:29:36,3720,,DEPOSIT,21947,SUCCESS,
4665,2025-06-20 01:20:48,4673,,ATM WITHDRAWAL,5078,FAILED,Network Timeout
4666,2025-04-25 17:09:44,4702,832,IMPS,148487,SUCCESS,
4667,2025-12-24 16:31:52,3670,1848,FUND TRANSFER,180831,SUCCESS,
4668,2025-09-24 11:33:06,2500,,WITHDRAWAL,40954,SUCCESS,
4669,2025-04-26 06:50:46,4834,2032,UPI,5437,SUCCESS,
4670,2025-08-28 22:14:36,1876,3320,UPI,7910,SUCCESS,
4671,2025-11-29 16:03:10,4468,4297,UPI,7954,FAILED,Account Blocked
4672,2025-12-24 22:45:30,2996,3596,IMPS,160216,SUCCESS,
4673,2025-06-27 04:33:12,2583,3720,UPI,8874,SUCCESS,
4674,2025-08-27 12:42:19,4331,,INTEREST CREDIT,11782,SUCCESS,
4675,2025-12-03 10:25:13,3616,3972,UPI,1712,SUCCESS,
4676,2025-05-08 20:42:40,3119,223,UPI,8387,SUCCESS,
4677,2025-08-07 14:21:01,1067,3505,FUND TRANSFER,435649,SUCCESS,
4678,2025-07-25 11:50:00,2690,4845,UPI,2169,SUCCESS,
4679,2025-06-24 14:56:21,4415,,WITHDRAWAL,21642,SUCCESS,
4680,2025-03-20 17:37:27,479,4024,IMPS,51046,SUCCESS,
4681,2025-09-06 04:38:56,1992,,WITHDRAWAL,35528,SUCCESS,
4682,2025-05-19 22:38:21,1521,700,UPI,9536,SUCCESS,
4683,2025-05-31 22:07:18,4825,2705,FUND TRANSFER,728243,SUCCESS,
4684,2025-03-31 08:00:32,2539,,ATM WITHDRAWAL,1888,FAILED,Network Timeout
4685,2025-04-25 13:35:28,1810,3971,IMPS,96406,SUCCESS,
4686,2025-05-14 18:25:43,1996,2610,FUND TRANSFER,819242,SUCCESS,
4687,2025-10-23 04:33:25,5000,975,IMPS,150020,SUCCESS,
4688,2025-02-26 04:52:55,1286,,ATM WITHDRAWAL,1033,SUCCESS,
4689,2025-07-13 07:13:04,1783,,ATM WITHDRAWAL,5491,SUCCESS,
4690,2025-10-17 10:27:51,554,3533,UPI,1831,SUCCESS,
4691,2025-12-07 05:16:42,246,3707,FUND TRANSFER,695052,SUCCESS,
4692,2025-05-13 05:16:28,724,,ATM WITHDRAWAL,761,SUCCESS,
4693,2025-01-10 04:44:57,3540,2997,FUND TRANSFER,652093,FAILED,Account Blocked
4694,2025-05-04 20:14:56,631,,WITHDRAWAL,26260,SUCCESS,
4695,2025-07-07 20:59:13,3233,,ATM WITHDRAWAL,5120,SUCCESS,
4696,2025-05-26 05:23:07,2953,1051,IMPS,51500,SUCCESS,
4697,2025-07-01 02:56:36,2170,3403,UPI,949,SUCCESS,
4698,2025-03-16 11:07:06,4957,,WITHDRAWAL,27256,SUCCESS,
4699,2025-05-15 07:20:10,3656,,DEPOSIT,18972,SUCCESS,
4700,2025-02-13 03:40:11,3051,4170,UPI,9688,SUCCESS,
4701,2025-02-02 09:17:31,595,3856,IMPS,151859,SUCCESS,
4702,2025-02-14 12:10:39,3946,,DEPOSIT,10205,SUCCESS,
4703,2025-03-04 14:51:02,643,729,UPI,4697,SUCCESS,
4704,2025-07-30 17:48:04,861,,WITHDRAWAL,11753,FAILED,Account Blocked
4705,2025-03-05 03:56:31,682,,WITHDRAWAL,49515,SUCCESS,
4706,2025-05-08 08:01:22,3799,,DEPOSIT,72470,SUCCESS,
4707,2025-07-04 07:28:40,41,1160,FUND TRANSFER,719397,SUCCESS,
4708,2025-03-23 08:11:52,1452,,ATM WITHDRAWAL,5856,SUCCESS,
4709,2025-11-01 20:11:31,2149,,DEPOSIT,85037,SUCCESS,
4710,2025-06-14 14:35:06,188,,WITHDRAWAL,30641,SUCCESS,
4711,2025-11-07 18:18:02,1040,387,NEFT,5438,SUCCESS,
4712,2025-09-01 06:34:11,4876,4627,UPI,48,SUCCESS,
4713,2025-11-02 17:44:12,3288,1168,IMPS,64398,SUCCESS,
4714,2025-08-01 08:31:58,431,3022,FUND TRANSFER,81561,SUCCESS,
4715,2025-08-31 19:05:02,2310,1744,FUND TRANSFER,544968,SUCCESS,
4716,2025-06-24 18:41:31,3175,2200,UPI,2527,SUCCESS,
4717,2025-01-21 09:20:03,3926,1603,FUND TRANSFER,460333,SUCCESS,
4718,2025-01-14 18:42:12,468,4468,IMPS,28326,SUCCESS,
4719,2025-12-07 10:06:41,4694,,DEPOSIT,92867,SUCCESS,
4720,2025-12-15 08:21:16,1273,2733,UPI,1609,SUCCESS,
4721,2025-12-02 00:03:26,214,554,FUND TRANSFER,220844,SUCCESS,
4722,2025-08-27 18:09:31,2411,4008,IMPS,45616,SUCCESS,
4723,2025-07-29 05:33:59,131,,ATM WITHDRAWAL,8469,SUCCESS,
4724,2025-10-24 18:50:00,57,4689,UPI,4383,SUCCESS,
4725,2025-09-25 22:15:12,1600,4982,FUND TRANSFER,300571,SUCCESS,
4726,2025-01-03 18:06:56,1550,4015,UPI,7441,SUCCESS,
4727,2025-09-29 16:30:22,4748,2881,FUND TRANSFER,213568,FAILED,Daily Limit Exceeded
4728,2025-05-15 07:31:13,377,579,UPI,7347,SUCCESS,
4729,2025-12-10 14:31:01,3463,,DEPOSIT,91163,SUCCESS,
4730,2025-05-19 16:10:48,2884,3845,UPI,4100,SUCCESS,
4731,2025-09-04 04:46:28,780,617,IMPS,4673,SUCCESS,
4732,2025-11-18 10:09:30,1676,,DEPOSIT,14140,SUCCESS,
4733,2025-09-29 08:07:36,3059,,WITHDRAWAL,998,SUCCESS,
4734,2025-05-28 18:13:18,4824,,DEPOSIT,46026,SUCCESS,
4735,2025-07-31 06:31:07,4368,307,UPI,4312,SUCCESS,
4736,2025-11-03 05:48:47,1023,,ATM WITHDRAWAL,2052,SUCCESS,
4737,2025-01-22 04:34:48,4006,3982,UPI,2087,SUCCESS,
4738,2025-07-26 19:55:15,1413,4305,NEFT,129412,SUCCESS,
4739,2025-05-17 15:17:18,3097,382,FUND TRANSFER,588931,SUCCESS,
4740,2025-07-14 07:04:25,3552,2897,FUND TRANSFER,18758,SUCCESS,
4741,2025-12-29 10:47:12,1410,1289,UPI,9311,SUCCESS,
4742,2025-02-13 21:29:16,1607,824,IMPS,26898,SUCCESS,
4743,2025-02-23 20:08:32,2585,1776,UPI,6629,SUCCESS,
4744,2025-05-20 14:39:15,21,,ATM WITHDRAWAL,6645,FAILED,Beneficiary Not Found
4745,2025-05-13 14:52:30,4097,1681,FUND TRANSFER,901463,SUCCESS,
4746,2025-02-28 09:10:16,3036,102,UPI,9330,SUCCESS,
4747,2025-06-12 21:35:05,4814,3257,IMPS,57108,SUCCESS,
4748,2025-10-12 02:36:32,756,2052,FUND TRANSFER,494006,SUCCESS,
4749,2025-07-28 17:12:26,456,28,FUND TRANSFER,607673,SUCCESS,
4750,2025-01-11 09:28:11,3841,660,IMPS,16598,SUCCESS,
4751,2025-08-01 11:40:21,3402,1125,UPI,4976,SUCCESS,
4752,2025-09-17 06:57:40,4923,,WITHDRAWAL,40345,SUCCESS,
4753,2025-11-03 05:42:34,2011,,WITHDRAWAL,5407,FAILED,Network Timeout
4754,2025-11-05 19:50:19,173,4228,UPI,1676,SUCCESS,
4755,2025-10-18 11:03:35,3856,,WITHDRAWAL,15423,SUCCESS,
4756,2025-05-09 11:54:07,4323,2863,UPI,4337,SUCCESS,
4757,2025-04-14 09:10:05,1085,306,IMPS,148541,SUCCESS,
4758,2025-09-01 04:25:18,2380,,ATM WITHDRAWAL,7582,SUCCESS,
4759,2025-01-29 23:57:42,4443,,WITHDRAWAL,14918,SUCCESS,
4760,2025-03-25 05:48:10,1538,,ATM WITHDRAWAL,1922,SUCCESS,
4761,2025-12-14 08:20:36,3160,387,NEFT,358072,SUCCESS,
4762,2025-09-18 19:17:41,3318,4781,IMPS,22210,SUCCESS,
4763,2025-06-21 05:52:11,22,,ATM WITHDRAWAL,2412,SUCCESS,
4764,2025-11-07 16:04:44,53,4779,UPI,3932,SUCCESS,
4765,2025-02-11 09:53:06,531,4041,UPI,4983,SUCCESS,
4766,2025-10-22 12:32:35,4430,,ATM WITHDRAWAL,5846,SUCCESS,
4767,2025-12-23 18:41:13,1493,2268,FUND TRANSFER,204489,SUCCESS,
4768,2025-11-08 22:22:33,4171,3403,FUND TRANSFER,318786,SUCCESS,
4769,2025-10-13 16:36:42,2682,937,IMPS,134280,SUCCESS,
4770,2025-12-29 13:44:34,4523,,DEPOSIT,4786,SUCCESS,
4771,2025-05-06 07:03:38,3962,4821,NEFT,67836,SUCCESS,
4772,2025-07-17 03:32:37,3722,4558,UPI,1850,SUCCESS,
4773,2025-09-18 19:32:31,4522,2153,IMPS,180345,SUCCESS,
4774,2025-04-17 13:35:33,4616,1647,UPI,3933,SUCCESS,
4775,2025-05-20 19:38:07,2555,4899,UPI,235,SUCCESS,
4776,2025-03-11 10:21:45,1225,2707,UPI,7290,SUCCESS,
4777,2025-04-12 22:35:18,4737,305,NEFT,443018,SUCCESS,
4778,2025-01-20 11:04:45,2752,343,FUND TRANSFER,654291,SUCCESS,
4779,2025-09-24 22:10:40,3503,842,IMPS,25788,SUCCESS,
4780,2025-08-16 04:57:12,2398,3909,UPI,2699,SUCCESS,
4781,2025-12-05 21:13:46,4101,,DEPOSIT,90842,SUCCESS,
4782,2025-12-15 05:54:10,4149,2571,FUND TRANSFER,345094,SUCCESS,
4783,2025-08-20 01:56:01,4793,422,FUND TRANSFER,302845,SUCCESS,
4784,2025-03-02 03:45:09,1484,2351,NEFT,202328,SUCCESS,
4785,2025-03-05 19:58:53,849,,INTEREST CREDIT,9309,SUCCESS,
4786,2025-03-18 18:56:19,814,4314,NEFT,398520,SUCCESS,
4787,2025-02-22 20:50:27,4812,,ATM WITHDRAWAL,4439,SUCCESS,
4788,2025-06-07 13:15:26,3869,1541,NEFT,349956,SUCCESS,
4789,2025-04-07 08:18:38,202,,DEPOSIT,40698,SUCCESS,
4790,2025-11-18 04:35:59,425,2846,UPI,2157,SUCCESS,
4791,2025-11-05 20:35:56,1530,4845,NEFT,43193,SUCCESS,
4792,2025-02-01 05:58:09,3974,4965,FUND TRANSFER,653689,SUCCESS,
4793,2025-11-07 12:37:25,2015,,ATM WITHDRAWAL,4348,SUCCESS,
4794,2025-08-24 13:18:58,2130,,ATM WITHDRAWAL,4768,SUCCESS,
4795,2025-10-14 08:55:17,4142,2814,FUND TRANSFER,128493,SUCCESS,
4796,2025-12-17 22:10:00,760,2515,FUND TRANSFER,950765,FAILED,Invalid Account
4797,2025-05-08 13:42:01,1283,,ATM WITHDRAWAL,3344,SUCCESS,
4798,2025-12-25 23:04:40,1089,,DEPOSIT,96800,SUCCESS,
4799,2025-11-07 05:21:39,1262,,WITHDRAWAL,32600,SUCCESS,
4800,2025-04-07 23:56:32,1531,,ATM WITHDRAWAL,1438,SUCCESS,
4801,2025-04-15 08:48:34,1630,,WITHDRAWAL,159,SUCCESS,
4802,2025-01-11 14:28:28,3411,1735,FUND TRANSFER,844240,SUCCESS,
4803,2025-01-01 22:55:42,513,,ATM WITHDRAWAL,7743,SUCCESS,
4804,2025-05-01 19:24:36,3902,4643,UPI,6807,SUCCESS,
4805,2025-08-03 22:31:47,501,3982,IMPS,58838,SUCCESS,
4806,2025-08-17 23:04:54,1980,3941,UPI,413,SUCCESS,
4807,2025-07-06 19:34:41,413,,WITHDRAWAL,32931,SUCCESS,
4808,2025-10-08 05:17:46,1122,,DEPOSIT,5426,SUCCESS,
4809,2025-08-21 23:21:52,4001,1302,NEFT,296971,SUCCESS,
4810,2025-05-12 20:57:38,184,1841,NEFT,477861,SUCCESS,
4811,2025-09-26 04:42:23,1785,,ATM WITHDRAWAL,3533,SUCCESS,
4812,2025-06-11 04:39:34,3176,73,IMPS,173257,SUCCESS,
4813,2025-05-19 03:29:14,3713,2467,UPI,3101,SUCCESS,
4814,2025-02-21 10:13:40,3326,927,FUND TRANSFER,544221,SUCCESS,
4815,2025-07-22 06:09:43,3919,,ATM WITHDRAWAL,5133,SUCCESS,
4816,2025-12-17 21:05:08,1098,3911,FUND TRANSFER,209723,SUCCESS,
4817,2025-02-13 03:15:26,4990,1428,UPI,6915,SUCCESS,
4818,2025-09-13 18:29:42,3729,4849,UPI,2349,SUCCESS,
4819,2025-11-30 14:36:57,4430,,INTEREST CREDIT,21588,SUCCESS,
4820,2025-01-30 05:16:13,4323,,DEPOSIT,14388,SUCCESS,
4821,2025-12-13 18:47:17,3737,740,FUND TRANSFER,604314,SUCCESS,
4822,2025-10-17 22:28:08,1162,,DEPOSIT,93355,SUCCESS,
4823,2025-10-07 10:29:17,3606,,INTEREST CREDIT,576,SUCCESS,
4824,2025-08-20 17:15:17,4368,2297,IMPS,24935,SUCCESS,
4825,2025-08-28 17:42:30,733,4587,UPI,1914,SUCCESS,
4826,2025-06-02 12:30:15,2493,,ATM WITHDRAWAL,2027,SUCCESS,
4827,2025-01-08 22:05:28,1193,3809,FUND TRANSFER,632352,SUCCESS,
4828,2025-02-26 06:34:01,2654,931,UPI,1965,SUCCESS,
4829,2025-12-29 16:58:08,4818,,ATM WITHDRAWAL,8604,SUCCESS,
4830,2025-12-22 14:47:52,2053,3550,IMPS,32191,SUCCESS,
4831,2025-11-09 13:36:30,2948,1813,FUND TRANSFER,402217,SUCCESS,
4832,2025-07-09 11:28:37,272,,WITHDRAWAL,12970,FAILED,Network Timeout
4833,2025-01-01 01:56:47,3574,,DEPOSIT,95901,SUCCESS,
4834,2025-09-11 04:54:26,1305,,WITHDRAWAL,27169,SUCCESS,
4835,2025-04-03 00:57:51,4021,,WITHDRAWAL,19470,SUCCESS,
4836,2025-07-28 08:43:49,2861,,DEPOSIT,87170,SUCCESS,
4837,2025-08-28 13:08:10,2801,,DEPOSIT,96162,SUCCESS,
4838,2025-06-07 06:52:50,2205,3457,UPI,4862,SUCCESS,
4839,2025-05-03 14:34:37,3416,1073,FUND TRANSFER,357730,SUCCESS,
4840,2025-09-18 04:26:37,3592,,INTEREST CREDIT,13078,SUCCESS,
4841,2025-05-27 03:51:32,2616,4487,UPI,53,SUCCESS,
4842,2025-12-16 13:35:28,300,4548,UPI,1663,SUCCESS,
4843,2025-11-05 05:50:06,2082,,DEPOSIT,58374,SUCCESS,
4844,2025-11-18 05:54:08,2685,1600,UPI,4792,SUCCESS,
4845,2025-12-04 05:12:50,585,2286,IMPS,23408,SUCCESS,
4846,2025-10-05 19:10:38,4388,4379,NEFT,275357,SUCCESS,
4847,2025-07-23 02:35:18,876,,INTEREST CREDIT,6133,SUCCESS,
4848,2025-02-13 03:35:29,4513,,DEPOSIT,55126,SUCCESS,
4849,2025-12-04 17:30:12,4044,2477,NEFT,315202,SUCCESS,
4850,2025-07-20 20:03:02,1597,4265,NEFT,495800,SUCCESS,
4851,2025-10-25 14:18:24,2973,4407,UPI,8628,SUCCESS,
4852,2025-09-26 00:10:03,530,637,FUND TRANSFER,677271,SUCCESS,
4853,2025-04-23 18:43:13,1767,,INTEREST CREDIT,5982,SUCCESS,
4854,2025-07-01 21:47:07,544,4436,IMPS,136771,SUCCESS,
4855,2025-02-09 09:31:06,3704,2060,FUND TRANSFER,810690,SUCCESS,
4856,2025-07-30 12:49:37,4191,72,FUND TRANSFER,953538,SUCCESS,
4857,2025-12-14 17:19:50,1660,1850,UPI,5195,SUCCESS,
4858,2025-06-03 17:40:02,2405,2274,UPI,830,SUCCESS,
4859,2025-01-16 14:18:13,814,2855,UPI,8334,SUCCESS,
4860,2025-03-07 00:10:56,2903,4789,UPI,591,SUCCESS,
4861,2025-07-21 15:03:54,1854,2238,NEFT,486347,SUCCESS,
4862,2025-11-24 08:52:27,1768,2440,FUND TRANSFER,663755,SUCCESS,
4863,2025-04-18 18:20:43,1067,,ATM WITHDRAWAL,8105,SUCCESS,
4864,2025-05-25 15:29:07,4547,1350,NEFT,292455,SUCCESS,
4865,2025-01-23 01:27:58,4192,,ATM WITHDRAWAL,8470,SUCCESS,
4866,2025-01-10 23:30:11,2273,1525,UPI,3174,SUCCESS,
4867,2025-11-02 17:01:54,3239,862,UPI,3663,SUCCESS,
4868,2025-02-06 18:44:58,1369,,ATM WITHDRAWAL,6572,SUCCESS,
4869,2025-04-19 01:50:45,2438,,INTEREST CREDIT,2746,SUCCESS,
4870,2025-03-26 09:11:54,2540,1852,UPI,8290,SUCCESS,
4871,2025-04-02 12:44:52,3205,206,FUND TRANSFER,573360,SUCCESS,
4872,2025-05-12 07:14:30,4078,4134,UPI,1405,SUCCESS,
4873,2025-08-29 23:06:35,3757,,DEPOSIT,21874,SUCCESS,
4874,2025-02-13 16:50:51,3190,125,UPI,4969,SUCCESS,
4875,2025-12-11 12:46:52,3359,4720,FUND TRANSFER,651582,FAILED,Beneficiary Not Found
4876,2025-04-13 14:49:48,1657,2534,UPI,1047,SUCCESS,
4877,2025-11-29 10:30:54,2305,1406,UPI,7996,SUCCESS,
4878,2025-12-22 18:11:24,4560,,WITHDRAWAL,625,SUCCESS,
4879,2025-06-11 01:24:20,4751,,DEPOSIT,25350,SUCCESS,
4880,2025-12-31 05:11:54,3983,3882,FUND TRANSFER,513460,SUCCESS,
4881,2025-07-22 11:27:38,3714,,WITHDRAWAL,27412,SUCCESS,
4882,2025-05-27 10:03:37,283,,ATM WITHDRAWAL,1886,SUCCESS,
4883,2025-04-11 00:42:39,4505,287,UPI,6188,SUCCESS,
4884,2025-07-23 22:32:55,2911,282,IMPS,15256,SUCCESS,
4885,2025-08-22 00:40:23,4212,3711,FUND TRANSFER,473586,SUCCESS,
4886,2025-08-01 19:41:02,631,,DEPOSIT,39472,SUCCESS,
4887,2025-02-10 03:25:35,2448,4577,FUND TRANSFER,335942,SUCCESS,
4888,2025-06-10 07:57:30,464,522,UPI,7449,SUCCESS,
4889,2025-08-13 15:36:08,4704,2428,FUND TRANSFER,596304,SUCCESS,
4890,2025-09-21 09:43:11,1839,3656,IMPS,2212,SUCCESS,
4891,2025-05-17 12:29:54,3313,1432,FUND TRANSFER,857849,SUCCESS,
4892,2025-11-09 10:28:56,4892,4824,FUND TRANSFER,912763,SUCCESS,
4893,2025-11-23 00:36:45,792,,ATM WITHDRAWAL,8172,SUCCESS,
4894,2025-02-20 12:50:11,4843,,DEPOSIT,88389,SUCCESS,
4895,2025-12-16 09:48:17,2592,1079,UPI,940,SUCCESS,
4896,2025-06-15 23:42:17,1109,,DEPOSIT,19867,SUCCESS,
4897,2025-12-09 02:04:14,298,,ATM WITHDRAWAL,8194,FAILED,Network Timeout
4898,2025-12-21 09:33:59,3001,,WITHDRAWAL,33388,SUCCESS,
4899,2025-11-04 18:44:40,774,2382,IMPS,56966,SUCCESS,
4900,2025-10-27 13:43:48,4241,4764,FUND TRANSFER,501560,SUCCESS,
4901,2025-09-06 05:07:42,1165,630,NEFT,28447,FAILED,Account Blocked
4902,2025-05-04 17:02:11,4724,,DEPOSIT,75559,SUCCESS,
4903,2025-07-08 14:44:47,4764,3600,UPI,6947,SUCCESS,
4904,2025-10-13 06:47:49,4939,,DEPOSIT,30067,SUCCESS,
4905,2025-02-27 15:19:43,1785,4787,NEFT,8078,SUCCESS,
4906,2025-09-22 08:35:45,2115,4,UPI,7516,SUCCESS,
4907,2025-06-09 15:14:48,1748,1767,FUND TRANSFER,650845,SUCCESS,
4908,2025-06-14 01:59:23,1204,,ATM WITHDRAWAL,2802,SUCCESS,
4909,2025-01-11 20:40:26,1891,,INTEREST CREDIT,1008,SUCCESS,
4910,2025-07-25 23:50:31,1097,969,UPI,8472,SUCCESS,
4911,2025-12-24 10:28:49,1251,522,UPI,2582,SUCCESS,
4912,2025-04-13 15:36:41,2245,1338,IMPS,196818,SUCCESS,
4913,2025-03-31 01:23:25,2680,4467,UPI,4174,SUCCESS,
4914,2025-03-30 09:05:21,3900,339,FUND TRANSFER,836009,SUCCESS,
4915,2025-06-19 17:54:02,2730,,ATM WITHDRAWAL,7118,SUCCESS,
4916,2025-08-01 21:22:20,4879,460,NEFT,396378,SUCCESS,
4917,2025-02-17 01:46:31,718,,INTEREST CREDIT,12931,SUCCESS,
4918,2025-12-13 19:06:19,4545,,WITHDRAWAL,4488,SUCCESS,
4919,2025-06-03 13:43:23,3858,,DEPOSIT,32198,FAILED,Account Blocked
4920,2025-10-27 19:34:28,2700,,WITHDRAWAL,376,SUCCESS,
4921,2025-04-16 22:02:30,1860,,ATM WITHDRAWAL,5461,SUCCESS,
4922,2025-08-08 02:01:44,4852,,ATM WITHDRAWAL,1097,SUCCESS,
4923,2025-05-17 10:34:16,1958,115,UPI,9733,SUCCESS,
4924,2025-09-17 14:31:31,2270,1578,IMPS,60527,SUCCESS,
4925,2025-10-25 17:10:50,2600,1577,FUND TRANSFER,617515,SUCCESS,
4926,2025-07-13 14:04:25,4895,,ATM WITHDRAWAL,9118,SUCCESS,
4927,2025-08-21 23:26:14,4652,2625,IMPS,149579,SUCCESS,
4928,2025-03-17 05:07:51,2041,1749,FUND TRANSFER,329005,SUCCESS,
4929,2025-10-10 12:50:39,1457,,DEPOSIT,59316,SUCCESS,
4930,2025-09-05 07:56:46,4272,4457,UPI,4951,SUCCESS,
4931,2025-02-12 17:25:25,380,3012,FUND TRANSFER,737198,SUCCESS,
4932,2025-12-17 15:38:29,3818,,ATM WITHDRAWAL,2407,SUCCESS,
4933,2025-06-01 22:11:01,4351,1102,UPI,5530,SUCCESS,
4934,2025-01-02 18:05:38,4850,4031,IMPS,187434,SUCCESS,
4935,2025-07-12 09:16:41,1719,206,FUND TRANSFER,531229,SUCCESS,
4936,2025-06-23 17:25:49,1108,4444,UPI,9605,SUCCESS,
4937,2025-01-09 10:01:38,1768,4811,FUND TRANSFER,480613,SUCCESS,
4938,2025-03-13 19:46:15,742,4779,UPI,6775,SUCCESS,
4939,2025-03-21 14:51:24,561,3768,NEFT,154520,SUCCESS,
4940,2025-06-16 23:04:04,2767,2317,IMPS,138008,SUCCESS,
4941,2025-12-09 11:34:25,1888,1822,FUND TRANSFER,644775,SUCCESS,
4942,2025-12-10 02:05:51,3168,,DEPOSIT,95908,SUCCESS,
4943,2025-11-14 08:03:38,2437,,INTEREST CREDIT,2449,SUCCESS,
4944,2025-12-10 05:18:27,4386,3527,IMPS,78142,SUCCESS,
4945,2025-04-15 15:53:13,1044,4777,UPI,7223,SUCCESS,
4946,2025-07-16 22:50:24,1860,243,UPI,2713,SUCCESS,
4947,2025-08-27 07:05:01,2081,,ATM WITHDRAWAL,7144,SUCCESS,
4948,2025-12-26 13:38:59,241,3113,IMPS,61365,SUCCESS,
4949,2025-08-22 22:00:15,4100,,ATM WITHDRAWAL,2258,SUCCESS,
4950,2025-10-23 07:10:37,3403,2223,UPI,106,SUCCESS,
4951,2025-04-29 01:21:34,2449,367,FUND TRANSFER,466017,SUCCESS,
4952,2025-10-24 09:27:45,2082,2351,IMPS,29280,SUCCESS,
4953,2025-05-11 16:43:25,674,3783,IMPS,172106,SUCCESS,
4954,2025-05-04 13:58:26,2576,1436,IMPS,14999,SUCCESS,
4955,2025-04-24 23:41:35,4419,,WITHDRAWAL,1923,SUCCESS,
4956,2025-09-21 00:35:20,438,350,FUND TRANSFER,535508,SUCCESS,
4957,2025-06-18 09:11:44,3577,,ATM WITHDRAWAL,5370,SUCCESS,
4958,2025-04-28 09:38:17,4356,3687,UPI,8985,SUCCESS,
4959,2025-09-30 18:19:20,4369,4832,NEFT,491515,SUCCESS,
4960,2025-10-21 21:18:38,2194,930,UPI,7027,SUCCESS,
4961,2025-01-03 17:50:11,29,,ATM WITHDRAWAL,9841,SUCCESS,
4962,2025-02-02 20:43:55,2576,4067,FUND TRANSFER,525420,SUCCESS,
4963,2025-01-18 00:24:53,4834,,WITHDRAWAL,3130,SUCCESS,
4964,2025-06-02 08:29:05,553,4393,UPI,4781,SUCCESS,
4965,2025-11-17 00:55:40,1377,,ATM WITHDRAWAL,6419,SUCCESS,
4966,2025-05-05 10:01:14,4066,,WITHDRAWAL,48383,SUCCESS,
4967,2025-02-15 21:36:45,506,,ATM WITHDRAWAL,1103,SUCCESS,
4968,2025-03-02 14:37:21,4005,3787,FUND TRANSFER,53499,SUCCESS,
4969,2025-08-02 17:35:47,2601,3095,UPI,5216,SUCCESS,
4970,2025-10-08 16:17:54,1712,2360,UPI,5552,SUCCESS,
4971,2025-10-08 17:47:16,1450,4502,FUND TRANSFER,540471,SUCCESS,
4972,2025-12-22 11:43:49,3857,4578,UPI,3800,SUCCESS,
4973,2025-06-27 10:38:32,2896,4252,FUND TRANSFER,22188,SUCCESS,
4974,2025-10-09 12:46:47,643,4775,NEFT,456510,SUCCESS,
4975,2025-09-03 20:46:28,4249,4158,NEFT,181748,SUCCESS,
4976,2025-07-25 08:36:39,1262,2939,UPI,6616,SUCCESS,
4977,2025-07-05 21:01:20,4486,4897,UPI,9280,SUCCESS,
4978,2025-05-02 00:14:04,4187,3119,FUND TRANSFER,486916,SUCCESS,
4979,2025-08-16 02:48:19,4736,1145,UPI,9695,SUCCESS,
4980,2025-02-25 09:40:25,4136,3737,UPI,5782,SUCCESS,
4981,2025-02-09 14:02:57,3102,838,NEFT,134058,SUCCESS,
4982,2025-08-30 03:31:07,438,345,FUND TRANSFER,594815,SUCCESS,
4983,2025-01-31 17:43:41,2640,,WITHDRAWAL,28280,SUCCESS,
4984,2025-06-15 20:24:30,2905,2844,FUND TRANSFER,270177,SUCCESS,
4985,2025-06-20 19:26:51,3536,,DEPOSIT,24278,SUCCESS,
4986,2025-03-17 11:38:56,3548,3564,UPI,1107,SUCCESS,
4987,2025-05-22 02:12:58,3713,431,UPI,8120,SUCCESS,
4988,2025-11-23 14:39:49,1217,1501,UPI,9131,SUCCESS,
4989,2025-08-27 21:32:25,2193,562,UPI,8128,SUCCESS,
4990,2025-10-15 07:24:36,4269,,ATM WITHDRAWAL,7648,SUCCESS,
4991,2025-01-17 02:10:11,3123,750,FUND TRANSFER,875800,SUCCESS,
4992,2025-03-23 17:38:14,2078,2026,FUND TRANSFER,616525,SUCCESS,
4993,2025-07-06 12:12:38,4797,,DEPOSIT,37977,SUCCESS,
4994,2025-01-13 08:12:35,1450,3869,UPI,4032,SUCCESS,
4995,2025-12-11 04:11:32,2155,976,UPI,4806,SUCCESS,
4996,2025-03-26 10:55:06,3878,,ATM WITHDRAWAL,1227,SUCCESS,
4997,2025-08-08 01:45:52,2350,,WITHDRAWAL,29058,SUCCESS,
4998,2025-10-07 23:11:45,4344,2730,FUND TRANSFER,120558,SUCCESS,
4999,2025-06-20 03:51:09,3125,1220,IMPS,7119,SUCCESS,
5000,2025-07-02 22:31:03,2372,1444,UPI,4948,SUCCESS,
5001,2025-02-07 17:41:19,1263,18,UPI,8625,SUCCESS,
5002,2025-05-07 18:03:06,3072,,ATM WITHDRAWAL,2349,SUCCESS,
5003,2025-05-30 06:44:02,4045,,WITHDRAWAL,11797,SUCCESS,
5004,2025-02-09 08:03:25,4571,478,UPI,1896,SUCCESS,
5005,2025-03-27 07:33:26,2079,,INTEREST CREDIT,7322,SUCCESS,
5006,2025-11-12 15:04:33,955,3968,NEFT,372021,SUCCESS,
5007,2025-06-07 14:14:16,2464,,INTEREST CREDIT,13118,SUCCESS,
5008,2025-09-27 19:44:54,397,2068,UPI,2661,SUCCESS,
5009,2025-04-06 15:44:41,3942,,INTEREST CREDIT,15547,SUCCESS,
5010,2025-02-27 11:18:19,2202,566,UPI,8246,SUCCESS,
5011,2025-01-12 21:54:52,4354,,INTEREST CREDIT,16648,SUCCESS,
5012,2025-02-25 15:25:48,514,2825,UPI,7379,SUCCESS,
5013,2025-12-10 03:17:23,4794,,DEPOSIT,14213,SUCCESS,
5014,2025-05-31 10:17:17,4103,63,UPI,6197,SUCCESS,
5015,2025-09-23 07:44:37,855,4633,UPI,8942,SUCCESS,
5016,2025-11-20 21:17:44,3833,,ATM WITHDRAWAL,7960,FAILED,Network Timeout
5017,2025-12-04 18:38:00,1241,2191,FUND TRANSFER,538683,SUCCESS,
5018,2025-03-19 01:30:26,2096,,WITHDRAWAL,5067,SUCCESS,
5019,2025-07-09 20:47:05,1475,,WITHDRAWAL,15137,SUCCESS,
5020,2025-05-31 10:06:24,4006,,ATM WITHDRAWAL,9450,SUCCESS,
5021,2025-07-13 18:32:18,489,4416,UPI,7428,SUCCESS,
5022,2025-08-31 02:56:02,2353,3142,FUND TRANSFER,440707,SUCCESS,
5023,2025-06-12 14:15:36,4672,2851,FUND TRANSFER,221123,SUCCESS,
5024,2025-01-27 20:55:55,4433,,DEPOSIT,28019,SUCCESS,
5025,2025-06-27 05:09:16,235,3959,UPI,6544,FAILED,Account Blocked
5026,2025-02-27 15:05:11,674,243,UPI,4002,SUCCESS,
5027,2025-05-29 14:33:40,2088,,WITHDRAWAL,17749,SUCCESS,
5028,2025-12-28 08:38:16,4791,1931,IMPS,120781,SUCCESS,
5029,2025-11-18 05:07:15,2859,4652,IMPS,114606,SUCCESS,
5030,2025-04-05 15:04:37,155,,ATM WITHDRAWAL,9377,SUCCESS,
5031,2025-09-22 23:40:16,2549,2235,FUND TRANSFER,533514,SUCCESS,
5032,2025-07-04 17:06:55,1132,,ATM WITHDRAWAL,5719,SUCCESS,
5033,2025-06-20 09:09:30,3379,925,FUND TRANSFER,831053,SUCCESS,
5034,2025-11-24 12:15:39,2201,2114,FUND TRANSFER,970953,SUCCESS,
5035,2025-09-15 00:23:50,2191,1677,NEFT,383627,SUCCESS,
5036,2025-12-04 07:23:00,4889,,DEPOSIT,83494,SUCCESS,
5037,2025-07-30 14:08:43,2023,3580,FUND TRANSFER,87097,SUCCESS,
5038,2025-05-23 05:32:05,1343,,ATM WITHDRAWAL,6442,SUCCESS,
5039,2025-09-17 09:24:59,2537,,ATM WITHDRAWAL,5390,SUCCESS,
5040,2025-06-02 14:23:27,4182,4506,FUND TRANSFER,341239,SUCCESS,
5041,2025-02-10 13:47:07,1558,,ATM WITHDRAWAL,432,SUCCESS,
5042,2025-02-23 03:41:27,1181,,DEPOSIT,20344,SUCCESS,
5043,2025-07-28 17:55:57,4730,1825,NEFT,9416,SUCCESS,
5044,2025-04-12 09:20:10,2514,,DEPOSIT,78268,SUCCESS,
5045,2025-07-09 23:24:04,3337,392,NEFT,468175,SUCCESS,
5046,2025-10-11 01:41:17,1332,,WITHDRAWAL,25644,SUCCESS,
5047,2025-08-23 23:20:32,779,685,UPI,7118,SUCCESS,
5048,2025-03-21 05:34:48,3868,303,NEFT,407893,SUCCESS,
5049,2025-09-17 14:27:31,4029,2851,NEFT,189075,SUCCESS,
5050,2025-11-28 03:39:46,3142,3910,FUND TRANSFER,966659,SUCCESS,
5051,2025-03-16 08:50:59,3866,,ATM WITHDRAWAL,8021,SUCCESS,
5052,2025-01-03 06:07:45,3065,44,UPI,9177,SUCCESS,
5053,2025-01-23 08:35:34,2515,4301,UPI,7989,SUCCESS,
5054,2025-10-24 18:09:44,85,,WITHDRAWAL,18469,SUCCESS,
5055,2025-12-29 19:02:50,3994,594,NEFT,105717,SUCCESS,
5056,2025-03-20 11:26:50,4895,,ATM WITHDRAWAL,6371,SUCCESS,
5057,2025-04-09 09:30:56,81,1289,UPI,2635,SUCCESS,
5058,2025-02-23 04:00:46,249,2494,FUND TRANSFER,544278,SUCCESS,
5059,2025-03-03 17:37:35,2559,4932,UPI,2623,SUCCESS,
5060,2025-04-27 23:01:45,2662,200,IMPS,34428,SUCCESS,
5061,2025-07-03 04:12:26,1342,4336,UPI,7521,SUCCESS,
5062,2025-05-31 11:23:12,1346,3468,NEFT,321036,SUCCESS,
5063,2025-08-20 03:58:10,4358,,ATM WITHDRAWAL,7381,SUCCESS,
5064,2025-10-14 00:58:40,4646,2391,UPI,3477,SUCCESS,
5065,2025-05-06 02:29:58,1035,4351,UPI,6859,SUCCESS,
5066,2025-01-29 16:15:22,4226,4239,FUND TRANSFER,359806,SUCCESS,
5067,2025-07-02 04:32:36,199,,WITHDRAWAL,2797,SUCCESS,
5068,2025-04-24 06:17:26,4222,4249,FUND TRANSFER,129729,SUCCESS,
5069,2025-03-12 17:53:34,1673,154,UPI,44,SUCCESS,
5070,2025-07-11 06:10:02,715,,ATM WITHDRAWAL,3261,SUCCESS,
5071,2025-11-12 22:57:31,4618,4450,FUND TRANSFER,53992,SUCCESS,
5072,2025-09-22 09:02:23,4815,4107,FUND TRANSFER,889174,SUCCESS,
5073,2025-03-16 11:19:22,1111,4173,FUND TRANSFER,997198,SUCCESS,
5074,2025-09-18 05:43:11,3109,1325,UPI,1637,SUCCESS,
5075,2025-12-25 18:46:54,2641,,ATM WITHDRAWAL,5085,SUCCESS,
5076,2025-01-02 08:06:01,2997,,DEPOSIT,72978,SUCCESS,
5077,2025-07-09 17:25:12,1201,,ATM WITHDRAWAL,8780,SUCCESS,
5078,2025-04-10 16:37:29,2539,,ATM WITHDRAWAL,326,SUCCESS,
5079,2025-08-02 14:36:17,3966,,WITHDRAWAL,1621,SUCCESS,
5080,2025-06-10 19:39:26,4688,1789,FUND TRANSFER,911465,SUCCESS,
5081,2025-12-08 18:16:31,1786,1104,UPI,8520,SUCCESS,
5082,2025-02-08 21:17:20,2417,4884,UPI,7107,SUCCESS,
5083,2025-05-20 14:58:30,3974,3778,FUND TRANSFER,111660,SUCCESS,
5084,2025-04-28 07:53:28,3520,3433,UPI,5784,SUCCESS,
5085,2025-09-06 02:50:26,218,,ATM WITHDRAWAL,4617,SUCCESS,
5086,2025-09-26 20:15:26,4458,,ATM WITHDRAWAL,9875,SUCCESS,
5087,2025-09-03 03:51:21,2446,1862,NEFT,217360,SUCCESS,
5088,2025-10-20 13:37:26,1522,,ATM WITHDRAWAL,1151,SUCCESS,
5089,2025-04-08 16:59:52,937,4442,UPI,2057,SUCCESS,
5090,2025-05-25 04:51:01,3677,,DEPOSIT,33233,SUCCESS,
5091,2025-07-05 15:55:34,382,1276,IMPS,4609,SUCCESS,
5092,2025-01-21 09:24:54,1131,,WITHDRAWAL,30485,SUCCESS,
5093,2025-05-15 10:12:29,3608,,WITHDRAWAL,11920,SUCCESS,
5094,2025-10-09 17:25:22,4150,,ATM WITHDRAWAL,5469,SUCCESS,
5095,2025-08-21 01:04:18,3719,1861,FUND TRANSFER,60001,SUCCESS,
5096,2025-12-01 02:06:01,206,102,FUND TRANSFER,644149,SUCCESS,
5097,2025-09-27 19:04:19,423,,DEPOSIT,51466,SUCCESS,
5098,2025-02-12 19:50:16,1275,4857,UPI,8460,SUCCESS,
5099,2025-01-06 05:59:50,474,872,IMPS,23659,SUCCESS,
5100,2025-05-26 21:17:11,2151,36,FUND TRANSFER,289875,SUCCESS,
5101,2025-03-12 13:03:05,3445,3081,FUND TRANSFER,542970,SUCCESS,
5102,2025-07-11 00:41:41,3689,3573,UPI,3969,SUCCESS,
5103,2025-01-11 18:49:52,4279,4935,UPI,7842,SUCCESS,
5104,2025-10-29 10:54:29,1715,4736,FUND TRANSFER,597215,SUCCESS,
5105,2025-04-26 06:39:04,3711,2751,UPI,9220,SUCCESS,
5106,2025-06-10 06:12:27,4736,514,IMPS,143628,FAILED,Insufficient Balance
5107,2025-05-31 01:49:36,2402,,WITHDRAWAL,47311,SUCCESS,
5108,2025-12-07 13:50:24,842,2876,UPI,9913,SUCCESS,
5109,2025-03-28 11:42:20,2899,4470,NEFT,145680,SUCCESS,
5110,2025-04-04 18:03:58,4037,4762,FUND TRANSFER,351319,SUCCESS,
5111,2025-10-08 06:34:05,626,1262,NEFT,254242,SUCCESS,
5112,2025-07-10 23:22:05,2041,4019,IMPS,40117,SUCCESS,
5113,2025-06-08 23:49:06,3973,,ATM WITHDRAWAL,1386,SUCCESS,
5114,2025-07-29 19:32:03,3989,,ATM WITHDRAWAL,3280,SUCCESS,
5115,2025-08-30 18:25:58,4616,2484,UPI,2834,SUCCESS,
5116,2025-08-11 00:56:55,1632,,WITHDRAWAL,45586,SUCCESS,
5117,2025-08-17 12:11:06,149,,ATM WITHDRAWAL,8399,SUCCESS,
5118,2025-07-20 21:31:42,2953,4210,FUND TRANSFER,761296,SUCCESS,
5119,2025-08-28 06:48:06,991,689,FUND TRANSFER,395733,SUCCESS,
5120,2025-09-05 09:36:10,2637,,ATM WITHDRAWAL,5378,SUCCESS,
5121,2025-02-08 04:29:44,4997,551,UPI,1515,SUCCESS,
5122,2025-06-25 05:52:16,1317,4223,IMPS,5688,SUCCESS,
5123,2025-03-27 06:33:10,2327,1337,FUND TRANSFER,751799,SUCCESS,
5124,2025-12-11 22:17:11,1704,1580,FUND TRANSFER,874100,SUCCESS,
5125,2025-11-01 10:09:17,4408,4464,UPI,2328,SUCCESS,
5126,2025-01-04 05:33:54,2050,,WITHDRAWAL,43566,SUCCESS,
5127,2025-12-17 11:54:49,2380,,INTEREST CREDIT,22074,SUCCESS,
5128,2025-08-14 12:24:39,1406,2399,NEFT,334009,SUCCESS,
5129,2025-04-26 08:25:05,4843,,ATM WITHDRAWAL,6450,SUCCESS,
5130,2025-08-16 07:29:39,4766,,WITHDRAWAL,6264,SUCCESS,
5131,2025-10-08 01:03:14,3556,3535,IMPS,102311,SUCCESS,
5132,2025-08-23 23:03:25,2418,,DEPOSIT,41990,SUCCESS,
5133,2025-03-23 11:26:12,4769,,ATM WITHDRAWAL,6974,SUCCESS,
5134,2025-05-14 12:11:58,1589,,DEPOSIT,72149,SUCCESS,
5135,2025-10-04 01:53:46,4545,2455,FUND TRANSFER,948794,SUCCESS,
5136,2025-11-04 23:24:48,579,,ATM WITHDRAWAL,5065,SUCCESS,
5137,2025-12-22 09:35:06,3026,1041,UPI,8209,SUCCESS,
5138,2025-07-02 18:51:36,76,4171,FUND TRANSFER,697548,SUCCESS,
5139,2025-03-26 21:59:07,4590,,ATM WITHDRAWAL,6648,SUCCESS,
5140,2025-12-28 01:34:18,515,,ATM WITHDRAWAL,5599,FAILED,Network Timeout
5141,2025-01-02 07:59:19,452,,ATM WITHDRAWAL,7500,SUCCESS,
5142,2025-10-08 12:12:57,4044,,WITHDRAWAL,49233,SUCCESS,
5143,2025-10-30 14:29:02,671,,DEPOSIT,25889,SUCCESS,
5144,2025-08-16 23:14:07,1057,3523,FUND TRANSFER,706816,SUCCESS,
5145,2025-09-14 01:12:13,758,3354,UPI,6463,SUCCESS,
5146,2025-02-03 00:31:33,474,,ATM WITHDRAWAL,9450,SUCCESS,
5147,2025-10-11 01:00:42,3578,,ATM WITHDRAWAL,2872,SUCCESS,
5148,2025-05-22 15:25:04,2235,,WITHDRAWAL,39273,SUCCESS,
5149,2025-11-30 05:40:44,3545,957,IMPS,110435,SUCCESS,
5150,2025-07-25 07:28:13,1687,916,UPI,7633,SUCCESS,
5151,2025-04-03 08:16:30,4942,4169,UPI,8591,SUCCESS,
5152,2025-06-08 21:49:43,2469,1115,NEFT,360817,SUCCESS,
5153,2025-11-26 23:21:14,2835,1350,NEFT,418126,SUCCESS,
5154,2025-07-31 13:33:02,4384,1406,UPI,9617,SUCCESS,
5155,2025-01-09 09:04:38,4638,,ATM WITHDRAWAL,2712,SUCCESS,
5156,2025-04-03 10:05:09,1513,,ATM WITHDRAWAL,6878,SUCCESS,
5157,2025-01-20 12:03:34,2857,,DEPOSIT,98400,SUCCESS,
5158,2025-10-06 17:29:45,2011,,ATM WITHDRAWAL,1895,SUCCESS,
5159,2025-08-08 09:04:34,4408,1444,FUND TRANSFER,923982,SUCCESS,
5160,2025-11-15 08:36:05,2951,1449,UPI,3121,SUCCESS,
5161,2025-04-04 21:33:33,3859,,ATM WITHDRAWAL,948,SUCCESS,
5162,2025-04-11 17:39:19,1377,735,FUND TRANSFER,26937,SUCCESS,
5163,2025-06-10 22:03:22,4920,,WITHDRAWAL,34002,SUCCESS,
5164,2025-08-09 21:19:53,3626,781,NEFT,347767,SUCCESS,
5165,2025-06-02 11:11:42,3949,,WITHDRAWAL,37254,SUCCESS,
5166,2025-05-13 12:39:45,4964,,DEPOSIT,19008,SUCCESS,
5167,2025-09-19 06:30:49,2698,,ATM WITHDRAWAL,1388,SUCCESS,
5168,2025-09-29 00:53:43,1037,4632,UPI,2471,SUCCESS,
5169,2025-12-09 01:57:04,1964,2927,UPI,1217,SUCCESS,
5170,2025-09-22 12:37:50,1916,1181,UPI,4856,SUCCESS,
5171,2025-11-03 08:56:56,2165,1918,UPI,5934,SUCCESS,
5172,2025-05-20 03:57:10,1916,,ATM WITHDRAWAL,1274,SUCCESS,
5173,2025-09-19 02:49:44,406,,DEPOSIT,29542,SUCCESS,
5174,2025-08-01 11:11:39,103,,ATM WITHDRAWAL,898,SUCCESS,
5175,2025-09-07 21:19:40,328,4107,UPI,5546,SUCCESS,
5176,2025-02-02 13:15:47,2184,3434,FUND TRANSFER,644271,SUCCESS,
5177,2025-05-11 17:30:50,1794,,INTEREST CREDIT,1901,SUCCESS,
5178,2025-03-20 10:21:00,3515,3313,FUND TRANSFER,981087,SUCCESS,
5179,2025-12-17 19:46:02,617,701,UPI,5089,SUCCESS,
5180,2025-06-25 00:18:57,879,3271,FUND TRANSFER,681185,SUCCESS,
5181,2025-05-31 14:10:30,304,,ATM WITHDRAWAL,1501,SUCCESS,
5182,2025-04-21 05:34:45,292,,DEPOSIT,35821,SUCCESS,
5183,2025-10-05 10:12:35,4174,2530,UPI,1874,SUCCESS,
5184,2025-08-16 23:35:34,2587,3481,UPI,1597,SUCCESS,
5185,2025-12-31 22:18:09,3518,2683,IMPS,82483,SUCCESS,
5186,2025-02-04 04:58:07,4284,2784,UPI,9509,SUCCESS,
5187,2025-04-19 12:23:46,147,3498,FUND TRANSFER,630789,SUCCESS,
5188,2025-02-25 22:34:56,568,4338,FUND TRANSFER,106777,SUCCESS,
5189,2025-03-10 13:08:00,271,,WITHDRAWAL,45762,SUCCESS,
5190,2025-03-08 11:11:59,536,,ATM WITHDRAWAL,9411,SUCCESS,
5191,2025-02-21 13:13:06,1520,,WITHDRAWAL,31713,FAILED,Daily Limit Exceeded
5192,2025-09-18 22:20:08,4542,,ATM WITHDRAWAL,515,SUCCESS,
5193,2025-04-21 02:37:43,2717,,ATM WITHDRAWAL,3017,SUCCESS,
5194,2025-07-26 00:22:27,2183,1780,FUND TRANSFER,374040,SUCCESS,
5195,2025-08-18 16:08:39,3935,2958,NEFT,495201,SUCCESS,
5196,2025-10-21 10:54:12,4158,,ATM WITHDRAWAL,5915,SUCCESS,
5197,2025-04-16 20:15:56,883,,INTEREST CREDIT,16044,SUCCESS,
5198,2025-03-18 06:29:39,3264,4991,FUND TRANSFER,938317,SUCCESS,
5199,2025-09-26 16:02:35,1387,506,NEFT,496717,SUCCESS,
5200,2025-07-07 03:28:55,1950,1335,NEFT,365012,SUCCESS,
5201,2025-12-17 09:00:47,4494,2217,FUND TRANSFER,746705,SUCCESS,
5202,2025-09-01 00:34:24,4284,3391,UPI,5829,SUCCESS,
5203,2025-12-22 19:48:16,4568,,ATM WITHDRAWAL,5943,SUCCESS,
5204,2025-05-21 16:57:46,328,2595,UPI,1835,SUCCESS,
5205,2025-09-06 03:50:07,1789,,DEPOSIT,41374,SUCCESS,
5206,2025-11-25 03:17:25,4302,3841,UPI,4132,SUCCESS,
5207,2025-08-25 01:37:49,872,,WITHDRAWAL,22926,SUCCESS,
5208,2025-11-05 20:27:28,1659,112,FUND TRANSFER,940259,FAILED,Network Timeout
5209,2025-03-07 12:51:36,476,580,UPI,2864,SUCCESS,
5210,2025-06-15 16:22:33,1978,,WITHDRAWAL,17445,SUCCESS,
5211,2025-06-12 06:55:04,3650,,WITHDRAWAL,42703,SUCCESS,
5212,2025-09-23 10:49:00,2619,177,NEFT,11021,SUCCESS,
5213,2025-04-17 07:53:22,1613,3850,NEFT,60601,SUCCESS,
5214,2025-09-30 14:18:08,3924,,ATM WITHDRAWAL,587,SUCCESS,
5215,2025-09-29 03:05:37,1214,2760,FUND TRANSFER,581017,SUCCESS,
5216,2025-06-16 06:35:26,1002,2148,IMPS,1361,SUCCESS,
5217,2025-05-03 20:41:04,1899,536,FUND TRANSFER,600535,SUCCESS,
5218,2025-06-28 22:57:53,3064,,DEPOSIT,82977,SUCCESS,
5219,2025-07-02 19:25:34,4689,,ATM WITHDRAWAL,2990,SUCCESS,
5220,2025-12-26 13:10:47,3434,,ATM WITHDRAWAL,4342,SUCCESS,
5221,2025-10-10 08:51:06,4960,3874,FUND TRANSFER,633771,SUCCESS,
5222,2025-06-24 08:48:21,4450,3618,UPI,7567,SUCCESS,
5223,2025-08-28 20:30:14,119,1999,UPI,9729,SUCCESS,
5224,2025-06-08 16:16:06,2502,543,IMPS,123035,SUCCESS,
5225,2025-10-24 20:37:51,2969,2354,UPI,9427,SUCCESS,
5226,2025-07-06 09:46:45,4842,,DEPOSIT,93896,SUCCESS,
5227,2025-10-20 22:24:12,1561,4664,UPI,4707,SUCCESS,
5228,2025-02-22 15:33:59,4281,,ATM WITHDRAWAL,5475,SUCCESS,
5229,2025-02-11 04:54:04,4412,2672,IMPS,96956,SUCCESS,
5230,2025-01-22 12:43:33,2306,273,UPI,621,SUCCESS,
5231,2025-02-22 01:53:14,4319,,WITHDRAWAL,16443,SUCCESS,
5232,2025-05-24 01:28:52,3565,45,IMPS,40303,FAILED,Beneficiary Not Found
5233,2025-08-05 05:49:40,3104,2491,UPI,7261,SUCCESS,
5234,2025-04-07 03:11:02,3963,1985,UPI,6049,SUCCESS,
5235,2025-01-23 06:46:19,1067,1160,FUND TRANSFER,442592,SUCCESS,
5236,2025-03-16 16:40:06,1791,4272,FUND TRANSFER,628861,SUCCESS,
5237,2025-12-26 15:49:27,3646,,ATM WITHDRAWAL,2929,SUCCESS,
5238,2025-03-03 10:39:35,4222,4808,NEFT,80095,SUCCESS,
5239,2025-06-05 21:09:12,346,132,UPI,5078,SUCCESS,
5240,2025-03-03 12:01:46,173,,WITHDRAWAL,21287,SUCCESS,
5241,2025-06-14 16:26:32,75,4201,IMPS,187593,SUCCESS,
5242,2025-04-08 12:32:59,3364,1720,UPI,4286,SUCCESS,
5243,2025-09-07 10:59:23,4475,1465,FUND TRANSFER,700095,SUCCESS,
5244,2025-02-15 18:24:10,367,4359,FUND TRANSFER,459131,SUCCESS,
5245,2025-03-17 07:21:24,2172,882,UPI,4037,SUCCESS,
5246,2025-07-30 00:42:29,591,824,FUND TRANSFER,766621,SUCCESS,
5247,2025-11-24 08:37:33,3379,695,FUND TRANSFER,873198,SUCCESS,
5248,2025-02-10 19:36:44,3079,276,IMPS,45944,SUCCESS,
5249,2025-03-02 14:46:42,2611,4399,UPI,2366,SUCCESS,
5250,2025-04-21 09:29:59,4717,,WITHDRAWAL,7631,SUCCESS,
5251,2025-08-24 06:52:19,28,,WITHDRAWAL,30003,SUCCESS,
5252,2025-03-17 18:27:57,782,,DEPOSIT,21254,SUCCESS,
5253,2025-10-31 21:13:58,3873,,ATM WITHDRAWAL,2740,SUCCESS,
5254,2025-03-18 03:23:19,2775,1226,UPI,3087,SUCCESS,
5255,2025-05-12 08:48:47,492,3428,IMPS,194835,SUCCESS,
5256,2025-02-08 09:11:22,3612,592,FUND TRANSFER,452930,SUCCESS,
5257,2025-11-06 20:42:29,4411,2885,UPI,4023,SUCCESS,
5258,2025-10-24 04:42:18,442,,DEPOSIT,18241,SUCCESS,
5259,2025-12-12 16:00:39,1567,1242,FUND TRANSFER,362254,SUCCESS,
5260,2025-10-04 09:35:35,4757,3082,UPI,2560,SUCCESS,
5261,2025-03-29 04:54:38,298,1153,FUND TRANSFER,472451,SUCCESS,
5262,2025-09-23 18:57:01,4019,4577,IMPS,109569,SUCCESS,
5263,2025-11-28 21:40:03,3948,,DEPOSIT,76828,SUCCESS,
5264,2025-11-02 20:20:02,726,3576,FUND TRANSFER,868374,SUCCESS,
5265,2025-01-15 05:29:32,4517,,ATM WITHDRAWAL,6733,SUCCESS,
5266,2025-03-02 11:54:25,1239,4843,UPI,6906,SUCCESS,
5267,2025-09-07 08:40:02,4101,780,UPI,1189,SUCCESS,
5268,2025-10-05 11:38:55,3855,3468,IMPS,165647,SUCCESS,
5269,2025-12-03 11:12:38,3725,3795,FUND TRANSFER,736159,SUCCESS,
5270,2025-04-05 16:47:48,780,,ATM WITHDRAWAL,6409,SUCCESS,
5271,2025-09-22 00:13:27,2348,,ATM WITHDRAWAL,4215,SUCCESS,
5272,2025-12-08 05:29:15,1193,,WITHDRAWAL,3427,SUCCESS,
5273,2025-02-04 15:57:20,1355,4385,UPI,8616,SUCCESS,
5274,2025-12-19 16:29:41,3990,4760,FUND TRANSFER,751814,SUCCESS,
5275,2025-08-15 08:38:14,2297,1297,FUND TRANSFER,53115,SUCCESS,
5276,2025-03-08 23:23:49,172,4754,FUND TRANSFER,609170,SUCCESS,
5277,2025-10-27 15:08:41,40,3500,FUND TRANSFER,866564,SUCCESS,
5278,2025-05-28 13:48:05,2574,2873,UPI,6780,SUCCESS,
5279,2025-10-11 04:41:54,2496,4837,FUND TRANSFER,98074,SUCCESS,
5280,2025-08-16 11:31:09,3023,,INTEREST CREDIT,2680,SUCCESS,
5281,2025-01-26 10:35:10,2012,174,UPI,6922,SUCCESS,
5282,2025-05-26 21:07:23,4258,2537,UPI,5544,SUCCESS,
5283,2025-01-19 12:25:00,2752,4690,FUND TRANSFER,815838,SUCCESS,
5284,2025-03-09 01:17:01,4009,4220,FUND TRANSFER,778958,SUCCESS,
5285,2025-05-03 09:02:54,344,,DEPOSIT,69698,SUCCESS,
5286,2025-10-22 12:40:00,3283,3947,FUND TRANSFER,719386,SUCCESS,
5287,2025-11-13 19:08:10,1900,2232,IMPS,88092,SUCCESS,
5288,2025-01-26 10:23:40,3640,,ATM WITHDRAWAL,551,FAILED,Insufficient Balance
5289,2025-04-06 16:28:05,1284,2540,FUND TRANSFER,259841,SUCCESS,
5290,2025-04-11 22:34:29,2957,2770,FUND TRANSFER,237642,SUCCESS,
5291,2025-07-30 03:13:14,3647,2999,UPI,2066,SUCCESS,
5292,2025-08-05 22:26:54,1276,,DEPOSIT,39350,SUCCESS,
5293,2025-05-12 04:29:03,1775,2848,UPI,4060,SUCCESS,
5294,2025-01-19 03:06:42,3745,4462,UPI,8840,SUCCESS,
5295,2025-01-20 09:52:21,998,4897,UPI,7233,SUCCESS,
5296,2025-04-13 12:36:48,2066,1348,NEFT,340644,SUCCESS,
5297,2025-12-20 15:20:12,1987,,INTEREST CREDIT,22382,SUCCESS,
5298,2025-11-12 01:40:14,628,1316,UPI,6301,SUCCESS,
5299,2025-10-10 08:56:52,1244,3986,FUND TRANSFER,723397,SUCCESS,
5300,2025-02-08 19:52:00,4629,4761,UPI,5793,SUCCESS,
5301,2025-04-20 09:07:33,3890,1374,FUND TRANSFER,25293,SUCCESS,
5302,2025-04-22 12:36:20,3871,2164,UPI,6027,SUCCESS,
5303,2025-07-09 14:03:18,3073,962,NEFT,295829,SUCCESS,
5304,2025-11-30 14:13:55,3810,,ATM WITHDRAWAL,1390,SUCCESS,
5305,2025-04-01 15:03:31,2685,344,UPI,5688,SUCCESS,
5306,2025-05-14 00:01:33,4156,,WITHDRAWAL,16263,SUCCESS,
5307,2025-10-17 10:28:01,3694,,WITHDRAWAL,49244,SUCCESS,
5308,2025-03-26 18:23:05,1766,4549,UPI,3706,SUCCESS,
5309,2025-05-19 17:55:28,1082,1779,FUND TRANSFER,302180,SUCCESS,
5310,2025-06-16 06:23:53,1700,4413,FUND TRANSFER,14307,SUCCESS,
5311,2025-06-26 11:28:45,736,2223,FUND TRANSFER,357018,SUCCESS,
5312,2025-01-20 01:14:23,1524,3910,UPI,1897,SUCCESS,
5313,2025-11-17 00:06:10,2232,3226,UPI,5942,SUCCESS,
5314,2025-02-08 15:19:38,625,,ATM WITHDRAWAL,6215,SUCCESS,
5315,2025-05-07 15:49:04,2860,4003,FUND TRANSFER,750121,SUCCESS,
5316,2025-09-14 10:26:39,4580,,WITHDRAWAL,12516,SUCCESS,
5317,2025-04-20 20:48:56,4570,,DEPOSIT,99218,FAILED,Invalid Account
5318,2025-06-04 00:02:10,3889,4640,UPI,310,SUCCESS,
5319,2025-03-13 02:01:46,2785,,DEPOSIT,38676,SUCCESS,
5320,2025-09-03 13:27:04,2371,1976,IMPS,44646,SUCCESS,
5321,2025-02-16 07:15:10,3251,,DEPOSIT,6170,SUCCESS,
5322,2025-12-27 07:25:19,2911,,DEPOSIT,13436,SUCCESS,
5323,2025-12-16 14:54:19,2291,3037,FUND TRANSFER,870610,SUCCESS,
5324,2025-06-09 13:08:21,2662,,ATM WITHDRAWAL,297,SUCCESS,
5325,2025-10-02 21:09:58,3720,3438,FUND TRANSFER,529375,SUCCESS,
5326,2025-06-15 00:54:33,3771,1580,FUND TRANSFER,342411,SUCCESS,
5327,2025-10-29 07:50:16,4158,,ATM WITHDRAWAL,9724,SUCCESS,
5328,2025-08-31 06:18:03,3690,,ATM WITHDRAWAL,8867,SUCCESS,
5329,2025-08-14 00:13:52,3937,,DEPOSIT,90987,SUCCESS,
5330,2025-12-26 07:31:44,2579,1889,IMPS,34515,SUCCESS,
5331,2025-07-23 02:14:53,1715,,WITHDRAWAL,42375,SUCCESS,
5332,2025-02-14 07:33:36,3801,1513,UPI,2416,SUCCESS,
5333,2025-12-02 21:25:05,2331,2358,FUND TRANSFER,309473,SUCCESS,
5334,2025-02-02 08:53:55,339,2383,FUND TRANSFER,438470,SUCCESS,
5335,2025-11-03 10:55:34,1832,3380,IMPS,9692,SUCCESS,
5336,2025-08-25 06:17:02,2045,2364,FUND TRANSFER,358827,SUCCESS,
5337,2025-07-12 17:30:25,2180,1870,FUND TRANSFER,44000,SUCCESS,
5338,2025-12-21 06:03:02,3156,4635,IMPS,163722,SUCCESS,
5339,2025-06-13 21:11:25,2851,2142,UPI,1893,SUCCESS,
5340,2025-01-11 05:35:31,3957,2998,UPI,159,SUCCESS,
5341,2025-03-25 12:54:26,3225,1850,NEFT,303081,SUCCESS,
5342,2025-10-01 03:54:15,207,,ATM WITHDRAWAL,2001,SUCCESS,
5343,2025-03-01 20:29:25,2720,,DEPOSIT,21230,SUCCESS,
5344,2025-02-22 22:40:28,680,,WITHDRAWAL,2409,SUCCESS,
5345,2025-10-08 13:59:50,717,1285,NEFT,474683,SUCCESS,
5346,2025-07-03 11:40:23,3846,1407,UPI,2971,SUCCESS,
5347,2025-10-23 07:55:11,2798,3142,UPI,8619,SUCCESS,
5348,2025-07-29 11:49:12,4029,,INTEREST CREDIT,23699,SUCCESS,
5349,2025-03-30 17:07:00,3683,1054,IMPS,57725,FAILED,Insufficient Balance
5350,2025-02-23 21:22:21,4601,,INTEREST CREDIT,4109,SUCCESS,
5351,2025-01-27 07:22:56,816,1211,FUND TRANSFER,300540,SUCCESS,
5352,2025-06-01 21:06:35,980,,WITHDRAWAL,8564,SUCCESS,
5353,2025-08-29 13:57:53,2781,1199,FUND TRANSFER,706771,SUCCESS,
5354,2025-09-28 06:18:20,215,139,NEFT,94531,SUCCESS,
5355,2025-02-15 05:58:48,3730,,WITHDRAWAL,29799,SUCCESS,
5356,2025-02-19 01:44:53,1931,421,NEFT,341712,SUCCESS,
5357,2025-07-22 01:57:18,4138,1643,FUND TRANSFER,330042,SUCCESS,
5358,2025-09-11 21:36:21,2644,,ATM WITHDRAWAL,9086,SUCCESS,
5359,2025-06-27 12:18:00,1918,,ATM WITHDRAWAL,9269,SUCCESS,
5360,2025-05-20 00:39:31,2700,,ATM WITHDRAWAL,5204,SUCCESS,
5361,2025-03-20 14:18:43,2412,,DEPOSIT,53402,SUCCESS,
5362,2025-04-16 22:44:40,2683,,ATM WITHDRAWAL,9517,SUCCESS,
5363,2025-06-01 11:48:10,1161,3146,FUND TRANSFER,505109,SUCCESS,
5364,2025-10-12 14:42:21,1539,446,UPI,2982,SUCCESS,
5365,2025-09-29 18:38:12,3408,,INTEREST CREDIT,2864,SUCCESS,
5366,2025-08-02 15:39:09,2191,3038,UPI,2719,SUCCESS,
5367,2025-07-21 02:33:11,4186,,ATM WITHDRAWAL,6189,SUCCESS,
5368,2025-05-22 21:51:35,4780,,ATM WITHDRAWAL,7110,SUCCESS,
5369,2025-06-07 09:40:44,730,4215,UPI,9018,SUCCESS,
5370,2025-10-26 17:45:31,4390,,ATM WITHDRAWAL,2761,SUCCESS,
5371,2025-10-02 04:53:34,1896,3878,UPI,7302,SUCCESS,
5372,2025-04-12 04:34:51,2728,3854,FUND TRANSFER,454449,SUCCESS,
5373,2025-09-15 05:17:05,3692,,ATM WITHDRAWAL,5302,SUCCESS,
5374,2025-06-01 12:32:23,527,1494,FUND TRANSFER,567539,SUCCESS,
5375,2025-01-31 18:12:05,4634,,DEPOSIT,91678,SUCCESS,
5376,2025-06-25 05:24:03,1549,4729,IMPS,176237,SUCCESS,
5377,2025-05-22 18:25:39,3345,387,UPI,8485,SUCCESS,
5378,2025-05-27 18:34:16,2165,478,UPI,1561,SUCCESS,
5379,2025-10-10 12:10:25,4968,3665,UPI,7853,SUCCESS,
5380,2025-11-21 03:04:34,4339,1912,NEFT,426280,SUCCESS,
5381,2025-07-28 02:10:22,1466,,DEPOSIT,83259,SUCCESS,
5382,2025-04-09 10:38:37,4933,1545,FUND TRANSFER,497844,SUCCESS,
5383,2025-11-19 08:35:04,3904,,ATM WITHDRAWAL,6515,FAILED,Insufficient Balance
5384,2025-02-14 14:32:31,2941,4181,IMPS,149860,SUCCESS,
5385,2025-03-24 17:54:03,2364,150,IMPS,95874,SUCCESS,
5386,2025-04-01 06:06:37,4123,,DEPOSIT,73102,SUCCESS,
5387,2025-12-15 03:57:26,404,2541,UPI,8383,SUCCESS,
5388,2025-05-05 09:57:27,4063,,ATM WITHDRAWAL,1353,SUCCESS,
5389,2025-07-09 05:40:45,112,4123,FUND TRANSFER,579031,SUCCESS,
5390,2025-09-29 11:18:34,4657,1665,FUND TRANSFER,128626,SUCCESS,
5391,2025-12-13 10:23:16,1698,3260,UPI,3800,SUCCESS,
5392,2025-09-23 05:09:45,3500,,DEPOSIT,86356,SUCCESS,
5393,2025-07-11 04:45:37,4648,2313,FUND TRANSFER,831251,FAILED,Daily Limit Exceeded
5394,2025-11-23 07:23:41,351,,ATM WITHDRAWAL,7050,SUCCESS,
5395,2025-04-20 22:05:40,2406,,DEPOSIT,83886,SUCCESS,
5396,2025-05-27 13:55:34,1264,1505,FUND TRANSFER,397970,SUCCESS,
5397,2025-08-24 02:42:32,904,,DEPOSIT,82714,SUCCESS,
5398,2025-05-11 05:15:23,4827,3451,FUND TRANSFER,345563,SUCCESS,
5399,2025-11-14 14:14:10,63,4111,FUND TRANSFER,484226,SUCCESS,
5400,2025-06-07 06:38:32,1207,3642,FUND TRANSFER,191559,SUCCESS,
5401,2025-02-13 15:46:29,3901,859,FUND TRANSFER,208098,SUCCESS,
5402,2025-04-13 02:46:49,1311,3868,UPI,7843,SUCCESS,
5403,2025-06-28 21:45:03,3746,1989,UPI,7644,SUCCESS,
5404,2025-06-02 07:26:24,3688,,ATM WITHDRAWAL,9453,SUCCESS,
5405,2025-01-14 16:48:44,1075,4066,UPI,1532,SUCCESS,
5406,2025-02-14 15:33:31,1412,1644,IMPS,94422,SUCCESS,
5407,2025-08-04 21:30:19,1019,2001,IMPS,31815,SUCCESS,
5408,2025-04-27 09:32:57,4477,2276,UPI,4611,SUCCESS,
5409,2025-11-21 11:57:13,88,757,FUND TRANSFER,173693,SUCCESS,
5410,2025-11-04 20:46:17,2835,,WITHDRAWAL,19338,SUCCESS,
5411,2025-02-23 06:21:29,3696,4987,UPI,2190,SUCCESS,
5412,2025-12-12 11:13:57,4840,,ATM WITHDRAWAL,576,SUCCESS,
5413,2025-06-27 19:24:05,1892,,DEPOSIT,5296,SUCCESS,
5414,2025-01-07 06:18:00,251,4828,UPI,8053,SUCCESS,
5415,2025-07-01 15:04:49,2135,645,NEFT,228000,SUCCESS,
5416,2025-09-26 17:05:50,3690,2035,FUND TRANSFER,789958,SUCCESS,
5417,2025-11-13 07:31:41,685,,WITHDRAWAL,20366,SUCCESS,
5418,2025-03-25 22:51:18,2183,,DEPOSIT,1731,SUCCESS,
5419,2025-08-09 17:03:53,3700,,ATM WITHDRAWAL,7242,SUCCESS,
5420,2025-11-27 17:19:12,1223,1823,FUND TRANSFER,641227,SUCCESS,
5421,2025-04-02 18:51:28,2275,2811,IMPS,22326,SUCCESS,
5422,2025-04-08 09:36:53,1855,,ATM WITHDRAWAL,2223,SUCCESS,
5423,2025-03-11 07:39:17,40,,WITHDRAWAL,37776,SUCCESS,
5424,2025-09-01 07:37:56,1172,4919,UPI,1128,SUCCESS,
5425,2025-06-29 21:17:30,4239,,ATM WITHDRAWAL,499,SUCCESS,
5426,2025-09-03 05:01:44,352,,INTEREST CREDIT,6373,SUCCESS,
5427,2025-01-30 09:04:22,1330,,DEPOSIT,78919,SUCCESS,
5428,2025-04-26 14:58:59,4375,2477,UPI,6069,SUCCESS,
5429,2025-04-12 18:48:04,877,562,UPI,1027,SUCCESS,
5430,2025-10-16 08:13:04,2487,,WITHDRAWAL,38334,SUCCESS,
5431,2025-01-05 06:44:11,3756,4693,UPI,1778,SUCCESS,
5432,2025-04-11 05:10:13,875,,ATM WITHDRAWAL,5196,SUCCESS,
5433,2025-08-20 02:42:49,3824,308,UPI,6052,FAILED,Network Timeout
5434,2025-04-18 17:53:58,3440,939,FUND TRANSFER,648090,SUCCESS,
5435,2025-07-29 15:59:57,2144,1234,FUND TRANSFER,702103,SUCCESS,
5436,2025-12-16 18:56:23,1371,3557,UPI,8493,SUCCESS,
5437,2025-09-07 15:30:32,4953,226,UPI,4839,SUCCESS,
5438,2025-06-08 12:35:35,2143,3359,FUND TRANSFER,55568,SUCCESS,
5439,2025-02-18 00:14:58,3118,4553,IMPS,102848,SUCCESS,
5440,2025-07-21 10:45:11,655,,DEPOSIT,88439,SUCCESS,
5441,2025-07-12 02:39:11,2010,2214,UPI,4501,SUCCESS,
5442,2025-06-08 02:29:11,4506,3369,NEFT,325535,SUCCESS,
5443,2025-06-03 23:54:44,3096,1775,FUND TRANSFER,154998,SUCCESS,
5444,2025-12-23 23:51:16,1740,2531,UPI,8792,SUCCESS,
5445,2025-08-13 21:35:19,3313,,INTEREST CREDIT,23052,SUCCESS,
5446,2025-11-08 06:33:39,2319,3886,NEFT,351566,SUCCESS,
5447,2025-08-30 00:23:41,318,1451,UPI,9097,SUCCESS,
5448,2025-01-12 08:42:56,699,4441,IMPS,120136,SUCCESS,
5449,2025-07-04 09:46:36,3882,4945,UPI,7402,SUCCESS,
5450,2025-06-23 02:03:53,636,,ATM WITHDRAWAL,9310,SUCCESS,
5451,2025-11-16 13:43:20,3206,761,FUND TRANSFER,948232,SUCCESS,
5452,2025-09-06 10:52:42,783,4971,UPI,6643,SUCCESS,
5453,2025-07-17 22:07:08,3032,,ATM WITHDRAWAL,7921,SUCCESS,
5454,2025-08-10 04:29:07,2311,,WITHDRAWAL,33337,SUCCESS,
5455,2025-09-14 19:58:16,2538,2213,FUND TRANSFER,322857,SUCCESS,
5456,2025-11-19 09:18:16,989,,WITHDRAWAL,22544,SUCCESS,
5457,2025-10-05 05:44:13,3160,,INTEREST CREDIT,12939,SUCCESS,
5458,2025-11-22 07:50:55,3459,1934,UPI,997,FAILED,Invalid Account
5459,2025-08-15 07:53:52,4401,,DEPOSIT,18539,SUCCESS,
5460,2025-11-04 09:48:18,2438,3304,FUND TRANSFER,279363,SUCCESS,
5461,2025-08-21 13:53:46,1196,2936,IMPS,11528,SUCCESS,
5462,2025-10-04 20:26:56,3011,4203,IMPS,150340,SUCCESS,
5463,2025-01-21 20:23:12,4338,,ATM WITHDRAWAL,5098,SUCCESS,
5464,2025-09-26 13:38:04,4511,,ATM WITHDRAWAL,3270,SUCCESS,
5465,2025-10-06 14:33:35,1336,,ATM WITHDRAWAL,9429,SUCCESS,
5466,2025-09-09 17:04:45,4072,,WITHDRAWAL,17015,SUCCESS,
5467,2025-04-12 04:05:17,2051,4465,NEFT,360792,SUCCESS,
5468,2025-02-03 05:31:39,4993,,ATM WITHDRAWAL,9236,FAILED,Insufficient Balance
5469,2025-01-19 11:46:36,4265,2285,FUND TRANSFER,169346,SUCCESS,
5470,2025-07-08 14:45:30,586,2720,FUND TRANSFER,695605,SUCCESS,
5471,2025-02-24 14:38:17,1811,3182,UPI,6809,SUCCESS,
5472,2025-04-22 05:33:17,4458,,DEPOSIT,38068,SUCCESS,
5473,2025-04-05 17:31:29,3119,4909,NEFT,314099,SUCCESS,
5474,2025-10-11 00:25:34,4818,4956,UPI,8034,SUCCESS,
5475,2025-02-28 03:57:39,196,,DEPOSIT,71433,SUCCESS,
5476,2025-02-20 05:38:39,4629,,DEPOSIT,28246,SUCCESS,
5477,2025-12-24 14:14:28,674,,ATM WITHDRAWAL,8774,SUCCESS,
5478,2025-06-25 11:22:12,4215,,ATM WITHDRAWAL,1490,SUCCESS,
5479,2025-03-14 11:46:05,4110,,WITHDRAWAL,32686,SUCCESS,
5480,2025-06-16 18:03:06,4095,,INTEREST CREDIT,20749,SUCCESS,
5481,2025-05-31 01:38:45,3328,3794,NEFT,143674,SUCCESS,
5482,2025-09-15 09:32:19,91,2483,FUND TRANSFER,995674,SUCCESS,
5483,2025-06-21 08:37:43,67,,ATM WITHDRAWAL,2626,SUCCESS,
5484,2025-03-01 04:32:25,284,,ATM WITHDRAWAL,1189,SUCCESS,
5485,2025-10-28 02:52:58,2341,,ATM WITHDRAWAL,4757,SUCCESS,
5486,2025-01-28 09:53:12,573,,DEPOSIT,1661,SUCCESS,
5487,2025-08-06 20:51:53,906,4605,UPI,6232,SUCCESS,
5488,2025-03-25 12:37:31,385,,ATM WITHDRAWAL,2656,SUCCESS,
5489,2025-05-03 06:18:58,2263,4656,IMPS,117331,SUCCESS,
5490,2025-05-25 02:18:44,2954,320,FUND TRANSFER,215827,SUCCESS,
5491,2025-04-05 14:22:49,2771,,INTEREST CREDIT,15986,SUCCESS,
5492,2025-04-22 21:38:03,3977,2665,FUND TRANSFER,677778,SUCCESS,
5493,2025-08-30 06:06:40,2249,2451,UPI,820,SUCCESS,
5494,2025-11-04 14:55:38,4119,4014,FUND TRANSFER,188614,SUCCESS,
5495,2025-01-11 05:12:49,3865,,DEPOSIT,37795,SUCCESS,
5496,2025-05-27 11:50:19,4457,,INTEREST CREDIT,106,SUCCESS,
5497,2025-11-24 08:14:10,1709,,WITHDRAWAL,44652,SUCCESS,
5498,2025-09-03 05:38:38,2962,,WITHDRAWAL,15018,SUCCESS,
5499,2025-02-24 15:37:20,3417,4033,UPI,6086,SUCCESS,
5500,2025-03-01 20:40:17,1150,1588,IMPS,80186,SUCCESS,
5501,2025-01-04 12:27:40,4772,4112,FUND TRANSFER,28845,SUCCESS,
5502,2025-09-18 00:56:14,2644,3385,FUND TRANSFER,253561,SUCCESS,
5503,2025-09-13 09:39:54,4848,,DEPOSIT,36135,SUCCESS,
5504,2025-08-22 03:33:03,3229,,DEPOSIT,78422,SUCCESS,
5505,2025-02-23 14:03:11,4129,2761,FUND TRANSFER,661093,SUCCESS,
5506,2025-07-18 20:37:05,1544,3975,FUND TRANSFER,864065,SUCCESS,
5507,2025-12-16 01:01:24,1110,2525,UPI,7864,SUCCESS,
5508,2025-06-30 02:09:58,2762,39,NEFT,284534,SUCCESS,
5509,2025-02-10 13:35:03,1396,,INTEREST CREDIT,11057,SUCCESS,
5510,2025-09-08 03:21:50,32,2427,NEFT,8839,SUCCESS,
5511,2025-02-08 14:35:34,3438,3519,UPI,2143,SUCCESS,
5512,2025-03-31 23:24:44,1545,,WITHDRAWAL,45072,SUCCESS,
5513,2025-02-23 08:46:38,295,3990,FUND TRANSFER,498365,SUCCESS,
5514,2025-09-22 23:52:40,3152,2034,FUND TRANSFER,742769,SUCCESS,
5515,2025-08-18 04:44:26,3659,,DEPOSIT,21779,SUCCESS,
5516,2025-04-23 22:00:36,3799,3412,NEFT,349205,SUCCESS,
5517,2025-06-25 08:07:53,4354,1333,NEFT,334141,SUCCESS,
5518,2025-09-08 01:34:23,182,896,FUND TRANSFER,225434,SUCCESS,
5519,2025-10-13 05:24:55,3690,2807,IMPS,629,SUCCESS,
5520,2025-11-28 14:27:21,209,,DEPOSIT,81721,SUCCESS,
5521,2025-08-15 20:15:27,4334,1397,UPI,5151,SUCCESS,
5522,2025-02-02 00:58:19,4287,1375,FUND TRANSFER,698172,SUCCESS,
5523,2025-04-02 10:03:01,2872,2903,IMPS,182636,SUCCESS,
5524,2025-11-26 06:29:06,64,3693,FUND TRANSFER,572996,SUCCESS,
5525,2025-06-03 12:02:00,3793,,INTEREST CREDIT,13843,SUCCESS,
5526,2025-04-08 02:13:55,4075,3606,FUND TRANSFER,367661,SUCCESS,
5527,2025-09-14 11:50:03,1454,2232,FUND TRANSFER,385786,SUCCESS,
5528,2025-07-27 09:47:35,294,3028,UPI,3050,SUCCESS,
5529,2025-01-09 03:05:20,4836,4641,FUND TRANSFER,323953,SUCCESS,
5530,2025-03-21 02:23:30,1076,1253,FUND TRANSFER,492712,SUCCESS,
5531,2025-09-17 03:20:28,1518,2416,FUND TRANSFER,289679,FAILED,Network Timeout
5532,2025-05-16 10:55:16,4042,1536,UPI,9262,SUCCESS,
5533,2025-07-31 21:38:50,1308,,INTEREST CREDIT,11750,SUCCESS,
5534,2025-11-16 23:50:30,1525,2772,UPI,620,SUCCESS,
5535,2025-08-04 16:12:41,2895,177,FUND TRANSFER,512924,SUCCESS,
5536,2025-08-24 08:06:29,4817,,WITHDRAWAL,35863,SUCCESS,
5537,2025-04-01 08:08:22,3179,4773,UPI,9039,SUCCESS,
5538,2025-08-09 11:49:48,1808,,DEPOSIT,66001,SUCCESS,
5539,2025-08-06 15:13:28,820,4412,UPI,8575,SUCCESS,
5540,2025-05-21 08:19:53,1171,,ATM WITHDRAWAL,6467,SUCCESS,
5541,2025-09-14 13:51:23,1444,,WITHDRAWAL,48911,SUCCESS,
5542,2025-08-17 03:50:19,191,3690,IMPS,5839,SUCCESS,
5543,2025-06-10 11:40:41,3252,,DEPOSIT,62634,SUCCESS,
5544,2025-04-17 19:00:52,1233,1137,FUND TRANSFER,187707,SUCCESS,
5545,2025-07-04 16:31:24,1116,4624,UPI,1259,SUCCESS,
5546,2025-07-06 10:41:02,4257,2439,NEFT,362232,SUCCESS,
5547,2025-03-20 13:36:30,4640,,DEPOSIT,64703,SUCCESS,
5548,2025-05-15 06:13:22,2968,,ATM WITHDRAWAL,2915,FAILED,Daily Limit Exceeded
5549,2025-08-03 12:06:09,3,268,UPI,1407,SUCCESS,
5550,2025-10-05 22:01:49,1946,1537,UPI,9539,SUCCESS,
5551,2025-08-15 23:54:36,4079,4011,FUND TRANSFER,509210,SUCCESS,
5552,2025-04-07 19:46:11,4751,,DEPOSIT,28069,SUCCESS,
5553,2025-06-25 16:10:49,968,3865,NEFT,254791,SUCCESS,
5554,2025-05-06 00:01:46,1924,1081,FUND TRANSFER,639395,SUCCESS,
5555,2025-04-05 15:31:45,3605,1508,UPI,5707,SUCCESS,
5556,2025-05-22 05:42:57,1130,1945,UPI,5789,SUCCESS,
5557,2025-04-10 13:47:33,408,1830,NEFT,374440,SUCCESS,
5558,2025-09-27 05:38:31,3651,1080,UPI,9360,SUCCESS,
5559,2025-06-19 14:04:34,1694,,WITHDRAWAL,30171,SUCCESS,
5560,2025-12-24 08:17:50,4480,1271,FUND TRANSFER,846867,SUCCESS,
5561,2025-04-02 21:41:39,330,,ATM WITHDRAWAL,8961,SUCCESS,
5562,2025-02-18 02:20:39,3421,4353,UPI,2095,SUCCESS,
5563,2025-12-07 19:43:02,4302,,DEPOSIT,69513,SUCCESS,
5564,2025-08-25 07:56:27,3961,446,UPI,6444,SUCCESS,
5565,2025-04-19 14:25:25,3216,,WITHDRAWAL,2113,SUCCESS,
5566,2025-03-11 12:54:23,4450,2446,UPI,9193,SUCCESS,
5567,2025-10-01 15:42:07,2684,,ATM WITHDRAWAL,692,SUCCESS,
5568,2025-10-11 07:28:04,3641,,DEPOSIT,28083,SUCCESS,
5569,2025-04-14 05:02:52,4196,,DEPOSIT,39071,SUCCESS,
5570,2025-02-14 08:24:39,964,4208,UPI,1530,SUCCESS,
5571,2025-08-15 08:42:43,2260,4076,UPI,875,SUCCESS,
5572,2025-02-17 10:34:21,3080,,ATM WITHDRAWAL,1130,SUCCESS,
5573,2025-09-21 19:23:11,4769,,INTEREST CREDIT,20975,SUCCESS,
5574,2025-09-08 16:07:03,1838,686,NEFT,398017,SUCCESS,
5575,2025-02-10 13:48:07,4724,,ATM WITHDRAWAL,1328,SUCCESS,
5576,2025-04-08 18:06:25,2361,2011,FUND TRANSFER,36765,SUCCESS,
5577,2025-12-13 07:57:14,4761,2245,IMPS,102567,SUCCESS,
5578,2025-10-19 22:11:58,1789,,WITHDRAWAL,17731,SUCCESS,
5579,2025-05-22 02:18:50,1110,4230,FUND TRANSFER,738086,SUCCESS,
5580,2025-07-20 10:00:49,2119,,ATM WITHDRAWAL,8303,SUCCESS,
5581,2025-12-30 16:56:09,214,2456,IMPS,37792,SUCCESS,
5582,2025-07-23 14:37:01,4915,,WITHDRAWAL,27862,SUCCESS,
5583,2025-07-28 02:37:58,299,689,FUND TRANSFER,748206,SUCCESS,
5584,2025-09-13 06:47:07,3343,1748,UPI,8472,SUCCESS,
5585,2025-01-13 00:23:36,1753,,WITHDRAWAL,34236,SUCCESS,
5586,2025-10-13 17:28:59,4996,300,UPI,3307,SUCCESS,
5587,2025-10-02 10:14:09,1122,2526,FUND TRANSFER,288814,SUCCESS,
5588,2025-02-15 03:47:23,751,,ATM WITHDRAWAL,2417,SUCCESS,
5589,2025-09-12 04:23:20,126,2364,UPI,622,SUCCESS,
5590,2025-05-14 17:17:42,501,,WITHDRAWAL,8255,SUCCESS,
5591,2025-06-03 17:38:21,432,,ATM WITHDRAWAL,6487,SUCCESS,
5592,2025-12-12 01:41:42,3793,,WITHDRAWAL,25301,SUCCESS,
5593,2025-01-10 21:40:48,431,4279,UPI,7902,SUCCESS,
5594,2025-02-22 10:57:56,2658,299,UPI,2054,SUCCESS,
5595,2025-09-15 21:59:11,2143,,ATM WITHDRAWAL,815,SUCCESS,
5596,2025-02-22 10:26:08,1152,780,UPI,9340,SUCCESS,
5597,2025-07-16 02:21:01,4017,4111,FUND TRANSFER,807005,FAILED,Daily Limit Exceeded
5598,2025-02-21 11:53:40,2739,3389,IMPS,34241,SUCCESS,
5599,2025-02-02 19:09:56,19,4675,IMPS,18270,SUCCESS,
5600,2025-08-25 15:23:24,1554,4976,UPI,7014,SUCCESS,
5601,2025-01-11 17:33:02,3017,690,FUND TRANSFER,694287,SUCCESS,
5602,2025-11-07 17:28:14,982,,ATM WITHDRAWAL,2196,SUCCESS,
5603,2025-05-11 18:51:48,2916,,DEPOSIT,61405,SUCCESS,
5604,2025-06-15 14:48:14,1505,4667,UPI,9919,SUCCESS,
5605,2025-03-04 16:15:14,3461,1854,FUND TRANSFER,673916,SUCCESS,
5606,2025-03-19 20:08:08,3615,1792,FUND TRANSFER,253111,SUCCESS,
5607,2025-09-01 03:27:41,1408,3102,NEFT,184303,SUCCESS,
5608,2025-05-12 16:51:38,4961,1700,UPI,9984,SUCCESS,
5609,2025-04-27 05:44:52,2045,2748,UPI,4540,SUCCESS,
5610,2025-01-16 21:20:52,4893,,WITHDRAWAL,33640,SUCCESS,
5611,2025-08-12 15:33:29,4984,3272,FUND TRANSFER,422013,SUCCESS,
5612,2025-11-15 12:37:10,2484,3512,FUND TRANSFER,237187,SUCCESS,
5613,2025-12-23 13:08:02,2305,273,UPI,5288,SUCCESS,
5614,2025-01-11 09:03:30,1273,,ATM WITHDRAWAL,4468,SUCCESS,
5615,2025-06-23 02:11:51,3602,4952,UPI,5069,SUCCESS,
5616,2025-10-22 03:39:17,2563,2980,IMPS,59693,SUCCESS,
5617,2025-05-15 19:19:08,2429,1487,FUND TRANSFER,904431,SUCCESS,
5618,2025-06-09 02:07:01,3067,3527,IMPS,53101,SUCCESS,
5619,2025-10-16 11:24:19,2603,,WITHDRAWAL,16544,SUCCESS,
5620,2025-01-01 06:54:29,2249,3509,UPI,4040,FAILED,Insufficient Balance
5621,2025-07-11 09:47:17,4986,,WITHDRAWAL,15421,SUCCESS,
5622,2025-05-18 02:29:26,2215,4058,NEFT,131211,SUCCESS,
5623,2025-05-15 06:19:34,18,,WITHDRAWAL,24745,SUCCESS,
5624,2025-11-07 16:25:59,3114,2179,NEFT,421232,SUCCESS,
5625,2025-07-15 20:38:08,1750,,DEPOSIT,52384,SUCCESS,
5626,2025-10-28 21:07:35,4728,,WITHDRAWAL,8150,SUCCESS,
5627,2025-11-07 19:10:20,41,361,FUND TRANSFER,98488,SUCCESS,
5628,2025-12-04 10:17:05,3311,2896,FUND TRANSFER,42918,SUCCESS,
5629,2025-08-15 08:41:06,3523,,WITHDRAWAL,29646,SUCCESS,
5630,2025-06-18 09:10:30,502,,WITHDRAWAL,47942,SUCCESS,
5631,2025-03-01 21:37:08,951,,WITHDRAWAL,24020,SUCCESS,
5632,2025-12-02 01:04:28,2680,3889,UPI,9128,SUCCESS,
5633,2025-12-04 16:35:26,1899,3241,NEFT,426841,SUCCESS,
5634,2025-06-03 16:31:08,3523,,ATM WITHDRAWAL,4742,SUCCESS,
5635,2025-07-13 06:52:21,3672,2489,FUND TRANSFER,271866,SUCCESS,
5636,2025-02-15 06:09:01,1857,3142,UPI,2766,SUCCESS,
5637,2025-01-28 04:13:45,804,3230,UPI,5199,SUCCESS,
5638,2025-05-24 17:30:17,4537,1275,UPI,7031,SUCCESS,
5639,2025-03-18 18:01:42,2402,1096,FUND TRANSFER,186900,SUCCESS,
5640,2025-09-10 06:57:41,1528,2166,IMPS,174151,SUCCESS,
5641,2025-11-26 08:46:05,4599,1260,NEFT,113243,SUCCESS,
5642,2025-07-01 04:30:04,2519,2490,FUND TRANSFER,80163,SUCCESS,
5643,2025-09-15 02:54:41,2547,2907,IMPS,43966,SUCCESS,
5644,2025-03-31 05:53:41,793,,DEPOSIT,80426,SUCCESS,
5645,2025-05-13 02:54:10,824,545,FUND TRANSFER,866167,SUCCESS,
5646,2025-11-26 10:31:46,4842,,ATM WITHDRAWAL,4363,SUCCESS,
5647,2025-02-20 05:41:28,4731,1995,FUND TRANSFER,1019,SUCCESS,
5648,2025-01-27 21:23:50,2316,3595,UPI,58,SUCCESS,
5649,2025-05-04 14:59:42,4536,30,UPI,3572,SUCCESS,
5650,2025-09-07 11:32:31,372,,WITHDRAWAL,21626,SUCCESS,
5651,2025-04-22 02:25:23,4214,4561,UPI,4107,SUCCESS,
5652,2025-11-09 17:33:42,3952,,DEPOSIT,24492,SUCCESS,
5653,2025-08-30 13:20:15,475,4974,FUND TRANSFER,673289,SUCCESS,
5654,2025-08-19 16:21:10,480,,DEPOSIT,39432,SUCCESS,
5655,2025-06-18 12:52:09,861,,WITHDRAWAL,38741,SUCCESS,
5656,2025-11-25 21:33:10,4657,,WITHDRAWAL,10594,SUCCESS,
5657,2025-06-27 06:56:06,927,694,UPI,4775,SUCCESS,
5658,2025-05-03 03:52:48,500,61,UPI,1280,SUCCESS,
5659,2025-04-29 23:55:16,4384,1538,FUND TRANSFER,702959,SUCCESS,
5660,2025-09-15 21:41:32,4494,1170,FUND TRANSFER,814119,SUCCESS,
5661,2025-09-12 12:30:29,1656,4594,FUND TRANSFER,300565,SUCCESS,
5662,2025-06-11 04:07:05,2032,4051,NEFT,362024,SUCCESS,
5663,2025-10-11 05:31:26,680,1166,IMPS,25204,SUCCESS,
5664,2025-11-02 21:29:49,1662,,ATM WITHDRAWAL,4559,SUCCESS,
5665,2025-07-16 03:41:49,3384,4597,NEFT,253788,SUCCESS,
5666,2025-10-25 09:08:12,3599,,ATM WITHDRAWAL,5181,SUCCESS,
5667,2025-12-28 00:07:46,524,2785,FUND TRANSFER,932231,SUCCESS,
5668,2025-02-05 23:15:25,804,,INTEREST CREDIT,10060,SUCCESS,
5669,2025-06-02 22:52:42,4519,,INTEREST CREDIT,3394,SUCCESS,
5670,2025-11-04 14:48:36,4136,3826,NEFT,78216,SUCCESS,
5671,2025-07-27 06:00:47,852,4071,FUND TRANSFER,278188,SUCCESS,
5672,2025-03-12 02:46:48,2244,1689,UPI,6106,SUCCESS,
5673,2025-11-19 22:22:06,1226,747,UPI,2993,SUCCESS,
5674,2025-07-07 18:05:27,4661,1888,IMPS,75242,SUCCESS,
5675,2025-10-14 06:56:22,4167,443,IMPS,124774,SUCCESS,
5676,2025-03-23 13:42:00,3528,491,UPI,3365,SUCCESS,
5677,2025-10-30 20:33:47,906,,DEPOSIT,14132,SUCCESS,
5678,2025-06-10 09:25:42,4452,,DEPOSIT,29130,SUCCESS,
5679,2025-01-25 11:20:23,2607,4258,NEFT,307934,SUCCESS,
5680,2025-02-24 16:23:53,2002,,DEPOSIT,50295,SUCCESS,
5681,2025-06-16 22:25:22,3676,,WITHDRAWAL,5364,SUCCESS,
5682,2025-11-10 14:56:46,4021,,ATM WITHDRAWAL,4012,SUCCESS,
5683,2025-06-04 02:02:34,543,90,FUND TRANSFER,957524,SUCCESS,
5684,2025-05-12 06:27:06,3426,,INTEREST CREDIT,16043,SUCCESS,
5685,2025-08-07 20:58:17,4018,,ATM WITHDRAWAL,9656,SUCCESS,
5686,2025-06-24 05:34:16,3865,2665,FUND TRANSFER,899133,SUCCESS,
5687,2025-08-12 23:08:18,2752,3919,UPI,6665,SUCCESS,
5688,2025-04-08 22:14:11,2788,,ATM WITHDRAWAL,2605,SUCCESS,
5689,2025-05-07 18:47:55,2741,2115,UPI,3681,SUCCESS,
5690,2025-11-01 13:26:16,1977,2061,UPI,7507,SUCCESS,
5691,2025-10-05 03:47:03,3386,1452,FUND TRANSFER,425669,SUCCESS,
5692,2025-08-19 08:27:14,4532,,DEPOSIT,89575,SUCCESS,
5693,2025-03-24 05:38:12,403,,ATM WITHDRAWAL,2526,SUCCESS,
5694,2025-06-23 11:32:09,958,,INTEREST CREDIT,17073,SUCCESS,
5695,2025-06-18 03:16:09,3122,,INTEREST CREDIT,6849,SUCCESS,
5696,2025-07-15 05:56:49,521,1429,UPI,6441,SUCCESS,
5697,2025-12-17 11:06:53,2371,,ATM WITHDRAWAL,1302,SUCCESS,
5698,2025-06-10 11:37:59,3670,,WITHDRAWAL,15123,SUCCESS,
5699,2025-12-21 12:03:22,2585,,ATM WITHDRAWAL,6285,SUCCESS,
5700,2025-01-26 08:23:56,3357,3419,UPI,1078,SUCCESS,
5701,2025-06-10 14:30:40,3197,,WITHDRAWAL,26622,SUCCESS,
5702,2025-07-22 14:57:38,4461,,DEPOSIT,2993,SUCCESS,
5703,2025-12-08 10:31:22,2422,,WITHDRAWAL,15125,SUCCESS,
5704,2025-09-29 12:13:05,2562,498,NEFT,379549,SUCCESS,
5705,2025-09-16 14:46:49,386,495,FUND TRANSFER,466014,SUCCESS,
5706,2025-01-06 07:50:18,2617,,ATM WITHDRAWAL,1385,SUCCESS,
5707,2025-07-18 23:46:12,3040,720,IMPS,191898,SUCCESS,
5708,2025-01-07 13:32:57,3531,2834,NEFT,488521,SUCCESS,
5709,2025-03-08 01:31:34,3291,735,UPI,62,SUCCESS,
5710,2025-07-14 00:01:29,2180,,WITHDRAWAL,39542,SUCCESS,
5711,2025-11-30 10:31:13,1947,3946,IMPS,78224,SUCCESS,
5712,2025-02-21 10:51:17,359,1230,UPI,7222,SUCCESS,
5713,2025-08-24 07:19:13,2389,4813,FUND TRANSFER,825935,SUCCESS,
5714,2025-01-04 22:47:40,399,1409,FUND TRANSFER,368091,SUCCESS,
5715,2025-12-24 11:08:50,4704,,ATM WITHDRAWAL,9871,SUCCESS,
5716,2025-10-31 06:13:21,1524,3653,FUND TRANSFER,836684,SUCCESS,
5717,2025-09-15 19:03:22,2972,2948,IMPS,112981,SUCCESS,
5718,2025-01-12 12:13:50,2354,168,NEFT,310143,SUCCESS,
5719,2025-03-28 08:50:31,1516,,DEPOSIT,40983,SUCCESS,
5720,2025-11-10 20:20:28,665,3993,UPI,9876,SUCCESS,
5721,2025-10-25 13:10:27,4309,2175,UPI,6957,SUCCESS,
5722,2025-09-23 19:06:32,1205,4111,IMPS,153106,FAILED,Invalid Account
5723,2025-01-27 13:15:49,121,,WITHDRAWAL,29922,SUCCESS,
5724,2025-05-08 12:59:59,161,,ATM WITHDRAWAL,3666,SUCCESS,
5725,2025-08-18 07:48:57,2648,2997,FUND TRANSFER,533216,SUCCESS,
5726,2025-01-10 01:21:34,4556,3608,IMPS,24914,SUCCESS,
5727,2025-06-30 14:36:03,2580,203,NEFT,20635,SUCCESS,
5728,2025-06-11 16:26:06,4140,1114,UPI,2156,SUCCESS,
5729,2025-11-30 03:01:40,4346,,DEPOSIT,30183,SUCCESS,
5730,2025-04-04 23:54:19,4307,,WITHDRAWAL,28563,SUCCESS,
5731,2025-05-16 12:12:09,1197,312,IMPS,93349,SUCCESS,
5732,2025-11-08 09:51:21,2159,1197,UPI,1681,SUCCESS,
5733,2025-02-11 21:21:21,1905,,ATM WITHDRAWAL,3124,SUCCESS,
5734,2025-01-17 23:40:25,3370,,WITHDRAWAL,35610,SUCCESS,
5735,2025-09-22 07:33:24,4292,,WITHDRAWAL,37837,SUCCESS,
5736,2025-09-23 22:00:18,1123,4647,FUND TRANSFER,935017,SUCCESS,
5737,2025-07-09 12:17:23,721,,ATM WITHDRAWAL,9633,SUCCESS,
5738,2025-07-15 21:56:54,4455,,ATM WITHDRAWAL,5269,SUCCESS,
5739,2025-03-01 23:22:55,957,,WITHDRAWAL,19899,SUCCESS,
5740,2025-03-28 05:26:58,4833,1564,FUND TRANSFER,932925,SUCCESS,
5741,2025-08-12 03:52:34,45,4680,IMPS,132825,SUCCESS,
5742,2025-07-20 05:02:55,4311,2716,IMPS,129229,SUCCESS,
5743,2025-09-13 15:41:53,40,533,UPI,718,SUCCESS,
5744,2025-05-22 11:32:21,1762,3071,FUND TRANSFER,682542,SUCCESS,
5745,2025-12-23 22:43:30,1329,972,UPI,8954,SUCCESS,
5746,2025-01-29 05:41:08,3075,436,UPI,8192,SUCCESS,
5747,2025-05-26 06:02:31,385,383,UPI,3192,SUCCESS,
5748,2025-10-15 16:43:19,1952,4079,FUND TRANSFER,977687,SUCCESS,
5749,2025-01-20 21:33:12,1028,493,UPI,2940,SUCCESS,
5750,2025-06-28 09:16:09,2443,575,FUND TRANSFER,246107,SUCCESS,
5751,2025-06-05 03:19:18,3083,1001,IMPS,100415,SUCCESS,
5752,2025-07-27 12:16:19,35,,WITHDRAWAL,12331,SUCCESS,
5753,2025-02-26 16:44:50,4,2635,UPI,1082,SUCCESS,
5754,2025-07-24 05:49:35,427,435,UPI,818,SUCCESS,
5755,2025-11-22 17:24:27,199,4022,NEFT,135992,SUCCESS,
5756,2025-11-29 16:08:04,4655,1066,NEFT,428872,SUCCESS,
5757,2025-08-25 16:52:30,3271,,INTEREST CREDIT,17902,SUCCESS,
5758,2025-07-25 16:07:04,3699,,ATM WITHDRAWAL,695,SUCCESS,
5759,2025-01-10 07:31:16,502,802,NEFT,62243,SUCCESS,
5760,2025-01-02 11:41:13,3057,,WITHDRAWAL,31786,SUCCESS,
5761,2025-09-19 16:51:10,3514,4431,FUND TRANSFER,226219,SUCCESS,
5762,2025-07-31 21:26:35,3253,397,UPI,4121,SUCCESS,
5763,2025-11-23 00:55:04,2405,,WITHDRAWAL,17463,SUCCESS,
5764,2025-04-23 00:30:51,4950,,ATM WITHDRAWAL,9212,SUCCESS,
5765,2025-11-04 15:49:59,2589,,ATM WITHDRAWAL,9274,SUCCESS,
5766,2025-03-02 10:23:21,1134,3930,UPI,8352,SUCCESS,
5767,2025-11-24 08:06:53,4400,,DEPOSIT,22674,SUCCESS,
5768,2025-10-06 06:14:37,755,1942,FUND TRANSFER,787868,SUCCESS,
5769,2025-09-28 04:02:45,592,,ATM WITHDRAWAL,5898,SUCCESS,
5770,2025-01-27 01:10:18,299,,WITHDRAWAL,20322,SUCCESS,
5771,2025-03-28 15:22:38,4324,855,UPI,7161,FAILED,Invalid Account
5772,2025-10-18 13:31:48,2647,3035,FUND TRANSFER,804187,SUCCESS,
5773,2025-01-28 11:04:54,3279,,WITHDRAWAL,37421,SUCCESS,
5774,2025-06-11 01:23:09,4384,,ATM WITHDRAWAL,4352,SUCCESS,
5775,2025-02-24 22:51:37,4533,,ATM WITHDRAWAL,1214,SUCCESS,
5776,2025-11-07 02:53:00,438,2883,NEFT,294128,SUCCESS,
5777,2025-12-02 09:52:00,1899,1515,IMPS,4920,SUCCESS,
5778,2025-02-09 22:25:31,2198,4811,FUND TRANSFER,119273,SUCCESS,
5779,2025-09-02 15:11:22,3398,,DEPOSIT,88954,SUCCESS,
5780,2025-12-13 21:51:10,2133,,ATM WITHDRAWAL,5500,SUCCESS,
5781,2025-04-08 02:32:40,2442,,DEPOSIT,95113,SUCCESS,
5782,2025-03-15 18:00:59,1281,,ATM WITHDRAWAL,4249,SUCCESS,
5783,2025-02-23 11:18:17,4386,,DEPOSIT,44684,SUCCESS,
5784,2025-01-20 17:19:36,2789,,ATM WITHDRAWAL,4068,SUCCESS,
5785,2025-07-15 23:08:36,4708,,WITHDRAWAL,43837,SUCCESS,
5786,2025-06-21 20:39:00,2027,,ATM WITHDRAWAL,9793,SUCCESS,
5787,2025-02-01 23:50:58,2445,1352,IMPS,40032,SUCCESS,
5788,2025-07-26 05:29:08,1528,,ATM WITHDRAWAL,2863,SUCCESS,
5789,2025-04-21 08:11:55,2862,860,UPI,7284,SUCCESS,
5790,2025-08-05 12:13:50,4070,,ATM WITHDRAWAL,5683,SUCCESS,
5791,2025-09-16 11:24:58,964,4635,FUND TRANSFER,476431,SUCCESS,
5792,2025-01-21 13:51:39,4585,170,NEFT,228509,SUCCESS,
5793,2025-08-21 20:07:54,153,,DEPOSIT,77692,SUCCESS,
5794,2025-05-03 20:30:22,2938,,WITHDRAWAL,46919,SUCCESS,
5795,2025-03-09 18:35:32,433,3646,IMPS,134027,SUCCESS,
5796,2025-08-31 20:32:40,206,493,UPI,4154,SUCCESS,
5797,2025-08-11 00:45:26,3797,2015,UPI,5352,SUCCESS,
5798,2025-02-26 19:48:07,3357,1265,UPI,4747,SUCCESS,
5799,2025-05-29 14:03:53,3262,1614,FUND TRANSFER,727529,FAILED,Invalid Account
5800,2025-02-13 09:11:48,4884,2508,UPI,659,SUCCESS,
5801,2025-10-21 06:24:05,279,1063,FUND TRANSFER,521457,SUCCESS,
5802,2025-09-23 17:28:21,2033,4225,FUND TRANSFER,591955,SUCCESS,
5803,2025-02-27 22:29:59,1894,267,IMPS,144035,SUCCESS,
5804,2025-02-17 05:07:51,2648,4588,UPI,3022,SUCCESS,
5805,2025-07-15 09:27:25,3564,,DEPOSIT,50886,SUCCESS,
5806,2025-09-18 09:27:08,2117,,ATM WITHDRAWAL,9095,SUCCESS,
5807,2025-03-04 00:47:00,1197,916,NEFT,119858,SUCCESS,
5808,2025-11-18 23:51:25,2250,,WITHDRAWAL,39994,SUCCESS,
5809,2025-07-30 05:51:23,1915,1547,NEFT,247216,SUCCESS,
5810,2025-05-29 18:41:06,4848,586,UPI,2375,SUCCESS,
5811,2025-10-09 10:39:23,4074,523,UPI,7509,SUCCESS,
5812,2025-12-17 04:10:40,640,4704,IMPS,50606,SUCCESS,
5813,2025-08-26 12:21:27,4615,,DEPOSIT,68441,SUCCESS,
5814,2025-09-01 22:49:08,2918,1393,FUND TRANSFER,974720,SUCCESS,
5815,2025-05-05 16:42:13,3501,,WITHDRAWAL,6265,SUCCESS,
5816,2025-04-18 02:52:10,4008,1839,FUND TRANSFER,6358,SUCCESS,
5817,2025-11-25 12:22:16,1158,122,UPI,8636,SUCCESS,
5818,2025-01-19 09:00:06,2381,,DEPOSIT,69271,SUCCESS,
5819,2025-03-17 10:40:20,4490,3335,UPI,8522,SUCCESS,
5820,2025-04-16 13:44:18,1627,,INTEREST CREDIT,13216,SUCCESS,
5821,2025-09-02 19:10:08,1764,2435,NEFT,458089,SUCCESS,
5822,2025-01-11 13:35:57,3190,,ATM WITHDRAWAL,7221,SUCCESS,
5823,2025-07-07 07:29:06,3460,,DEPOSIT,21538,SUCCESS,
5824,2025-01-23 14:51:57,789,2912,NEFT,208157,SUCCESS,
5825,2025-11-30 02:06:56,757,455,FUND TRANSFER,426763,SUCCESS,
5826,2025-02-28 22:57:14,1188,154,IMPS,92738,SUCCESS,
5827,2025-07-19 21:42:20,452,3758,FUND TRANSFER,431523,SUCCESS,
5828,2025-11-29 14:41:05,830,,WITHDRAWAL,23643,SUCCESS,
5829,2025-12-02 14:54:08,2359,,DEPOSIT,37217,SUCCESS,
5830,2025-12-07 11:05:49,1124,,WITHDRAWAL,35672,SUCCESS,
5831,2025-03-12 03:39:31,1099,628,UPI,9221,SUCCESS,
5832,2025-06-07 16:47:06,3394,,WITHDRAWAL,29140,SUCCESS,
5833,2025-10-13 20:50:08,1516,1607,UPI,5263,SUCCESS,
5834,2025-11-09 16:16:24,2874,1897,UPI,7417,SUCCESS,
5835,2025-06-14 07:08:54,779,1324,UPI,187,SUCCESS,
5836,2025-12-30 04:27:12,4322,2899,UPI,1767,FAILED,Daily Limit Exceeded
5837,2025-07-23 06:41:25,1099,,ATM WITHDRAWAL,622,SUCCESS,
5838,2025-11-18 19:53:29,423,1676,UPI,1508,SUCCESS,
5839,2025-04-28 21:50:01,1379,4506,FUND TRANSFER,113863,SUCCESS,
5840,2025-11-05 00:19:09,4787,,WITHDRAWAL,48845,SUCCESS,
5841,2025-03-02 20:06:46,2456,,WITHDRAWAL,13971,SUCCESS,
5842,2025-01-26 21:29:33,2982,344,UPI,731,SUCCESS,
5843,2025-09-30 08:43:47,1323,3166,IMPS,50172,SUCCESS,
5844,2025-08-11 17:40:40,4688,1308,FUND TRANSFER,220311,SUCCESS,
5845,2025-11-02 04:39:52,4325,2772,UPI,1764,SUCCESS,
5846,2025-08-21 08:38:01,1590,4428,UPI,9432,SUCCESS,
5847,2025-02-23 13:32:54,1860,,ATM WITHDRAWAL,9597,SUCCESS,
5848,2025-06-03 21:02:46,4386,867,FUND TRANSFER,282009,SUCCESS,
5849,2025-03-19 13:03:15,2849,1813,NEFT,148489,SUCCESS,
5850,2025-04-20 14:59:20,1987,,WITHDRAWAL,30948,SUCCESS,
5851,2025-09-08 02:35:00,4094,,WITHDRAWAL,10997,SUCCESS,
5852,2025-07-26 08:42:14,1695,,WITHDRAWAL,4967,SUCCESS,
5853,2025-10-09 03:04:03,1159,,WITHDRAWAL,7956,SUCCESS,
5854,2025-02-23 09:26:59,3712,1253,UPI,6018,SUCCESS,
5855,2025-12-25 23:11:41,4740,,ATM WITHDRAWAL,3452,SUCCESS,
5856,2025-12-01 03:08:24,3733,154,UPI,5536,SUCCESS,
5857,2025-04-29 07:07:18,2926,1623,UPI,6454,SUCCESS,
5858,2025-09-04 12:13:35,1509,2992,IMPS,56124,SUCCESS,
5859,2025-08-14 11:25:02,4119,,WITHDRAWAL,47736,SUCCESS,
5860,2025-12-14 00:39:32,4027,,DEPOSIT,41593,SUCCESS,
5861,2025-08-22 04:59:56,4621,3054,IMPS,179792,SUCCESS,
5862,2025-01-06 08:01:29,134,1584,FUND TRANSFER,273852,SUCCESS,
5863,2025-12-24 14:04:22,941,867,FUND TRANSFER,658991,SUCCESS,
5864,2025-10-14 17:58:49,1435,3764,UPI,5768,SUCCESS,
5865,2025-02-02 07:22:34,970,3679,IMPS,106955,SUCCESS,
5866,2025-04-06 00:53:57,85,4366,FUND TRANSFER,541439,SUCCESS,
5867,2025-09-16 13:05:35,4861,3566,FUND TRANSFER,283210,SUCCESS,
5868,2025-04-12 13:39:13,458,,WITHDRAWAL,37231,SUCCESS,
5869,2025-12-01 19:53:49,541,4639,UPI,1972,SUCCESS,
5870,2025-01-17 17:39:46,3853,100,FUND TRANSFER,268749,SUCCESS,
5871,2025-07-30 13:39:13,3161,3582,UPI,4913,SUCCESS,
5872,2025-04-08 13:49:21,324,658,FUND TRANSFER,429879,SUCCESS,
5873,2025-11-01 23:41:52,4839,30,UPI,6106,SUCCESS,
5874,2025-08-25 21:03:48,2962,,ATM WITHDRAWAL,6852,SUCCESS,
5875,2025-06-28 01:37:08,225,3027,FUND TRANSFER,424265,SUCCESS,
5876,2025-03-18 22:57:53,3934,,WITHDRAWAL,15789,SUCCESS,
5877,2025-04-23 08:43:27,2858,2872,NEFT,479364,SUCCESS,
5878,2025-04-18 05:17:27,3269,3134,FUND TRANSFER,518983,SUCCESS,
5879,2025-11-13 17:24:08,31,2138,IMPS,149110,SUCCESS,
5880,2025-02-21 06:18:06,1124,653,NEFT,498638,SUCCESS,
5881,2025-05-25 10:06:04,3257,4005,FUND TRANSFER,301287,SUCCESS,
5882,2025-08-02 21:20:49,3115,4869,UPI,8975,SUCCESS,
5883,2025-11-21 05:49:48,426,71,UPI,5542,SUCCESS,
5884,2025-03-14 05:59:50,1340,1038,FUND TRANSFER,14728,SUCCESS,
5885,2025-04-01 03:20:34,4250,,WITHDRAWAL,35344,SUCCESS,
5886,2025-07-25 17:34:53,4675,1507,UPI,549,SUCCESS,
5887,2025-08-13 23:02:07,39,,ATM WITHDRAWAL,703,SUCCESS,
5888,2025-04-21 16:55:22,987,,WITHDRAWAL,33925,SUCCESS,
5889,2025-04-17 10:01:52,2109,,DEPOSIT,90292,SUCCESS,
5890,2025-03-02 02:00:38,3172,1471,IMPS,146676,SUCCESS,
5891,2025-03-02 01:14:14,2647,,ATM WITHDRAWAL,8911,SUCCESS,
5892,2025-10-03 02:17:01,420,,ATM WITHDRAWAL,9880,SUCCESS,
5893,2025-06-09 12:10:26,1608,2959,IMPS,123044,SUCCESS,
5894,2025-03-31 20:07:06,93,,ATM WITHDRAWAL,542,SUCCESS,
5895,2025-08-01 19:25:24,4530,,DEPOSIT,94153,SUCCESS,
5896,2025-08-31 22:32:42,2106,99,UPI,8294,SUCCESS,
5897,2025-08-25 14:37:41,249,4704,IMPS,132095,SUCCESS,
5898,2025-03-28 04:19:04,2602,3813,NEFT,386673,SUCCESS,
5899,2025-12-07 07:49:37,867,,ATM WITHDRAWAL,4522,SUCCESS,
5900,2025-12-28 05:41:01,4600,,DEPOSIT,36764,SUCCESS,
5901,2025-01-23 09:36:49,3577,4636,NEFT,320020,SUCCESS,
5902,2025-08-02 19:30:15,956,3898,IMPS,83177,FAILED,Invalid Account
5903,2025-07-12 03:17:32,3186,608,UPI,8587,SUCCESS,
5904,2025-06-11 12:51:15,4018,,DEPOSIT,65279,SUCCESS,
5905,2025-04-11 19:20:00,785,,DEPOSIT,25789,SUCCESS,
5906,2025-06-02 10:37:51,2914,3074,UPI,4465,SUCCESS,
5907,2025-11-09 23:12:33,929,,ATM WITHDRAWAL,6382,SUCCESS,
5908,2025-10-25 20:38:21,1439,,ATM WITHDRAWAL,6842,SUCCESS,
5909,2025-11-29 01:12:09,2895,3513,NEFT,308044,SUCCESS,
5910,2025-06-24 09:41:10,531,4062,FUND TRANSFER,743303,FAILED,Invalid Account
5911,2025-07-27 02:09:55,525,,DEPOSIT,85706,SUCCESS,
5912,2025-02-08 10:05:23,3730,,WITHDRAWAL,33997,FAILED,Insufficient Balance
5913,2025-12-05 11:56:00,1024,4880,FUND TRANSFER,688447,SUCCESS,
5914,2025-02-16 01:01:16,3835,3933,IMPS,19951,SUCCESS,
5915,2025-09-26 19:09:23,864,2755,FUND TRANSFER,632082,SUCCESS,
5916,2025-08-06 23:42:54,3293,4104,FUND TRANSFER,61091,SUCCESS,
5917,2025-07-20 04:30:30,2173,3273,FUND TRANSFER,18579,SUCCESS,
5918,2025-03-29 06:01:13,3776,1191,FUND TRANSFER,498556,SUCCESS,
5919,2025-07-25 00:53:57,2844,,ATM WITHDRAWAL,1253,SUCCESS,
5920,2025-11-29 22:36:20,2479,,ATM WITHDRAWAL,6741,SUCCESS,
5921,2025-09-19 02:05:57,987,4887,NEFT,321529,SUCCESS,
5922,2025-10-25 00:15:28,4995,,INTEREST CREDIT,9375,SUCCESS,
5923,2025-09-04 10:49:37,492,1334,FUND TRANSFER,716364,FAILED,Network Timeout
5924,2025-01-05 00:38:25,3445,4872,IMPS,92128,SUCCESS,
5925,2025-02-07 12:57:39,1384,,ATM WITHDRAWAL,4055,SUCCESS,
5926,2025-02-20 20:27:29,1050,,DEPOSIT,85090,SUCCESS,
5927,2025-09-01 17:18:12,2083,1056,NEFT,476762,SUCCESS,
5928,2025-11-10 08:54:08,1941,,DEPOSIT,92412,SUCCESS,
5929,2025-06-01 08:33:11,892,3626,UPI,9293,SUCCESS,
5930,2025-06-07 06:12:55,3476,4574,UPI,9876,SUCCESS,
5931,2025-07-17 00:42:06,4988,,INTEREST CREDIT,17173,SUCCESS,
5932,2025-02-20 21:57:41,3034,,ATM WITHDRAWAL,4648,SUCCESS,
5933,2025-08-21 10:31:28,4508,,WITHDRAWAL,12156,SUCCESS,
5934,2025-12-14 01:23:09,2432,2268,NEFT,53891,SUCCESS,
5935,2025-06-19 18:18:48,788,3156,UPI,974,SUCCESS,
5936,2025-09-11 15:39:18,2625,970,IMPS,69697,SUCCESS,
5937,2025-12-04 02:28:32,2158,,WITHDRAWAL,11362,SUCCESS,
5938,2025-12-05 07:26:11,2683,1470,UPI,2306,SUCCESS,
5939,2025-11-01 00:09:28,4871,4936,IMPS,7255,SUCCESS,
5940,2025-03-27 14:24:51,4293,,WITHDRAWAL,3171,SUCCESS,
5941,2025-04-09 00:41:58,4989,,ATM WITHDRAWAL,1981,SUCCESS,
5942,2025-07-06 12:08:03,439,2924,FUND TRANSFER,351865,SUCCESS,
5943,2025-10-30 06:59:51,2932,3566,NEFT,437734,SUCCESS,
5944,2025-09-06 10:01:47,3271,4842,UPI,1997,SUCCESS,
5945,2025-11-29 15:16:22,3080,,WITHDRAWAL,30708,SUCCESS,
5946,2025-03-12 18:21:11,83,4109,UPI,3604,SUCCESS,
5947,2025-06-26 11:40:10,3251,,ATM WITHDRAWAL,5110,SUCCESS,
5948,2025-09-26 21:31:37,1606,2481,FUND TRANSFER,398459,SUCCESS,
5949,2025-04-09 03:43:29,1661,1020,UPI,6104,SUCCESS,
5950,2025-03-10 05:58:45,4852,3502,FUND TRANSFER,506155,FAILED,Account Blocked
5951,2025-09-11 10:33:50,1145,,WITHDRAWAL,38133,SUCCESS,
5952,2025-05-04 09:20:30,901,3491,IMPS,97564,SUCCESS,
5953,2025-07-16 00:50:27,2388,,WITHDRAWAL,16934,SUCCESS,
5954,2025-09-17 08:44:00,3605,,DEPOSIT,56638,SUCCESS,
5955,2025-06-18 05:47:16,3065,3210,FUND TRANSFER,366364,SUCCESS,
5956,2025-09-05 09:01:21,1267,378,IMPS,92329,FAILED,Invalid Account
5957,2025-03-31 15:42:12,3730,,WITHDRAWAL,8343,SUCCESS,
5958,2025-06-11 09:49:42,2267,,INTEREST CREDIT,10450,SUCCESS,
5959,2025-04-28 00:46:45,1024,,DEPOSIT,99509,SUCCESS,
5960,2025-03-24 08:14:18,2449,,WITHDRAWAL,34934,SUCCESS,
5961,2025-11-25 20:59:08,133,2935,UPI,5143,SUCCESS,
5962,2025-09-13 06:04:17,4313,720,UPI,1231,SUCCESS,
5963,2025-06-13 08:19:18,3288,3091,UPI,2597,SUCCESS,
5964,2025-03-14 04:57:04,4522,569,UPI,1852,SUCCESS,
5965,2025-01-14 04:57:10,1848,,WITHDRAWAL,13815,SUCCESS,
5966,2025-04-02 16:14:28,2383,47,FUND TRANSFER,738110,SUCCESS,
5967,2025-05-31 11:51:46,1916,1418,FUND TRANSFER,418499,SUCCESS,
5968,2025-03-31 20:50:14,3193,3847,FUND TRANSFER,205470,SUCCESS,
5969,2025-08-24 13:02:01,2920,3571,UPI,4636,SUCCESS,
5970,2025-09-16 12:08:54,1381,3356,UPI,5884,SUCCESS,
5971,2025-02-16 00:27:02,3243,4040,FUND TRANSFER,785284,SUCCESS,
5972,2025-08-11 11:44:37,3842,,ATM WITHDRAWAL,5565,SUCCESS,
5973,2025-06-09 22:17:08,3361,2428,FUND TRANSFER,581995,SUCCESS,
5974,2025-07-07 02:07:30,1361,688,FUND TRANSFER,177191,SUCCESS,
5975,2025-02-05 16:18:37,3836,1937,NEFT,321296,SUCCESS,
5976,2025-06-01 00:52:02,1490,,INTEREST CREDIT,13837,FAILED,Insufficient Balance
5977,2025-01-29 23:00:17,3870,3648,FUND TRANSFER,143169,SUCCESS,
5978,2025-05-31 18:35:35,4589,3544,UPI,4280,SUCCESS,
5979,2025-06-13 06:57:19,2587,2652,UPI,6534,SUCCESS,
5980,2025-07-14 09:57:45,2594,,WITHDRAWAL,33550,SUCCESS,
5981,2025-12-14 21:08:13,4771,2758,FUND TRANSFER,973587,SUCCESS,
5982,2025-08-09 00:59:25,3092,2692,UPI,539,SUCCESS,
5983,2025-08-07 05:16:55,394,,WITHDRAWAL,24614,SUCCESS,
5984,2025-07-23 23:31:39,2126,1972,FUND TRANSFER,664170,SUCCESS,
5985,2025-11-20 05:58:26,3670,,WITHDRAWAL,27378,SUCCESS,
5986,2025-09-28 12:15:18,1148,,DEPOSIT,33240,SUCCESS,
5987,2025-10-06 16:26:22,902,,DEPOSIT,81469,SUCCESS,
5988,2025-11-26 19:27:24,381,2626,FUND TRANSFER,983132,SUCCESS,
5989,2025-01-05 14:44:28,1572,3498,IMPS,168616,SUCCESS,
5990,2025-02-04 18:09:43,3505,4560,FUND TRANSFER,352866,SUCCESS,
5991,2025-03-10 08:22:48,1863,1314,UPI,8047,SUCCESS,
5992,2025-07-25 01:39:32,4039,,ATM WITHDRAWAL,1303,SUCCESS,
5993,2025-11-06 16:29:46,749,555,FUND TRANSFER,856909,SUCCESS,
5994,2025-08-08 08:13:20,2720,,WITHDRAWAL,47271,SUCCESS,
5995,2025-12-25 08:53:11,2244,2252,IMPS,7836,SUCCESS,
5996,2025-08-09 07:45:01,976,,WITHDRAWAL,11835,SUCCESS,
5997,2025-05-30 13:47:54,4863,4825,UPI,4139,SUCCESS,
5998,2025-06-01 21:49:32,1931,,WITHDRAWAL,2227,SUCCESS,
5999,2025-03-20 20:50:16,3991,384,FUND TRANSFER,371933,SUCCESS,
6000,2025-02-02 09:21:14,3895,445,FUND TRANSFER,679413,SUCCESS,
6001,2025-05-15 19:57:56,865,2180,NEFT,60250,SUCCESS,
6002,2025-08-06 09:55:33,676,3109,IMPS,174947,SUCCESS,
6003,2025-12-10 02:37:15,519,,ATM WITHDRAWAL,9976,SUCCESS,
6004,2025-02-02 22:07:00,4368,4429,IMPS,44936,SUCCESS,
6005,2025-04-13 05:45:52,1535,,ATM WITHDRAWAL,6386,SUCCESS,
6006,2025-05-30 21:13:06,226,4726,UPI,2490,SUCCESS,
6007,2025-12-06 10:07:49,2238,2686,FUND TRANSFER,360289,SUCCESS,
6008,2025-02-22 17:15:47,795,3234,UPI,4106,SUCCESS,
6009,2025-02-16 20:01:26,3359,,ATM WITHDRAWAL,4028,SUCCESS,
6010,2025-10-01 05:58:23,4974,1935,NEFT,89641,SUCCESS,
6011,2025-12-20 14:52:03,1292,,DEPOSIT,7891,SUCCESS,
6012,2025-10-26 01:07:29,4497,3524,UPI,7295,SUCCESS,
6013,2025-04-17 11:52:50,3772,2045,FUND TRANSFER,615013,SUCCESS,
6014,2025-09-15 01:39:24,2149,,ATM WITHDRAWAL,6362,SUCCESS,
6015,2025-08-03 10:37:52,2763,3572,FUND TRANSFER,574692,FAILED,Invalid Account
6016,2025-01-01 00:49:46,3062,1121,FUND TRANSFER,903071,SUCCESS,
6017,2025-07-25 01:46:19,1143,4746,UPI,1183,SUCCESS,
6018,2025-03-18 21:47:29,951,,ATM WITHDRAWAL,7731,SUCCESS,
6019,2025-07-23 14:24:57,3431,,ATM WITHDRAWAL,1221,SUCCESS,
6020,2025-01-15 16:58:39,2878,1425,UPI,240,SUCCESS,
6021,2025-11-20 14:07:31,1465,2013,FUND TRANSFER,966098,SUCCESS,
6022,2025-08-31 12:41:25,302,1860,UPI,6648,SUCCESS,
6023,2025-11-12 16:19:56,3702,661,FUND TRANSFER,184156,SUCCESS,
6024,2025-02-13 03:23:57,4093,2041,NEFT,352454,SUCCESS,
6025,2025-06-23 07:58:21,2392,805,FUND TRANSFER,228714,SUCCESS,
6026,2025-05-05 14:38:24,2223,9,UPI,6017,SUCCESS,
6027,2025-01-27 11:14:21,1424,2595,UPI,1858,SUCCESS,
6028,2025-04-17 05:37:23,3654,1931,UPI,827,FAILED,Daily Limit Exceeded
6029,2025-10-14 09:46:23,2490,4960,FUND TRANSFER,462151,SUCCESS,
6030,2025-01-05 16:54:24,239,,ATM WITHDRAWAL,1257,SUCCESS,
6031,2025-03-26 20:59:59,2979,,ATM WITHDRAWAL,9719,SUCCESS,
6032,2025-12-31 16:15:43,3590,,ATM WITHDRAWAL,9697,SUCCESS,
6033,2025-02-21 00:21:59,2610,1876,IMPS,4053,SUCCESS,
6034,2025-09-14 21:28:05,625,3901,UPI,3650,SUCCESS,
6035,2025-01-24 23:41:55,3769,,ATM WITHDRAWAL,1431,SUCCESS,
6036,2025-07-14 07:26:43,4704,492,IMPS,109355,SUCCESS,
6037,2025-08-12 06:15:53,1203,2561,UPI,1007,SUCCESS,
6038,2025-09-10 21:38:10,3898,4858,FUND TRANSFER,721583,SUCCESS,
6039,2025-08-01 07:31:43,1845,,ATM WITHDRAWAL,3945,SUCCESS,
6040,2025-06-02 11:15:31,1201,4380,FUND TRANSFER,399718,SUCCESS,
6041,2025-02-05 23:21:27,1850,472,FUND TRANSFER,920054,SUCCESS,
6042,2025-09-15 14:23:24,2021,,ATM WITHDRAWAL,209,SUCCESS,
6043,2025-05-06 05:05:07,4760,3277,UPI,152,SUCCESS,
6044,2025-04-09 13:53:09,4445,3634,IMPS,153344,SUCCESS,
6045,2025-07-14 00:01:56,4922,,ATM WITHDRAWAL,7651,SUCCESS,
6046,2025-10-10 05:47:51,3754,,ATM WITHDRAWAL,5466,SUCCESS,
6047,2025-11-27 05:02:35,3002,,DEPOSIT,58376,SUCCESS,
6048,2025-08-23 13:36:23,3701,446,IMPS,65308,SUCCESS,
6049,2025-02-09 12:01:50,428,,INTEREST CREDIT,24897,SUCCESS,
6050,2025-07-23 02:53:39,3518,1815,FUND TRANSFER,914827,SUCCESS,
6051,2025-02-14 18:37:18,947,1215,IMPS,52656,SUCCESS,
6052,2025-12-20 13:44:42,2991,,WITHDRAWAL,2837,SUCCESS,
6053,2025-02-04 04:55:19,3471,488,UPI,1674,SUCCESS,
6054,2025-03-10 03:02:49,2427,3391,FUND TRANSFER,111622,SUCCESS,
6055,2025-07-29 07:32:28,3402,2803,UPI,6093,SUCCESS,
6056,2025-08-28 20:28:48,476,3090,IMPS,113227,SUCCESS,
6057,2025-11-10 21:12:54,1009,3745,NEFT,258425,SUCCESS,
6058,2025-03-12 14:17:43,1389,,DEPOSIT,70857,SUCCESS,
6059,2025-06-15 19:04:22,4190,1917,UPI,3892,SUCCESS,
6060,2025-09-08 05:07:27,1716,12,FUND TRANSFER,690046,SUCCESS,
6061,2025-08-30 03:29:40,2864,,ATM WITHDRAWAL,7775,SUCCESS,
6062,2025-01-22 13:34:10,3962,2018,UPI,4144,SUCCESS,
6063,2025-01-18 14:27:31,3241,647,UPI,3752,SUCCESS,
6064,2025-01-15 19:24:52,2598,,WITHDRAWAL,26196,SUCCESS,
6065,2025-12-30 05:49:15,1647,,ATM WITHDRAWAL,7232,SUCCESS,
6066,2025-09-27 11:21:11,3689,241,UPI,7754,SUCCESS,
6067,2025-09-06 06:19:45,729,845,UPI,9499,SUCCESS,
6068,2025-01-22 15:46:22,3661,2008,FUND TRANSFER,874826,SUCCESS,
6069,2025-03-17 22:23:20,3213,,WITHDRAWAL,17791,SUCCESS,
6070,2025-01-27 21:52:38,259,,ATM WITHDRAWAL,2018,SUCCESS,
6071,2025-05-26 10:44:48,550,3406,UPI,3987,SUCCESS,
6072,2025-02-23 05:51:21,1288,,DEPOSIT,16144,SUCCESS,
6073,2025-01-21 06:56:36,38,332,NEFT,482678,SUCCESS,
6074,2025-07-06 04:29:02,3116,4797,FUND TRANSFER,43757,SUCCESS,
6075,2025-05-16 05:52:51,198,4259,FUND TRANSFER,265404,SUCCESS,
6076,2025-05-14 22:56:53,4183,3593,NEFT,437492,SUCCESS,
6077,2025-05-12 03:32:31,3707,1109,FUND TRANSFER,982253,SUCCESS,
6078,2025-05-29 15:01:18,2233,,ATM WITHDRAWAL,9632,SUCCESS,
6079,2025-06-10 11:00:19,205,1702,FUND TRANSFER,452746,SUCCESS,
6080,2025-06-27 16:28:04,1218,2323,UPI,1221,SUCCESS,
6081,2025-08-25 14:16:46,4708,80,IMPS,61287,SUCCESS,
6082,2025-09-11 17:19:50,694,3336,FUND TRANSFER,580877,SUCCESS,
6083,2025-01-13 09:54:45,4663,1007,UPI,3745,SUCCESS,
6084,2025-01-01 13:25:47,1830,1261,FUND TRANSFER,713859,SUCCESS,
6085,2025-10-13 19:27:11,3744,,DEPOSIT,19691,SUCCESS,
6086,2025-02-11 03:54:59,3475,2433,IMPS,111770,SUCCESS,
6087,2025-07-03 07:45:45,1045,,INTEREST CREDIT,6373,SUCCESS,
6088,2025-07-27 05:42:58,823,1579,FUND TRANSFER,627888,SUCCESS,
6089,2025-08-29 01:13:23,1328,,ATM WITHDRAWAL,4002,SUCCESS,
6090,2025-04-07 10:06:08,1778,3138,UPI,3684,SUCCESS,
6091,2025-08-05 05:23:54,3036,1103,NEFT,69468,SUCCESS,
6092,2025-07-10 20:43:36,802,,DEPOSIT,39467,SUCCESS,
6093,2025-06-10 14:34:37,1527,296,UPI,8118,SUCCESS,
6094,2025-09-12 14:52:08,293,1652,UPI,8764,SUCCESS,
6095,2025-11-29 13:47:47,186,3397,FUND TRANSFER,458335,SUCCESS,
6096,2025-05-30 09:58:18,2621,,ATM WITHDRAWAL,4969,SUCCESS,
6097,2025-04-11 07:49:40,192,1667,FUND TRANSFER,480185,SUCCESS,
6098,2025-07-16 19:26:50,440,,ATM WITHDRAWAL,9741,SUCCESS,
6099,2025-05-27 05:58:20,3935,412,UPI,9852,SUCCESS,
6100,2025-01-08 10:50:17,611,4488,FUND TRANSFER,535347,SUCCESS,
6101,2025-09-11 13:57:56,1540,3811,UPI,9643,SUCCESS,
6102,2025-06-14 08:55:32,3239,4625,UPI,1810,SUCCESS,
6103,2025-01-10 17:41:23,833,199,NEFT,149329,SUCCESS,
6104,2025-02-13 14:48:15,4335,,ATM WITHDRAWAL,7914,SUCCESS,
6105,2025-02-04 07:29:10,2159,4710,FUND TRANSFER,4468,SUCCESS,
6106,2025-04-26 03:59:09,2327,280,FUND TRANSFER,732585,SUCCESS,
6107,2025-02-19 20:06:46,2182,,ATM WITHDRAWAL,910,SUCCESS,
6108,2025-12-24 05:08:24,1375,,ATM WITHDRAWAL,1181,SUCCESS,
6109,2025-04-17 21:00:40,2036,4138,FUND TRANSFER,18594,SUCCESS,
6110,2025-04-07 22:58:34,1544,,WITHDRAWAL,32857,SUCCESS,
6111,2025-08-07 10:12:16,2767,,WITHDRAWAL,33019,SUCCESS,
6112,2025-09-15 01:19:42,557,,ATM WITHDRAWAL,2847,SUCCESS,
6113,2025-10-10 14:07:33,3501,,ATM WITHDRAWAL,1590,SUCCESS,
6114,2025-05-25 02:14:27,4248,1334,IMPS,29746,SUCCESS,
6115,2025-12-29 07:27:10,2747,,WITHDRAWAL,8437,SUCCESS,
6116,2025-02-14 00:55:01,3500,3111,FUND TRANSFER,350887,SUCCESS,
6117,2025-10-27 22:56:07,96,4971,IMPS,199465,SUCCESS,
6118,2025-04-28 17:17:58,4364,4760,FUND TRANSFER,537577,SUCCESS,
6119,2025-11-01 05:20:57,2081,,DEPOSIT,771,SUCCESS,
6120,2025-06-28 13:45:55,3180,2322,UPI,341,SUCCESS,
6121,2025-06-12 14:42:50,1319,2538,FUND TRANSFER,764707,SUCCESS,
6122,2025-02-21 19:40:49,3589,378,NEFT,328303,SUCCESS,
6123,2025-04-19 21:55:45,3819,,ATM WITHDRAWAL,9177,SUCCESS,
6124,2025-06-13 16:24:49,2560,,DEPOSIT,98830,SUCCESS,
6125,2025-07-23 19:45:06,2462,,ATM WITHDRAWAL,3094,FAILED,Account Blocked
6126,2025-11-11 05:41:37,1933,2281,UPI,5563,SUCCESS,
6127,2025-08-27 15:20:30,3266,,WITHDRAWAL,49888,SUCCESS,
6128,2025-07-27 01:06:14,803,,ATM WITHDRAWAL,9339,SUCCESS,
6129,2025-07-22 06:44:58,622,3445,NEFT,488983,SUCCESS,
6130,2025-03-19 02:40:53,3676,,ATM WITHDRAWAL,7395,SUCCESS,
6131,2025-03-29 08:32:07,76,,WITHDRAWAL,14598,SUCCESS,
6132,2025-03-08 09:54:25,1819,,DEPOSIT,18998,SUCCESS,
6133,2025-08-28 17:39:58,3821,2073,NEFT,438397,SUCCESS,
6134,2025-07-08 08:20:30,541,,ATM WITHDRAWAL,2974,SUCCESS,
6135,2025-06-12 21:07:29,1355,240,FUND TRANSFER,461491,SUCCESS,
6136,2025-10-01 06:02:45,1553,615,UPI,9016,SUCCESS,
6137,2025-12-15 03:42:56,449,,DEPOSIT,2373,SUCCESS,
6138,2025-05-15 13:40:22,3823,,DEPOSIT,69986,SUCCESS,
6139,2025-08-13 06:34:31,3876,3262,IMPS,57662,SUCCESS,
6140,2025-12-09 18:15:12,1624,2180,UPI,2356,SUCCESS,
6141,2025-12-20 15:43:23,2856,267,IMPS,93991,SUCCESS,
6142,2025-02-22 19:16:52,4885,,INTEREST CREDIT,20060,SUCCESS,
6143,2025-04-26 21:12:00,1595,766,UPI,6379,SUCCESS,
6144,2025-04-25 01:29:50,3485,,DEPOSIT,53782,SUCCESS,
6145,2025-07-27 11:13:13,3392,4710,FUND TRANSFER,762672,SUCCESS,
6146,2025-02-06 02:12:07,3873,1331,UPI,998,SUCCESS,
6147,2025-04-15 00:17:04,3067,,WITHDRAWAL,24594,SUCCESS,
6148,2025-11-20 22:46:54,4649,,DEPOSIT,85131,SUCCESS,
6149,2025-05-27 18:37:06,4974,1004,UPI,9339,SUCCESS,
6150,2025-02-19 01:16:36,2560,,WITHDRAWAL,11098,SUCCESS,
6151,2025-05-04 10:30:08,1908,30,UPI,5452,SUCCESS,
6152,2025-10-17 01:13:20,2427,,WITHDRAWAL,28792,SUCCESS,
6153,2025-07-20 01:58:31,2764,812,UPI,285,SUCCESS,
6154,2025-07-22 01:27:20,4282,1584,IMPS,47273,FAILED,Invalid Account
6155,2025-05-11 09:11:27,2887,3573,FUND TRANSFER,53437,SUCCESS,
6156,2025-06-21 09:10:40,4202,2564,UPI,1160,SUCCESS,
6157,2025-09-08 21:30:15,3637,4685,NEFT,185666,SUCCESS,
6158,2025-11-05 13:37:45,956,,ATM WITHDRAWAL,7927,SUCCESS,
6159,2025-09-08 00:39:59,573,1157,FUND TRANSFER,490672,SUCCESS,
6160,2025-05-23 23:41:08,2950,1084,FUND TRANSFER,157787,SUCCESS,
6161,2025-04-07 19:46:12,4204,2038,UPI,2076,FAILED,Invalid Account
6162,2025-12-28 23:47:39,2395,,ATM WITHDRAWAL,4704,SUCCESS,
6163,2025-12-12 22:35:10,1999,,INTEREST CREDIT,15227,SUCCESS,
6164,2025-04-13 19:32:40,4548,1475,IMPS,87595,SUCCESS,
6165,2025-09-28 18:37:24,1048,3417,UPI,3693,SUCCESS,
6166,2025-06-20 16:43:48,2339,,ATM WITHDRAWAL,1566,SUCCESS,
6167,2025-11-11 22:17:31,2075,,DEPOSIT,23354,SUCCESS,
6168,2025-04-22 14:58:12,2059,502,FUND TRANSFER,890921,SUCCESS,
6169,2025-12-16 10:12:28,4670,2807,UPI,3523,SUCCESS,
6170,2025-11-03 22:39:08,4766,1089,UPI,8111,SUCCESS,
6171,2025-03-03 01:01:41,844,2177,FUND TRANSFER,407002,SUCCESS,
6172,2025-04-12 06:56:16,4819,,WITHDRAWAL,35711,SUCCESS,
6173,2025-10-16 04:38:10,386,2009,FUND TRANSFER,385919,SUCCESS,
6174,2025-12-20 23:37:26,4503,,ATM WITHDRAWAL,6629,SUCCESS,
6175,2025-07-26 16:33:08,877,,WITHDRAWAL,36444,SUCCESS,
6176,2025-12-12 01:42:59,3644,2209,UPI,6026,SUCCESS,
6177,2025-03-14 04:18:16,4383,,DEPOSIT,5610,SUCCESS,
6178,2025-06-12 04:51:22,2047,211,IMPS,118587,SUCCESS,
6179,2025-02-06 17:55:41,1292,,INTEREST CREDIT,12462,SUCCESS,
6180,2025-05-02 03:23:56,1564,,ATM WITHDRAWAL,8355,SUCCESS,
6181,2025-05-07 16:41:07,1975,,ATM WITHDRAWAL,6882,SUCCESS,
6182,2025-02-17 10:15:54,2105,360,FUND TRANSFER,812780,SUCCESS,
6183,2025-06-06 19:25:02,2695,,ATM WITHDRAWAL,4876,SUCCESS,
6184,2025-03-17 04:39:12,4831,,WITHDRAWAL,5176,SUCCESS,
6185,2025-06-23 12:31:11,256,3610,NEFT,376872,SUCCESS,
6186,2025-08-14 16:45:16,4107,,ATM WITHDRAWAL,820,SUCCESS,
6187,2025-09-06 20:42:47,595,2744,IMPS,162008,SUCCESS,
6188,2025-01-07 07:36:12,4026,,WITHDRAWAL,6747,SUCCESS,
6189,2025-08-02 10:30:56,3896,,DEPOSIT,90745,SUCCESS,
6190,2025-03-07 07:10:01,4620,,DEPOSIT,20453,SUCCESS,
6191,2025-02-05 03:40:09,3846,,ATM WITHDRAWAL,6380,SUCCESS,
6192,2025-08-22 13:39:11,1924,,ATM WITHDRAWAL,8967,SUCCESS,
6193,2025-03-08 08:38:11,2494,1401,FUND TRANSFER,938691,SUCCESS,
6194,2025-10-15 06:59:38,3532,2327,FUND TRANSFER,664024,SUCCESS,
6195,2025-08-29 06:33:05,3193,908,NEFT,433027,SUCCESS,
6196,2025-08-03 08:52:23,1226,,ATM WITHDRAWAL,1197,SUCCESS,
6197,2025-03-22 13:29:15,3556,,DEPOSIT,50738,SUCCESS,
6198,2025-03-12 01:21:16,3402,105,NEFT,241203,SUCCESS,
6199,2025-08-21 07:09:28,116,,ATM WITHDRAWAL,4723,SUCCESS,
6200,2025-07-06 04:51:43,4243,1450,FUND TRANSFER,977379,SUCCESS,
6201,2025-06-21 17:15:24,2657,,WITHDRAWAL,23300,SUCCESS,
6202,2025-01-25 13:20:22,2039,1897,UPI,9744,SUCCESS,
6203,2025-07-27 03:53:52,229,,ATM WITHDRAWAL,8672,SUCCESS,
6204,2025-11-08 05:49:08,1053,4710,NEFT,140919,SUCCESS,
6205,2025-02-22 08:52:19,4447,,WITHDRAWAL,28102,SUCCESS,
6206,2025-09-18 02:47:09,680,4244,UPI,5860,SUCCESS,
6207,2025-01-02 21:21:31,4019,4034,UPI,2822,SUCCESS,
6208,2025-02-04 02:31:15,3439,3390,NEFT,87473,SUCCESS,
6209,2025-02-28 18:32:51,3463,,WITHDRAWAL,15803,SUCCESS,
6210,2025-03-12 23:52:29,2919,4748,FUND TRANSFER,836810,SUCCESS,
6211,2025-12-22 16:38:42,4018,,DEPOSIT,5840,SUCCESS,
6212,2025-09-09 09:56:29,4466,,DEPOSIT,19584,SUCCESS,
6213,2025-10-14 23:57:30,2911,,WITHDRAWAL,9859,SUCCESS,
6214,2025-07-31 19:17:10,2519,1832,UPI,9645,SUCCESS,
6215,2025-12-23 23:20:03,3682,,INTEREST CREDIT,20813,SUCCESS,
6216,2025-05-17 21:34:54,4974,,ATM WITHDRAWAL,1629,SUCCESS,
6217,2025-10-31 09:36:40,2792,,ATM WITHDRAWAL,5920,SUCCESS,
6218,2025-04-08 20:12:36,4285,4744,NEFT,318883,FAILED,Insufficient Balance
6219,2025-05-17 07:21:26,4321,,ATM WITHDRAWAL,8323,SUCCESS,
6220,2025-09-13 14:44:16,4430,3498,NEFT,41120,SUCCESS,
6221,2025-06-30 15:46:34,4420,,INTEREST CREDIT,19496,SUCCESS,
6222,2025-05-31 18:31:12,947,,ATM WITHDRAWAL,4645,SUCCESS,
6223,2025-03-28 14:14:38,2355,4554,IMPS,61386,SUCCESS,
6224,2025-05-07 23:45:10,4286,,WITHDRAWAL,33311,SUCCESS,
6225,2025-11-24 12:49:46,2411,212,IMPS,191740,SUCCESS,
6226,2025-12-04 17:17:14,1953,,DEPOSIT,18347,SUCCESS,
6227,2025-01-25 18:59:23,1162,2726,UPI,8962,SUCCESS,
6228,2025-05-04 00:38:07,2513,902,FUND TRANSFER,359692,SUCCESS,
6229,2025-04-16 21:24:53,4165,,DEPOSIT,99762,SUCCESS,
6230,2025-05-23 05:19:13,4611,,DEPOSIT,5754,SUCCESS,
6231,2025-04-19 08:36:24,4071,2710,UPI,645,SUCCESS,
6232,2025-10-07 10:50:57,2854,,INTEREST CREDIT,22216,SUCCESS,
6233,2025-01-01 21:07:46,2362,1254,UPI,2726,SUCCESS,
6234,2025-12-04 00:01:43,2709,,ATM WITHDRAWAL,1088,SUCCESS,
6235,2025-04-08 14:41:03,1738,268,IMPS,22499,SUCCESS,
6236,2025-07-08 08:24:43,2184,1910,FUND TRANSFER,282693,SUCCESS,
6237,2025-03-28 10:27:18,1403,,ATM WITHDRAWAL,8411,SUCCESS,
6238,2025-01-21 16:06:02,574,2984,IMPS,176307,FAILED,Network Timeout
6239,2025-06-27 16:32:07,1981,,WITHDRAWAL,47905,SUCCESS,
6240,2025-01-09 14:01:59,4574,740,UPI,2039,SUCCESS,
6241,2025-02-22 11:28:01,2271,,WITHDRAWAL,25879,SUCCESS,
6242,2025-04-03 03:14:53,724,2496,UPI,4769,SUCCESS,
6243,2025-06-11 08:47:36,2576,2745,UPI,857,SUCCESS,
6244,2025-11-27 06:25:04,955,1030,FUND TRANSFER,990256,SUCCESS,
6245,2025-05-12 07:13:26,4937,3510,UPI,815,SUCCESS,
6246,2025-05-21 19:14:05,3949,,DEPOSIT,60516,SUCCESS,
6247,2025-07-25 20:26:31,3797,3620,FUND TRANSFER,405797,SUCCESS,
6248,2025-11-02 21:34:39,1631,1522,IMPS,123459,SUCCESS,
6249,2025-08-22 20:59:54,3556,,ATM WITHDRAWAL,5301,SUCCESS,
6250,2025-06-16 08:54:26,4346,297,FUND TRANSFER,582362,SUCCESS,
6251,2025-05-26 08:46:13,2455,3224,UPI,1925,SUCCESS,
6252,2025-11-30 14:17:46,4983,4426,IMPS,185070,SUCCESS,
6253,2025-04-16 06:25:20,2709,505,UPI,5999,SUCCESS,
6254,2025-10-03 10:23:33,4015,,ATM WITHDRAWAL,8227,SUCCESS,
6255,2025-07-25 21:45:07,76,1470,FUND TRANSFER,596658,SUCCESS,
6256,2025-04-29 07:55:42,440,519,UPI,4835,SUCCESS,
6257,2025-10-03 21:55:36,3744,,WITHDRAWAL,37276,FAILED,Beneficiary Not Found
6258,2025-07-16 03:59:27,4091,974,NEFT,348542,SUCCESS,
6259,2025-10-29 20:44:08,4072,4768,FUND TRANSFER,501778,SUCCESS,
6260,2025-12-24 14:46:18,2563,2829,UPI,8396,SUCCESS,
6261,2025-06-25 21:30:53,2260,,WITHDRAWAL,31130,SUCCESS,
6262,2025-01-17 03:39:40,2995,2545,FUND TRANSFER,871730,SUCCESS,
6263,2025-07-04 18:59:39,2357,,INTEREST CREDIT,9248,SUCCESS,
6264,2025-04-20 08:46:41,3745,3058,UPI,2123,SUCCESS,
6265,2025-07-30 04:54:03,3818,,ATM WITHDRAWAL,5848,SUCCESS,
6266,2025-09-20 04:51:13,4338,4552,FUND TRANSFER,891177,SUCCESS,
6267,2025-07-22 06:06:56,2254,,WITHDRAWAL,1836,SUCCESS,
6268,2025-11-23 18:49:32,704,,ATM WITHDRAWAL,5789,SUCCESS,
6269,2025-08-20 10:19:06,2620,2440,UPI,816,SUCCESS,
6270,2025-03-21 18:01:30,1358,2739,FUND TRANSFER,3415,FAILED,Daily Limit Exceeded
6271,2025-07-14 10:58:16,1121,2153,UPI,2235,SUCCESS,
6272,2025-03-13 05:44:11,2476,,DEPOSIT,76633,SUCCESS,
6273,2025-01-16 07:55:48,4693,676,NEFT,100109,SUCCESS,
6274,2025-05-12 13:01:17,3190,2690,FUND TRANSFER,346435,SUCCESS,
6275,2025-01-08 01:22:28,2516,2810,UPI,2828,SUCCESS,
6276,2025-11-03 06:50:10,1481,143,FUND TRANSFER,830612,SUCCESS,
6277,2025-08-23 15:10:06,3,,WITHDRAWAL,7701,SUCCESS,
6278,2025-03-14 23:54:26,987,,DEPOSIT,98051,SUCCESS,
6279,2025-07-27 18:23:50,1499,,DEPOSIT,10323,SUCCESS,
6280,2025-09-10 00:33:09,4552,3157,FUND TRANSFER,617838,SUCCESS,
6281,2025-05-04 02:11:38,3639,1360,UPI,9124,SUCCESS,
6282,2025-03-16 04:28:40,3820,1249,FUND TRANSFER,244537,SUCCESS,
6283,2025-01-26 21:13:12,4532,,INTEREST CREDIT,8535,SUCCESS,
6284,2025-04-04 11:59:49,3918,4844,IMPS,163371,SUCCESS,
6285,2025-04-09 05:15:05,3958,,WITHDRAWAL,33482,SUCCESS,
6286,2025-04-08 02:54:53,1396,4729,UPI,2422,SUCCESS,
6287,2025-02-08 19:27:50,4710,1564,NEFT,325066,SUCCESS,
6288,2025-01-18 18:18:44,629,,DEPOSIT,29103,SUCCESS,
6289,2025-05-22 20:50:39,2903,745,UPI,4734,SUCCESS,
6290,2025-01-12 12:02:44,115,1212,IMPS,101050,SUCCESS,
6291,2025-01-17 23:02:19,2420,4664,UPI,7036,SUCCESS,
6292,2025-07-05 16:39:58,3048,,ATM WITHDRAWAL,9656,SUCCESS,
6293,2025-11-19 13:04:45,89,,DEPOSIT,47485,SUCCESS,
6294,2025-06-04 12:02:28,3359,,DEPOSIT,6939,SUCCESS,
6295,2025-12-31 21:33:40,1515,1189,FUND TRANSFER,93277,SUCCESS,
6296,2025-01-13 03:23:16,4713,,ATM WITHDRAWAL,2614,SUCCESS,
6297,2025-07-12 13:18:05,2128,1900,UPI,7142,SUCCESS,
6298,2025-07-05 03:48:04,886,365,FUND TRANSFER,678031,SUCCESS,
6299,2025-08-10 01:02:15,1292,3724,UPI,9013,SUCCESS,
6300,2025-10-25 20:06:56,2927,,WITHDRAWAL,29408,SUCCESS,
6301,2025-08-04 20:24:35,1333,1303,IMPS,77298,SUCCESS,
6302,2025-05-29 06:59:56,676,,ATM WITHDRAWAL,4514,SUCCESS,
6303,2025-04-16 07:03:27,4910,4207,IMPS,139330,SUCCESS,
6304,2025-03-05 20:31:14,225,1456,UPI,3140,SUCCESS,
6305,2025-02-13 02:18:57,272,218,FUND TRANSFER,925642,SUCCESS,
6306,2025-06-23 10:30:31,3239,1613,UPI,7711,SUCCESS,
6307,2025-08-28 00:18:32,2314,,INTEREST CREDIT,1980,SUCCESS,
6308,2025-10-31 10:23:23,2723,,ATM WITHDRAWAL,4980,FAILED,Invalid Account
6309,2025-12-07 01:53:15,3165,,WITHDRAWAL,13635,SUCCESS,
6310,2025-10-12 00:54:47,9,1324,FUND TRANSFER,835886,SUCCESS,
6311,2025-10-13 16:28:40,531,3771,UPI,8625,SUCCESS,
6312,2025-05-11 01:08:15,3752,4539,NEFT,410181,SUCCESS,
6313,2025-10-13 19:50:18,4199,1190,UPI,6170,SUCCESS,
6314,2025-07-09 01:52:18,527,,INTEREST CREDIT,6113,SUCCESS,
6315,2025-05-12 19:26:31,3150,3282,NEFT,312121,SUCCESS,
6316,2025-06-24 19:24:50,3678,,ATM WITHDRAWAL,9657,SUCCESS,
6317,2025-06-20 23:54:35,1362,,WITHDRAWAL,6396,SUCCESS,
6318,2025-05-04 07:22:21,1664,4104,IMPS,116100,SUCCESS,
6319,2025-08-20 05:00:05,4657,,ATM WITHDRAWAL,9492,SUCCESS,
6320,2025-04-03 22:14:11,2595,1864,NEFT,100551,SUCCESS,
6321,2025-02-20 20:03:48,1126,,WITHDRAWAL,42096,SUCCESS,
6322,2025-10-04 01:54:15,2439,2406,FUND TRANSFER,604003,SUCCESS,
6323,2025-09-09 06:51:14,3025,4059,FUND TRANSFER,258798,SUCCESS,
6324,2025-04-03 19:28:20,4088,2554,UPI,7357,SUCCESS,
6325,2025-03-10 07:14:51,523,,ATM WITHDRAWAL,5082,SUCCESS,
6326,2025-03-10 18:40:18,3486,4829,NEFT,87691,SUCCESS,
6327,2025-04-09 16:07:29,1582,4822,UPI,7405,SUCCESS,
6328,2025-12-21 04:25:27,598,,DEPOSIT,73799,SUCCESS,
6329,2025-12-17 21:44:50,4557,,DEPOSIT,52237,SUCCESS,
6330,2025-11-27 19:17:17,1409,4160,IMPS,43891,SUCCESS,
6331,2025-12-23 09:25:51,1734,,WITHDRAWAL,25884,SUCCESS,
6332,2025-12-29 17:38:18,1065,1395,UPI,583,SUCCESS,
6333,2025-05-14 16:38:05,4591,3280,NEFT,181190,SUCCESS,
6334,2025-11-09 00:50:17,1410,1047,FUND TRANSFER,170364,SUCCESS,
6335,2025-04-05 13:44:08,1287,,DEPOSIT,97910,SUCCESS,
6336,2025-05-19 08:04:36,102,,DEPOSIT,33352,SUCCESS,
6337,2025-08-08 21:25:35,3539,,DEPOSIT,75024,FAILED,Daily Limit Exceeded
6338,2025-03-24 19:05:26,3397,,ATM WITHDRAWAL,3173,SUCCESS,
6339,2025-02-01 01:43:21,1022,,WITHDRAWAL,10635,FAILED,Daily Limit Exceeded
6340,2025-02-01 03:21:32,3209,3421,NEFT,353888,SUCCESS,
6341,2025-01-11 12:26:57,4380,1980,IMPS,137845,SUCCESS,
6342,2025-08-26 13:20:34,4755,,DEPOSIT,19654,SUCCESS,
6343,2025-06-07 16:35:04,3790,3770,NEFT,15230,SUCCESS,
6344,2025-02-15 10:31:33,3341,,DEPOSIT,86971,SUCCESS,
6345,2025-02-15 02:08:32,3653,814,UPI,4154,SUCCESS,
6346,2025-12-31 03:33:29,3453,1022,FUND TRANSFER,458368,SUCCESS,
6347,2025-02-13 13:09:43,471,1199,IMPS,100791,SUCCESS,
6348,2025-10-12 06:24:28,1035,2051,IMPS,16667,SUCCESS,
6349,2025-11-27 10:36:05,1182,2569,UPI,2662,SUCCESS,
6350,2025-05-16 16:54:11,591,,DEPOSIT,52063,SUCCESS,
6351,2025-01-14 08:26:08,4128,3335,NEFT,328875,SUCCESS,
6352,2025-06-22 19:12:05,3237,3201,FUND TRANSFER,872164,SUCCESS,
6353,2025-04-23 12:24:29,1871,4303,FUND TRANSFER,272092,SUCCESS,
6354,2025-04-21 02:21:30,4744,,INTEREST CREDIT,17400,FAILED,Insufficient Balance
6355,2025-09-07 22:51:32,675,,DEPOSIT,64296,SUCCESS,
6356,2025-05-26 16:01:02,362,,ATM WITHDRAWAL,7476,SUCCESS,
6357,2025-12-18 18:33:51,2284,,ATM WITHDRAWAL,5709,SUCCESS,
6358,2025-04-03 19:16:08,4632,282,UPI,8591,SUCCESS,
6359,2025-05-26 07:04:32,904,,ATM WITHDRAWAL,2075,SUCCESS,
6360,2025-03-09 15:42:32,1773,1734,FUND TRANSFER,222462,SUCCESS,
6361,2025-02-13 03:50:57,590,4257,FUND TRANSFER,979520,SUCCESS,
6362,2025-10-26 03:45:10,89,,ATM WITHDRAWAL,909,SUCCESS,
6363,2025-04-07 14:13:34,1089,,WITHDRAWAL,10868,SUCCESS,
6364,2025-09-03 08:43:22,4408,2785,IMPS,189362,SUCCESS,
6365,2025-10-09 03:19:04,3006,,ATM WITHDRAWAL,9333,SUCCESS,
6366,2025-10-23 00:04:19,2723,,ATM WITHDRAWAL,7265,FAILED,Invalid Account
6367,2025-12-26 11:49:06,289,754,UPI,1159,SUCCESS,
6368,2025-09-05 17:41:28,3957,,DEPOSIT,21462,SUCCESS,
6369,2025-10-31 21:39:46,1599,2718,UPI,2848,SUCCESS,
6370,2025-01-20 17:57:58,4942,3231,FUND TRANSFER,351287,SUCCESS,
6371,2025-01-27 15:06:18,2715,1868,IMPS,18146,SUCCESS,
6372,2025-07-20 12:00:09,805,,WITHDRAWAL,19629,SUCCESS,
6373,2025-04-11 14:03:13,2843,,WITHDRAWAL,40025,SUCCESS,
6374,2025-11-08 04:29:02,681,443,IMPS,117431,SUCCESS,
6375,2025-07-02 17:09:39,3706,46,IMPS,81785,SUCCESS,
6376,2025-04-26 17:05:57,1828,,DEPOSIT,44802,SUCCESS,
6377,2025-11-09 17:02:14,4895,,WITHDRAWAL,15940,SUCCESS,
6378,2025-06-22 12:58:43,3119,3870,FUND TRANSFER,472520,SUCCESS,
6379,2025-08-24 05:10:45,3557,,WITHDRAWAL,39087,SUCCESS,
6380,2025-03-09 07:45:31,4595,,WITHDRAWAL,14945,SUCCESS,
6381,2025-07-05 20:45:57,3251,3511,FUND TRANSFER,831162,SUCCESS,
6382,2025-06-12 09:44:30,3162,,INTEREST CREDIT,18131,SUCCESS,
6383,2025-06-26 21:28:44,3497,,ATM WITHDRAWAL,3353,SUCCESS,
6384,2025-07-28 12:05:46,2576,3430,UPI,7347,SUCCESS,
6385,2025-02-14 22:18:03,1169,,WITHDRAWAL,11542,SUCCESS,
6386,2025-10-13 22:10:22,1598,4956,FUND TRANSFER,801345,SUCCESS,
6387,2025-09-17 00:46:07,2644,1895,FUND TRANSFER,152468,SUCCESS,
6388,2025-03-27 13:06:05,4748,1908,UPI,8062,SUCCESS,
6389,2025-06-08 19:20:57,666,3305,UPI,8995,SUCCESS,
6390,2025-05-15 06:21:24,1619,,ATM WITHDRAWAL,3102,SUCCESS,
6391,2025-01-10 14:04:12,2577,230,NEFT,214486,SUCCESS,
6392,2025-04-15 19:41:15,2479,1615,IMPS,69518,SUCCESS,
6393,2025-10-23 07:29:46,2656,,DEPOSIT,22543,SUCCESS,
6394,2025-05-24 06:09:37,4873,,DEPOSIT,95883,SUCCESS,
6395,2025-05-27 13:52:15,4178,,ATM WITHDRAWAL,352,SUCCESS,
6396,2025-07-24 13:24:28,3096,4424,FUND TRANSFER,327439,SUCCESS,
6397,2025-06-09 17:06:22,923,2544,FUND TRANSFER,22510,SUCCESS,
6398,2025-08-08 04:44:25,4174,3036,UPI,6424,SUCCESS,
6399,2025-10-01 01:32:14,4903,3287,NEFT,395650,SUCCESS,
6400,2025-02-17 08:05:15,4323,,DEPOSIT,61719,SUCCESS,
6401,2025-04-03 22:10:59,527,4299,FUND TRANSFER,707246,FAILED,Insufficient Balance
6402,2025-11-02 20:46:54,3787,3161,NEFT,326938,SUCCESS,
6403,2025-12-07 15:52:14,4056,436,UPI,3310,SUCCESS,
6404,2025-08-05 08:21:25,1227,4461,FUND TRANSFER,980167,SUCCESS,
6405,2025-02-23 03:57:15,1991,1616,UPI,5627,SUCCESS,
6406,2025-02-15 13:36:38,2563,,WITHDRAWAL,18334,SUCCESS,
6407,2025-05-08 03:43:58,909,,WITHDRAWAL,13330,SUCCESS,
6408,2025-05-28 08:02:25,4114,2480,FUND TRANSFER,451917,SUCCESS,
6409,2025-11-16 09:41:49,612,188,FUND TRANSFER,791433,SUCCESS,
6410,2025-05-21 13:59:11,1770,119,NEFT,61423,SUCCESS,
6411,2025-10-22 07:41:16,3209,1148,UPI,1513,FAILED,Network Timeout
6412,2025-01-26 06:12:20,346,,ATM WITHDRAWAL,4442,SUCCESS,
6413,2025-10-21 23:39:54,4167,,ATM WITHDRAWAL,9772,SUCCESS,
6414,2025-04-10 08:09:12,987,,ATM WITHDRAWAL,8045,SUCCESS,
6415,2025-02-09 00:48:04,2368,,INTEREST CREDIT,13399,SUCCESS,
6416,2025-05-21 02:25:35,3235,,WITHDRAWAL,48461,SUCCESS,
6417,2025-02-15 07:00:34,2227,,DEPOSIT,5833,SUCCESS,
6418,2025-09-03 19:55:30,372,,DEPOSIT,6766,SUCCESS,
6419,2025-02-12 18:29:18,1269,1558,NEFT,364192,SUCCESS,
6420,2025-08-07 22:53:52,1323,,WITHDRAWAL,272,SUCCESS,
6421,2025-04-03 10:21:13,2306,3501,UPI,5447,SUCCESS,
6422,2025-06-28 18:13:53,1704,4305,IMPS,74210,SUCCESS,
6423,2025-01-12 05:42:08,338,3498,UPI,1773,SUCCESS,
6424,2025-11-08 19:20:34,997,2976,FUND TRANSFER,15021,SUCCESS,
6425,2025-10-27 19:39:21,4107,222,IMPS,96632,SUCCESS,
6426,2025-12-14 18:58:42,125,1408,UPI,1051,SUCCESS,
6427,2025-04-10 20:33:27,4796,3655,UPI,8456,SUCCESS,
6428,2025-03-11 22:05:03,4769,,DEPOSIT,95819,SUCCESS,
6429,2025-12-01 12:59:33,289,,INTEREST CREDIT,7861,SUCCESS,
6430,2025-08-09 07:05:39,724,3473,IMPS,81275,SUCCESS,
6431,2025-09-20 18:17:59,2913,,WITHDRAWAL,24270,SUCCESS,
6432,2025-12-23 19:24:47,1343,4974,FUND TRANSFER,471591,SUCCESS,
6433,2025-11-04 14:12:19,2653,1236,IMPS,188630,SUCCESS,
6434,2025-01-13 02:48:55,4005,,WITHDRAWAL,34664,SUCCESS,
6435,2025-03-17 05:25:50,3470,,DEPOSIT,32370,SUCCESS,
6436,2025-02-19 14:28:57,3587,972,UPI,2576,SUCCESS,
6437,2025-11-14 05:15:57,4785,,WITHDRAWAL,49110,SUCCESS,
6438,2025-05-13 14:36:16,2107,,ATM WITHDRAWAL,1816,SUCCESS,
6439,2025-05-13 08:35:19,772,,DEPOSIT,4234,SUCCESS,
6440,2025-11-12 16:45:31,2244,,DEPOSIT,74989,SUCCESS,
6441,2025-11-30 00:29:27,4034,,ATM WITHDRAWAL,9442,SUCCESS,
6442,2025-05-24 12:16:50,4073,1217,NEFT,308017,SUCCESS,
6443,2025-04-29 12:18:13,3878,2176,UPI,5488,SUCCESS,
6444,2025-11-04 00:22:58,1149,521,FUND TRANSFER,97373,SUCCESS,
6445,2025-12-11 09:49:41,3110,4796,FUND TRANSFER,993884,SUCCESS,
6446,2025-08-01 18:38:47,1268,,ATM WITHDRAWAL,2813,SUCCESS,
6447,2025-03-10 07:49:04,1595,,WITHDRAWAL,39386,SUCCESS,
6448,2025-04-02 01:19:21,1428,,WITHDRAWAL,7362,SUCCESS,
6449,2025-11-23 08:56:39,1261,,INTEREST CREDIT,1696,SUCCESS,
6450,2025-09-07 15:23:29,4173,,DEPOSIT,1162,SUCCESS,
6451,2025-03-19 10:50:02,2777,3671,IMPS,135303,SUCCESS,
6452,2025-05-24 06:53:59,3414,,ATM WITHDRAWAL,6914,SUCCESS,
6453,2025-06-23 10:20:50,682,3993,NEFT,77523,SUCCESS,
6454,2025-07-01 03:16:45,1003,,ATM WITHDRAWAL,7860,SUCCESS,
6455,2025-03-24 17:49:39,4320,4229,NEFT,431026,SUCCESS,
6456,2025-06-23 23:01:30,1529,,ATM WITHDRAWAL,5079,SUCCESS,
6457,2025-04-07 09:01:38,2734,,WITHDRAWAL,15419,SUCCESS,
6458,2025-07-19 03:58:23,1725,,WITHDRAWAL,4367,SUCCESS,
6459,2025-05-20 16:53:38,4609,405,FUND TRANSFER,310559,SUCCESS,
6460,2025-05-08 17:46:11,453,3941,IMPS,87691,SUCCESS,
6461,2025-01-03 17:05:45,3021,,ATM WITHDRAWAL,1497,SUCCESS,
6462,2025-03-14 17:20:29,2692,4789,UPI,9832,SUCCESS,
6463,2025-03-10 12:58:52,3190,1695,IMPS,172089,FAILED,Network Timeout
6464,2025-06-29 07:54:43,3952,,DEPOSIT,99301,SUCCESS,
6465,2025-12-09 03:51:13,3027,,INTEREST CREDIT,10298,SUCCESS,
6466,2025-09-22 15:58:13,3117,739,UPI,4081,SUCCESS,
6467,2025-06-10 06:30:40,3759,4974,FUND TRANSFER,734029,SUCCESS,
6468,2025-01-31 20:37:48,2107,4490,UPI,5877,SUCCESS,
6469,2025-09-08 11:33:39,1397,3761,NEFT,314398,SUCCESS,
6470,2025-04-06 01:57:47,4916,,DEPOSIT,85222,SUCCESS,
6471,2025-08-15 13:12:56,3665,1698,FUND TRANSFER,851456,SUCCESS,
6472,2025-05-26 23:55:53,202,4717,NEFT,16328,SUCCESS,
6473,2025-08-29 05:19:08,2530,1121,FUND TRANSFER,332067,SUCCESS,
6474,2025-06-30 05:47:44,1076,3570,UPI,6902,SUCCESS,
6475,2025-11-25 15:02:32,4642,2618,UPI,6192,SUCCESS,
6476,2025-07-04 11:42:07,1719,,ATM WITHDRAWAL,5950,SUCCESS,
6477,2025-08-10 08:26:03,2759,1631,NEFT,365671,SUCCESS,
6478,2025-04-23 04:30:26,1737,,DEPOSIT,3660,SUCCESS,
6479,2025-05-17 16:30:40,2537,2475,FUND TRANSFER,906043,FAILED,Insufficient Balance
6480,2025-11-04 01:54:36,3416,894,UPI,3925,SUCCESS,
6481,2025-03-19 13:05:54,4829,2189,FUND TRANSFER,588410,SUCCESS,
6482,2025-08-11 08:02:02,4867,3372,FUND TRANSFER,31380,SUCCESS,
6483,2025-11-17 09:23:00,3201,166,UPI,1200,FAILED,Beneficiary Not Found
6484,2025-03-19 19:47:16,2988,,ATM WITHDRAWAL,6213,SUCCESS,
6485,2025-04-07 19:51:51,543,615,UPI,2117,SUCCESS,
6486,2025-09-22 17:34:23,557,3845,FUND TRANSFER,555374,SUCCESS,
6487,2025-04-26 17:31:55,740,,ATM WITHDRAWAL,1564,SUCCESS,
6488,2025-11-05 01:34:41,622,,ATM WITHDRAWAL,6398,SUCCESS,
6489,2025-01-08 01:34:20,866,4106,UPI,794,SUCCESS,
6490,2025-06-12 10:32:05,319,673,FUND TRANSFER,226007,SUCCESS,
6491,2025-04-15 07:28:54,2714,4305,FUND TRANSFER,511865,SUCCESS,
6492,2025-03-13 04:13:11,4042,,WITHDRAWAL,30604,SUCCESS,
6493,2025-07-26 09:02:00,248,,DEPOSIT,6903,SUCCESS,
6494,2025-12-16 01:14:20,644,,WITHDRAWAL,42410,SUCCESS,
6495,2025-01-27 10:25:56,1679,1170,IMPS,158214,SUCCESS,
6496,2025-04-03 20:44:30,4443,127,IMPS,68863,SUCCESS,
6497,2025-07-25 00:23:19,3305,,DEPOSIT,36657,SUCCESS,
6498,2025-06-13 11:28:38,3829,4585,FUND TRANSFER,846989,SUCCESS,
6499,2025-07-22 10:55:30,3883,3088,UPI,1346,SUCCESS,
6500,2025-06-07 07:40:18,3478,4264,IMPS,36287,SUCCESS,
6501,2025-08-08 16:17:13,577,4526,UPI,9772,SUCCESS,
6502,2025-07-21 23:39:50,4132,3381,FUND TRANSFER,295139,SUCCESS,
6503,2025-04-29 04:03:18,4124,,ATM WITHDRAWAL,5411,SUCCESS,
6504,2025-09-07 22:56:35,329,505,UPI,3642,SUCCESS,
6505,2025-01-03 06:19:15,3274,,DEPOSIT,31838,SUCCESS,
6506,2025-12-03 23:46:57,2491,1969,NEFT,443875,SUCCESS,
6507,2025-10-08 12:46:49,2763,2393,UPI,4760,SUCCESS,
6508,2025-10-01 12:18:37,3,,ATM WITHDRAWAL,8428,SUCCESS,
6509,2025-06-22 13:38:04,2122,3987,FUND TRANSFER,270406,SUCCESS,
6510,2025-09-26 03:02:53,6,4549,UPI,3589,SUCCESS,
6511,2025-11-21 07:26:58,3933,,INTEREST CREDIT,18237,SUCCESS,
6512,2025-11-06 19:05:12,4437,,DEPOSIT,60820,SUCCESS,
6513,2025-01-12 01:58:21,414,,DEPOSIT,87168,SUCCESS,
6514,2025-07-22 17:38:18,4448,1252,UPI,2334,SUCCESS,
6515,2025-06-11 12:08:34,4718,3289,FUND TRANSFER,187601,SUCCESS,
6516,2025-09-06 13:50:01,3275,2249,UPI,9204,SUCCESS,
6517,2025-11-30 20:02:49,733,,WITHDRAWAL,33848,SUCCESS,
6518,2025-08-10 20:58:37,2017,2108,FUND TRANSFER,873010,SUCCESS,
6519,2025-09-28 02:46:21,736,,WITHDRAWAL,8592,SUCCESS,
6520,2025-09-17 19:16:57,3058,,ATM WITHDRAWAL,2894,SUCCESS,
6521,2025-10-31 02:51:49,4995,,WITHDRAWAL,41335,SUCCESS,
6522,2025-08-25 01:18:53,3855,,ATM WITHDRAWAL,1273,SUCCESS,
6523,2025-07-18 11:08:34,3155,,WITHDRAWAL,49984,SUCCESS,
6524,2025-08-17 08:21:06,1282,3077,NEFT,489558,SUCCESS,
6525,2025-11-19 23:59:37,493,,DEPOSIT,23798,SUCCESS,
6526,2025-09-18 04:09:25,462,2888,IMPS,49123,SUCCESS,
6527,2025-01-19 18:43:21,2717,4872,FUND TRANSFER,98919,SUCCESS,
6528,2025-12-22 20:46:47,2686,1447,NEFT,420914,SUCCESS,
6529,2025-09-10 10:58:34,2659,3134,NEFT,167525,SUCCESS,
6530,2025-10-13 05:09:46,2454,3836,FUND TRANSFER,439211,SUCCESS,
6531,2025-04-30 14:07:00,917,,DEPOSIT,53340,SUCCESS,
6532,2025-11-03 02:03:44,728,1795,IMPS,119976,SUCCESS,
6533,2025-11-18 00:57:27,1310,,ATM WITHDRAWAL,8810,SUCCESS,
6534,2025-01-11 01:49:15,1914,1377,UPI,6271,SUCCESS,
6535,2025-05-08 06:05:48,4903,4301,IMPS,105794,SUCCESS,
6536,2025-09-30 00:31:31,1209,4295,FUND TRANSFER,855918,SUCCESS,
6537,2025-07-29 21:51:32,3005,,INTEREST CREDIT,15767,SUCCESS,
6538,2025-12-15 06:52:28,83,3645,FUND TRANSFER,198147,SUCCESS,
6539,2025-06-21 22:00:28,2594,3136,UPI,8586,SUCCESS,
6540,2025-09-04 19:58:37,2684,4657,IMPS,38042,SUCCESS,
6541,2025-01-20 05:44:21,2031,,ATM WITHDRAWAL,5824,SUCCESS,
6542,2025-01-07 16:40:45,1531,,ATM WITHDRAWAL,4529,FAILED,Invalid Account
6543,2025-09-24 20:23:16,4774,,ATM WITHDRAWAL,9611,SUCCESS,
6544,2025-01-05 04:43:36,4526,,ATM WITHDRAWAL,8935,SUCCESS,
6545,2025-08-21 06:40:40,1754,1940,NEFT,167656,SUCCESS,
6546,2025-12-24 09:15:45,2750,1632,IMPS,33683,SUCCESS,
6547,2025-02-28 05:39:40,1062,,DEPOSIT,55527,SUCCESS,
6548,2025-11-11 00:43:22,903,,WITHDRAWAL,2320,FAILED,Beneficiary Not Found
6549,2025-09-23 00:38:56,3014,,WITHDRAWAL,23611,SUCCESS,
6550,2025-05-29 14:04:14,3538,1398,UPI,2240,SUCCESS,
6551,2025-02-02 01:40:49,3762,1026,UPI,4727,SUCCESS,
6552,2025-04-13 07:48:00,599,4934,IMPS,180343,SUCCESS,
6553,2025-02-01 09:33:56,585,890,NEFT,186230,SUCCESS,
6554,2025-08-25 14:59:29,1753,1729,IMPS,1562,SUCCESS,
6555,2025-07-31 06:59:17,2783,,WITHDRAWAL,38087,SUCCESS,
6556,2025-01-04 08:14:27,4787,2372,UPI,4431,SUCCESS,
6557,2025-10-06 09:54:45,4168,179,NEFT,225495,SUCCESS,
6558,2025-12-13 23:42:39,1314,2138,UPI,2548,SUCCESS,
6559,2025-11-25 03:01:55,4070,359,IMPS,197537,SUCCESS,
6560,2025-01-10 10:57:18,729,2629,FUND TRANSFER,595507,SUCCESS,
6561,2025-08-26 03:29:17,1154,,ATM WITHDRAWAL,4324,SUCCESS,
6562,2025-03-25 14:00:51,707,,INTEREST CREDIT,10233,SUCCESS,
6563,2025-09-24 12:46:04,2724,1687,FUND TRANSFER,345067,SUCCESS,
6564,2025-07-31 12:24:45,744,3280,UPI,8786,SUCCESS,
6565,2025-03-19 02:13:01,2850,110,IMPS,197847,SUCCESS,
6566,2025-07-23 18:39:38,658,3601,UPI,4153,SUCCESS,
6567,2025-01-13 07:05:14,2129,561,IMPS,182058,SUCCESS,
6568,2025-12-08 17:14:16,1602,,WITHDRAWAL,49685,SUCCESS,
6569,2025-07-22 01:05:15,1823,,DEPOSIT,64449,SUCCESS,
6570,2025-11-23 09:17:22,703,,DEPOSIT,64600,SUCCESS,
6571,2025-03-31 09:51:54,3471,2993,FUND TRANSFER,749629,SUCCESS,
6572,2025-10-20 10:12:34,3221,4712,FUND TRANSFER,118052,SUCCESS,
6573,2025-05-15 23:32:46,2059,,WITHDRAWAL,4201,SUCCESS,
6574,2025-10-07 13:25:47,4978,,WITHDRAWAL,16853,SUCCESS,
6575,2025-02-26 00:57:12,481,,DEPOSIT,12894,SUCCESS,
6576,2025-09-24 10:30:38,2191,,ATM WITHDRAWAL,7162,SUCCESS,
6577,2025-05-19 06:52:50,2478,1425,UPI,8323,SUCCESS,
6578,2025-03-17 08:07:22,3932,2181,UPI,8809,SUCCESS,
6579,2025-06-25 16:25:32,691,,DEPOSIT,9440,SUCCESS,
6580,2025-07-17 10:16:20,4350,67,UPI,6927,SUCCESS,
6581,2025-04-25 17:44:27,2572,3215,IMPS,169655,SUCCESS,
6582,2025-04-06 11:55:12,1356,,ATM WITHDRAWAL,6071,SUCCESS,
6583,2025-08-04 17:19:57,180,4022,FUND TRANSFER,534485,SUCCESS,
6584,2025-01-15 01:23:42,3472,2513,UPI,3707,SUCCESS,
6585,2025-09-27 00:33:13,2835,,DEPOSIT,56925,SUCCESS,
6586,2025-05-10 22:24:35,2883,,WITHDRAWAL,46841,SUCCESS,
6587,2025-07-07 12:34:03,3973,,DEPOSIT,25137,FAILED,Account Blocked
6588,2025-01-06 16:11:50,1205,,ATM WITHDRAWAL,1388,SUCCESS,
6589,2025-12-17 12:19:54,4379,1485,UPI,2372,SUCCESS,
6590,2025-05-05 23:15:48,3487,2832,FUND TRANSFER,3671,SUCCESS,
6591,2025-09-30 02:04:57,1683,3728,UPI,530,SUCCESS,
6592,2025-05-16 19:23:18,4651,2475,UPI,4695,SUCCESS,
6593,2025-01-30 08:37:02,4336,817,FUND TRANSFER,335591,SUCCESS,
6594,2025-04-19 21:19:04,4519,1014,NEFT,132618,SUCCESS,
6595,2025-01-15 11:28:23,4811,,DEPOSIT,22973,SUCCESS,
6596,2025-11-06 09:42:04,3606,,ATM WITHDRAWAL,7309,SUCCESS,
6597,2025-09-27 23:45:01,528,3402,NEFT,476941,SUCCESS,
6598,2025-11-09 13:52:09,1330,2918,IMPS,166275,SUCCESS,
6599,2025-07-21 21:27:31,1907,2804,FUND TRANSFER,515721,SUCCESS,
6600,2025-01-03 05:26:03,453,,DEPOSIT,75686,SUCCESS,
6601,2025-02-21 09:19:39,4643,,DEPOSIT,29584,SUCCESS,
6602,2025-09-29 22:54:08,2453,860,FUND TRANSFER,73778,SUCCESS,
6603,2025-04-04 00:27:22,3053,,DEPOSIT,5515,SUCCESS,
6604,2025-09-27 15:56:45,2861,1860,UPI,2835,SUCCESS,
6605,2025-08-05 16:23:32,2125,,DEPOSIT,90482,SUCCESS,
6606,2025-09-14 03:34:30,4847,612,UPI,9457,SUCCESS,
6607,2025-12-08 08:26:33,2212,,INTEREST CREDIT,22640,SUCCESS,
6608,2025-09-30 06:36:26,1937,3288,UPI,8630,SUCCESS,
6609,2025-09-05 01:44:50,1961,,INTEREST CREDIT,15536,SUCCESS,
6610,2025-03-19 21:18:36,3703,,WITHDRAWAL,23046,SUCCESS,
6611,2025-02-07 05:46:06,3073,3280,FUND TRANSFER,236722,SUCCESS,
6612,2025-04-04 04:45:35,3304,,ATM WITHDRAWAL,2587,SUCCESS,
6613,2025-02-12 05:57:36,3890,3683,FUND TRANSFER,748138,SUCCESS,
6614,2025-06-17 15:48:09,2698,,DEPOSIT,26622,SUCCESS,
6615,2025-12-11 05:28:00,4351,2476,IMPS,19501,SUCCESS,
6616,2025-10-11 13:12:56,3602,3290,FUND TRANSFER,131980,SUCCESS,
6617,2025-02-04 11:43:20,2852,,ATM WITHDRAWAL,5363,SUCCESS,
6618,2025-10-30 08:33:53,1101,3740,FUND TRANSFER,864680,SUCCESS,
6619,2025-02-15 10:53:17,1130,,ATM WITHDRAWAL,316,SUCCESS,
6620,2025-01-01 17:16:30,4370,247,FUND TRANSFER,903262,SUCCESS,
6621,2025-12-03 10:44:01,4232,1898,UPI,7528,SUCCESS,
6622,2025-08-11 14:55:37,4774,,ATM WITHDRAWAL,8713,SUCCESS,
6623,2025-04-02 11:27:03,3388,4857,UPI,3009,SUCCESS,
6624,2025-07-12 14:12:35,4057,4228,UPI,3709,SUCCESS,
6625,2025-03-20 05:17:20,421,3551,UPI,7588,SUCCESS,
6626,2025-12-24 23:27:16,3354,,INTEREST CREDIT,22318,SUCCESS,
6627,2025-08-02 01:23:21,2509,4299,IMPS,157812,SUCCESS,
6628,2025-05-05 22:49:37,803,1759,UPI,2212,SUCCESS,
6629,2025-12-02 14:54:14,1895,,ATM WITHDRAWAL,222,SUCCESS,
6630,2025-07-22 05:59:10,1595,179,IMPS,77260,FAILED,Invalid Account
6631,2025-10-06 16:06:33,2981,3611,FUND TRANSFER,620366,SUCCESS,
6632,2025-02-17 03:11:03,132,,ATM WITHDRAWAL,8277,SUCCESS,
6633,2025-03-17 20:46:19,2238,,WITHDRAWAL,24506,SUCCESS,
6634,2025-12-12 03:36:42,1724,,DEPOSIT,70563,SUCCESS,
6635,2025-03-29 03:30:22,4265,4693,UPI,7652,SUCCESS,
6636,2025-10-02 05:06:59,640,,ATM WITHDRAWAL,450,SUCCESS,
6637,2025-09-17 15:15:06,308,,DEPOSIT,38134,SUCCESS,
6638,2025-02-25 00:30:36,685,,WITHDRAWAL,24803,SUCCESS,
6639,2025-05-11 19:09:45,2967,2128,FUND TRANSFER,321508,SUCCESS,
6640,2025-06-25 05:26:47,1247,,ATM WITHDRAWAL,6570,SUCCESS,
6641,2025-08-14 11:31:52,3364,,DEPOSIT,6969,SUCCESS,
6642,2025-02-11 17:53:13,26,3532,UPI,128,SUCCESS,
6643,2025-01-26 17:46:18,2043,4429,FUND TRANSFER,1396,SUCCESS,
6644,2025-07-06 05:27:11,2173,3794,UPI,6223,SUCCESS,
6645,2025-08-25 00:42:29,3560,4352,IMPS,187537,SUCCESS,
6646,2025-02-12 10:03:47,3541,,DEPOSIT,23367,SUCCESS,
6647,2025-10-05 17:53:09,1941,2768,IMPS,197277,SUCCESS,
6648,2025-01-10 01:32:31,111,4523,UPI,496,SUCCESS,
6649,2025-05-19 00:47:44,4815,2582,FUND TRANSFER,556283,SUCCESS,
6650,2025-01-13 23:09:10,3997,2176,UPI,4796,SUCCESS,
6651,2025-12-08 17:07:34,2718,4639,FUND TRANSFER,37006,SUCCESS,
6652,2025-11-08 07:09:12,2290,1260,IMPS,71892,SUCCESS,
6653,2025-02-20 23:12:11,4666,3864,NEFT,11537,SUCCESS,
6654,2025-03-17 11:22:12,2237,3770,FUND TRANSFER,520306,SUCCESS,
6655,2025-08-09 23:52:08,2943,3894,IMPS,115904,SUCCESS,
6656,2025-07-05 19:19:36,3472,3685,IMPS,46987,SUCCESS,
6657,2025-04-13 14:08:34,695,4852,FUND TRANSFER,65097,SUCCESS,
6658,2025-05-08 20:53:14,3682,1127,UPI,9632,SUCCESS,
6659,2025-05-23 20:33:04,2142,,DEPOSIT,24032,SUCCESS,
6660,2025-07-15 10:42:53,3408,4653,FUND TRANSFER,972251,SUCCESS,
6661,2025-01-09 01:57:27,3483,,ATM WITHDRAWAL,5910,SUCCESS,
6662,2025-01-28 05:58:57,2601,2430,IMPS,82149,SUCCESS,
6663,2025-03-03 01:25:42,3491,188,UPI,1286,SUCCESS,
6664,2025-02-12 07:41:38,4239,,ATM WITHDRAWAL,6434,SUCCESS,
6665,2025-01-11 14:56:53,2946,406,UPI,754,SUCCESS,
6666,2025-03-13 02:28:30,4975,,DEPOSIT,1748,SUCCESS,
6667,2025-09-17 04:21:55,1382,1548,UPI,5853,SUCCESS,
6668,2025-10-26 22:41:10,3461,1936,UPI,2298,SUCCESS,
6669,2025-07-07 03:06:02,4841,4688,UPI,9615,SUCCESS,
6670,2025-12-15 00:00:32,261,3331,IMPS,183738,SUCCESS,
6671,2025-03-15 18:46:25,4966,,WITHDRAWAL,47698,SUCCESS,
6672,2025-01-22 14:49:06,1190,1076,NEFT,242033,SUCCESS,
6673,2025-10-12 05:09:29,2911,4586,UPI,8611,SUCCESS,
6674,2025-10-19 15:08:37,1796,,ATM WITHDRAWAL,3649,SUCCESS,
6675,2025-03-09 08:17:13,1489,1780,UPI,6133,SUCCESS,
6676,2025-08-03 12:09:20,1161,1047,IMPS,62130,SUCCESS,
6677,2025-12-31 19:37:43,201,,ATM WITHDRAWAL,2176,SUCCESS,
6678,2025-05-09 19:08:34,2719,1793,IMPS,24223,FAILED,Insufficient Balance
6679,2025-03-20 11:07:02,2040,,ATM WITHDRAWAL,6115,SUCCESS,
6680,2025-02-16 16:33:51,2856,,ATM WITHDRAWAL,1701,SUCCESS,
6681,2025-09-07 21:18:58,2811,113,UPI,5413,SUCCESS,
6682,2025-09-09 04:56:02,1873,409,FUND TRANSFER,958533,SUCCESS,
6683,2025-06-21 06:00:15,1902,,ATM WITHDRAWAL,6701,SUCCESS,
6684,2025-12-27 10:32:36,1059,160,NEFT,129807,SUCCESS,
6685,2025-11-19 08:41:55,4644,3393,UPI,450,SUCCESS,
6686,2025-10-29 16:32:03,1235,149,UPI,7431,SUCCESS,
6687,2025-12-30 10:41:55,3680,4944,FUND TRANSFER,528524,SUCCESS,
6688,2025-10-28 10:59:38,585,,WITHDRAWAL,929,SUCCESS,
6689,2025-01-09 17:39:42,3300,2451,NEFT,201635,SUCCESS,
6690,2025-10-06 18:26:51,1732,,ATM WITHDRAWAL,7288,SUCCESS,
6691,2025-05-30 12:08:46,3713,1581,FUND TRANSFER,675787,SUCCESS,
6692,2025-12-27 23:04:43,4024,1536,IMPS,130501,SUCCESS,
6693,2025-08-30 00:47:57,1136,3562,IMPS,79706,SUCCESS,
6694,2025-05-26 00:32:17,2915,,WITHDRAWAL,9573,SUCCESS,
6695,2025-01-20 10:23:10,1720,2981,UPI,4895,SUCCESS,
6696,2025-07-02 07:06:13,4262,2685,UPI,992,SUCCESS,
6697,2025-11-11 00:09:59,4400,3187,FUND TRANSFER,244881,SUCCESS,
6698,2025-03-12 16:50:11,3840,,INTEREST CREDIT,9063,SUCCESS,
6699,2025-02-06 02:39:00,1850,4437,IMPS,27531,SUCCESS,
6700,2025-05-12 19:32:13,606,2234,UPI,5794,SUCCESS,
6701,2025-01-07 05:18:32,4273,1323,UPI,3414,SUCCESS,
6702,2025-02-25 08:37:46,4529,1665,FUND TRANSFER,274805,SUCCESS,
6703,2025-04-27 10:32:30,686,,WITHDRAWAL,21573,SUCCESS,
6704,2025-07-02 17:33:27,3796,2569,NEFT,150949,SUCCESS,
6705,2025-09-03 02:04:48,4439,363,UPI,7172,FAILED,Daily Limit Exceeded
6706,2025-09-29 14:43:51,634,4044,FUND TRANSFER,356151,SUCCESS,
6707,2025-01-24 23:27:13,4903,2237,NEFT,391231,SUCCESS,
6708,2025-08-24 02:02:11,4757,534,FUND TRANSFER,82095,SUCCESS,
6709,2025-06-22 19:29:32,1816,4625,UPI,9234,SUCCESS,
6710,2025-07-03 15:09:15,2908,1791,FUND TRANSFER,367687,SUCCESS,
6711,2025-03-12 18:04:19,825,,WITHDRAWAL,1223,SUCCESS,
6712,2025-09-30 03:03:00,4013,29,IMPS,116939,SUCCESS,
6713,2025-07-23 22:27:17,757,1274,UPI,9374,SUCCESS,
6714,2025-01-22 21:21:16,904,1014,UPI,7072,SUCCESS,
6715,2025-06-22 21:45:43,2423,2920,NEFT,486547,SUCCESS,
6716,2025-02-22 15:44:42,3489,,INTEREST CREDIT,6142,SUCCESS,
6717,2025-01-04 02:56:36,1397,2452,FUND TRANSFER,874655,SUCCESS,
6718,2025-11-05 03:42:18,673,4940,UPI,3653,SUCCESS,
6719,2025-01-24 18:28:16,3004,1091,NEFT,485890,SUCCESS,
6720,2025-06-07 04:04:56,1778,1253,UPI,3906,SUCCESS,
6721,2025-01-15 01:31:42,3535,,WITHDRAWAL,45613,SUCCESS,
6722,2025-11-23 11:51:48,3762,,WITHDRAWAL,46921,SUCCESS,
6723,2025-04-11 00:13:02,236,3562,IMPS,50730,SUCCESS,
6724,2025-09-19 01:41:05,3675,,ATM WITHDRAWAL,4244,SUCCESS,
6725,2025-09-13 03:22:04,2381,,ATM WITHDRAWAL,5562,SUCCESS,
6726,2025-08-02 09:13:45,4336,1973,IMPS,124216,SUCCESS,
6727,2025-05-17 04:11:52,4558,2097,IMPS,102268,SUCCESS,
6728,2025-08-22 21:56:42,3011,3995,IMPS,166645,SUCCESS,
6729,2025-05-01 15:12:22,4732,2863,UPI,3262,SUCCESS,
6730,2025-11-17 22:27:44,3464,,DEPOSIT,63380,SUCCESS,
6731,2025-02-12 18:11:40,1400,,INTEREST CREDIT,6524,SUCCESS,
6732,2025-02-18 11:58:35,1273,635,FUND TRANSFER,737350,SUCCESS,
6733,2025-09-09 16:46:01,42,893,UPI,34,SUCCESS,
6734,2025-01-08 10:33:49,1110,847,IMPS,69710,SUCCESS,
6735,2025-01-16 03:09:04,1146,4943,UPI,1951,FAILED,Network Timeout
6736,2025-12-19 00:41:32,4474,2316,IMPS,117533,SUCCESS,
6737,2025-10-19 13:05:05,2181,1,FUND TRANSFER,877650,SUCCESS,
6738,2025-12-19 14:42:59,553,4368,FUND TRANSFER,519661,SUCCESS,
6739,2025-12-26 03:43:38,1643,3477,FUND TRANSFER,611942,SUCCESS,
6740,2025-10-19 22:39:24,569,443,UPI,311,SUCCESS,
6741,2025-06-10 01:11:05,1968,2229,FUND TRANSFER,320131,SUCCESS,
6742,2025-04-18 22:04:41,36,,ATM WITHDRAWAL,8087,FAILED,Account Blocked
6743,2025-04-30 14:47:24,970,2029,FUND TRANSFER,880944,SUCCESS,
6744,2025-04-01 01:15:08,1134,1681,FUND TRANSFER,439857,SUCCESS,
6745,2025-01-14 12:44:48,4057,1212,UPI,1693,SUCCESS,
6746,2025-03-16 18:52:34,4618,4344,UPI,4391,SUCCESS,
6747,2025-08-23 18:45:04,4779,,ATM WITHDRAWAL,7933,SUCCESS,
6748,2025-02-23 20:44:28,4999,2974,FUND TRANSFER,795022,SUCCESS,
6749,2025-12-26 19:37:52,2949,3671,FUND TRANSFER,90488,SUCCESS,
6750,2025-06-30 14:56:13,297,,WITHDRAWAL,31151,SUCCESS,
6751,2025-09-25 05:19:43,2988,891,FUND TRANSFER,796387,SUCCESS,
6752,2025-11-17 22:20:50,2646,921,FUND TRANSFER,972890,SUCCESS,
6753,2025-05-21 19:57:55,1342,839,UPI,685,SUCCESS,
6754,2025-07-13 13:26:32,3470,4877,FUND TRANSFER,808165,SUCCESS,
6755,2025-02-03 21:06:23,2235,,INTEREST CREDIT,19257,SUCCESS,
6756,2025-02-05 21:39:17,3102,2341,FUND TRANSFER,397848,SUCCESS,
6757,2025-10-25 13:46:07,532,2055,FUND TRANSFER,732211,FAILED,Network Timeout
6758,2025-02-24 16:56:47,765,,ATM WITHDRAWAL,8855,SUCCESS,
6759,2025-08-23 00:44:44,2469,1289,FUND TRANSFER,388440,SUCCESS,
6760,2025-10-14 08:08:53,4031,,ATM WITHDRAWAL,3105,SUCCESS,
6761,2025-04-29 07:38:02,817,,DEPOSIT,60101,SUCCESS,
6762,2025-06-26 19:23:43,60,317,UPI,2683,SUCCESS,
6763,2025-05-13 17:32:24,1137,475,UPI,667,SUCCESS,
6764,2025-11-26 22:42:49,4799,3595,NEFT,479700,SUCCESS,
6765,2025-05-11 06:24:00,2805,2057,FUND TRANSFER,451957,SUCCESS,
6766,2025-06-04 13:55:46,1313,1134,NEFT,472949,SUCCESS,
6767,2025-04-04 23:13:24,4474,1831,UPI,7062,SUCCESS,
6768,2025-02-14 16:03:11,3325,2071,NEFT,240707,SUCCESS,
6769,2025-05-17 03:00:54,3395,278,UPI,6929,SUCCESS,
6770,2025-07-06 20:32:32,1627,122,NEFT,189555,SUCCESS,
6771,2025-12-10 14:03:20,4415,,WITHDRAWAL,23102,SUCCESS,
6772,2025-12-17 23:19:40,1651,2256,UPI,2805,SUCCESS,
6773,2025-08-31 19:04:27,3303,1256,IMPS,117158,SUCCESS,
6774,2025-12-05 13:43:48,4071,3598,FUND TRANSFER,605638,SUCCESS,
6775,2025-06-20 14:43:43,286,1630,FUND TRANSFER,472417,SUCCESS,
6776,2025-07-02 03:59:09,1562,,ATM WITHDRAWAL,9529,SUCCESS,
6777,2025-12-07 13:37:32,3072,,WITHDRAWAL,9521,SUCCESS,
6778,2025-08-04 09:38:34,1316,,ATM WITHDRAWAL,9965,SUCCESS,
6779,2025-11-22 23:28:12,348,,WITHDRAWAL,40814,SUCCESS,
6780,2025-12-07 15:53:45,3045,,ATM WITHDRAWAL,7494,SUCCESS,
6781,2025-01-01 19:32:34,3423,,WITHDRAWAL,22633,SUCCESS,
6782,2025-10-31 10:57:53,644,1705,UPI,5535,SUCCESS,
6783,2025-12-24 02:53:54,1465,1533,UPI,3583,SUCCESS,
6784,2025-10-20 09:01:21,1628,3150,FUND TRANSFER,78858,SUCCESS,
6785,2025-07-17 07:42:02,461,591,UPI,3219,SUCCESS,
6786,2025-02-11 00:12:32,899,1988,UPI,3366,SUCCESS,
6787,2025-01-12 13:44:26,834,,DEPOSIT,59064,SUCCESS,
6788,2025-09-29 00:59:08,2658,,ATM WITHDRAWAL,7936,SUCCESS,
6789,2025-09-29 08:08:21,4146,,ATM WITHDRAWAL,2808,SUCCESS,
6790,2025-06-05 20:46:00,2237,,ATM WITHDRAWAL,5212,SUCCESS,
6791,2025-08-13 02:25:46,2843,3086,FUND TRANSFER,804124,SUCCESS,
6792,2025-01-04 14:15:31,3958,,WITHDRAWAL,13634,SUCCESS,
6793,2025-08-27 07:17:28,4999,3214,IMPS,93389,SUCCESS,
6794,2025-04-06 19:52:55,2591,4375,UPI,1287,SUCCESS,
6795,2025-11-04 15:11:28,3374,1392,FUND TRANSFER,530436,SUCCESS,
6796,2025-07-26 15:29:11,1170,1972,FUND TRANSFER,325857,SUCCESS,
6797,2025-09-17 13:50:40,4358,,DEPOSIT,12081,SUCCESS,
6798,2025-11-30 21:13:57,4137,4945,FUND TRANSFER,181562,SUCCESS,
6799,2025-05-07 13:41:33,4923,2791,IMPS,92245,SUCCESS,
6800,2025-01-15 15:38:49,2958,2729,UPI,2300,SUCCESS,
6801,2025-08-10 14:03:49,3904,4942,IMPS,119184,SUCCESS,
6802,2025-08-10 21:23:51,326,4609,FUND TRANSFER,57570,SUCCESS,
6803,2025-05-11 09:33:49,2954,976,FUND TRANSFER,146724,SUCCESS,
6804,2025-05-23 09:59:36,1073,,ATM WITHDRAWAL,7322,SUCCESS,
6805,2025-09-03 04:26:23,3478,5000,UPI,6295,SUCCESS,
6806,2025-01-07 15:58:35,2953,3613,NEFT,11107,SUCCESS,
6807,2025-11-23 17:32:28,1001,4157,UPI,832,SUCCESS,
6808,2025-03-02 18:24:50,607,,ATM WITHDRAWAL,3091,SUCCESS,
6809,2025-10-07 05:17:46,3361,,ATM WITHDRAWAL,9399,SUCCESS,
6810,2025-03-24 20:55:53,1421,4166,UPI,9419,SUCCESS,
6811,2025-04-30 00:52:47,3984,,DEPOSIT,3160,SUCCESS,
6812,2025-06-04 11:01:36,3881,1850,FUND TRANSFER,250943,SUCCESS,
6813,2025-12-23 01:05:22,4108,,INTEREST CREDIT,10943,SUCCESS,
6814,2025-03-28 16:04:52,4558,1694,UPI,8882,SUCCESS,
6815,2025-08-15 03:10:46,4283,862,UPI,4754,SUCCESS,
6816,2025-11-13 14:54:37,4141,,DEPOSIT,55895,SUCCESS,
6817,2025-06-24 09:11:10,276,4709,UPI,3378,SUCCESS,
6818,2025-06-29 03:17:22,1966,3138,NEFT,470489,SUCCESS,
6819,2025-11-14 03:29:29,3921,3959,NEFT,15305,SUCCESS,
6820,2025-11-10 04:12:27,2507,,ATM WITHDRAWAL,7989,SUCCESS,
6821,2025-03-21 14:30:02,4002,2499,UPI,4368,SUCCESS,
6822,2025-08-27 15:35:51,162,,DEPOSIT,92070,SUCCESS,
6823,2025-10-14 20:13:24,1080,1430,NEFT,76585,SUCCESS,
6824,2025-12-15 17:45:31,4029,436,FUND TRANSFER,13823,SUCCESS,
6825,2025-04-15 22:09:12,1111,4229,IMPS,104106,SUCCESS,
6826,2025-12-29 03:22:48,255,,ATM WITHDRAWAL,7993,SUCCESS,
6827,2025-11-24 10:56:48,1059,1824,UPI,5578,SUCCESS,
6828,2025-04-02 23:07:52,508,,ATM WITHDRAWAL,5310,SUCCESS,
6829,2025-07-22 21:52:33,4759,,WITHDRAWAL,23044,SUCCESS,
6830,2025-06-26 00:09:59,3970,,WITHDRAWAL,42054,SUCCESS,
6831,2025-06-16 19:47:56,473,,INTEREST CREDIT,8838,SUCCESS,
6832,2025-08-14 14:23:15,2417,,DEPOSIT,32885,SUCCESS,
6833,2025-11-12 16:58:42,3394,,INTEREST CREDIT,16083,SUCCESS,
6834,2025-07-26 07:33:36,4581,,ATM WITHDRAWAL,1353,SUCCESS,
6835,2025-04-29 23:42:57,1548,965,FUND TRANSFER,272946,SUCCESS,
6836,2025-12-14 11:25:42,1800,4517,IMPS,153801,SUCCESS,
6837,2025-10-25 02:48:35,1753,,DEPOSIT,27689,SUCCESS,
6838,2025-08-19 09:41:38,245,289,UPI,4405,SUCCESS,
6839,2025-08-11 01:14:42,3001,,DEPOSIT,40413,SUCCESS,
6840,2025-11-13 19:23:42,2229,,DEPOSIT,81448,SUCCESS,
6841,2025-07-26 23:10:01,2002,,WITHDRAWAL,4643,SUCCESS,
6842,2025-11-26 21:53:28,521,200,FUND TRANSFER,104909,SUCCESS,
6843,2025-07-01 04:10:53,1652,1658,FUND TRANSFER,511083,SUCCESS,
6844,2025-04-03 04:26:40,4967,1747,NEFT,228804,SUCCESS,
6845,2025-09-05 11:56:10,4986,,ATM WITHDRAWAL,3663,SUCCESS,
6846,2025-02-25 12:44:19,3629,1137,IMPS,68071,SUCCESS,
6847,2025-01-27 14:50:37,4985,341,FUND TRANSFER,803353,SUCCESS,
6848,2025-05-10 08:29:57,319,,ATM WITHDRAWAL,3744,SUCCESS,
6849,2025-09-06 07:28:51,4601,314,UPI,2525,SUCCESS,
6850,2025-08-28 21:28:46,4378,4953,UPI,5393,SUCCESS,
6851,2025-04-22 08:18:40,3934,4641,IMPS,193153,SUCCESS,
6852,2025-11-22 15:12:02,850,,ATM WITHDRAWAL,8322,SUCCESS,
6853,2025-12-23 20:35:47,3873,2686,NEFT,340687,SUCCESS,
6854,2025-02-02 08:12:20,2146,4525,UPI,5784,SUCCESS,
6855,2025-03-22 06:26:27,854,,ATM WITHDRAWAL,6252,SUCCESS,
6856,2025-07-28 00:18:25,2041,,ATM WITHDRAWAL,4690,SUCCESS,
6857,2025-07-04 18:37:15,2918,,INTEREST CREDIT,23597,SUCCESS,
6858,2025-09-02 14:56:23,1752,1853,UPI,5938,SUCCESS,
6859,2025-10-06 14:50:03,3817,931,FUND TRANSFER,369128,SUCCESS,
6860,2025-11-21 07:04:45,3176,,INTEREST CREDIT,16690,SUCCESS,
6861,2025-01-04 09:27:09,3066,4749,NEFT,392250,SUCCESS,
6862,2025-04-12 02:13:24,2587,3223,NEFT,499367,SUCCESS,
6863,2025-09-23 16:46:10,1982,3084,FUND TRANSFER,63008,SUCCESS,
6864,2025-03-21 03:24:41,2369,4572,FUND TRANSFER,922542,SUCCESS,
6865,2025-02-21 20:22:23,4705,,ATM WITHDRAWAL,7498,SUCCESS,
6866,2025-11-20 10:15:00,382,,INTEREST CREDIT,10155,SUCCESS,
6867,2025-10-11 08:50:36,549,305,FUND TRANSFER,994458,SUCCESS,
6868,2025-12-19 14:43:27,3175,4882,FUND TRANSFER,667888,SUCCESS,
6869,2025-04-27 12:45:15,2282,4976,FUND TRANSFER,394251,SUCCESS,
6870,2025-06-30 07:59:25,4902,11,IMPS,165087,SUCCESS,
6871,2025-05-18 21:36:44,4898,,INTEREST CREDIT,20221,SUCCESS,
6872,2025-04-12 09:09:01,3613,308,FUND TRANSFER,628241,FAILED,Beneficiary Not Found
6873,2025-05-14 09:09:47,4870,,ATM WITHDRAWAL,1815,SUCCESS,
6874,2025-07-15 09:08:23,4760,2686,FUND TRANSFER,600509,SUCCESS,
6875,2025-06-21 22:53:16,4501,3815,IMPS,65987,SUCCESS,
6876,2025-10-17 09:34:10,3327,,DEPOSIT,55879,SUCCESS,
6877,2025-01-27 22:27:47,3572,,WITHDRAWAL,20607,SUCCESS,
6878,2025-07-25 00:43:44,1796,,ATM WITHDRAWAL,1431,SUCCESS,
6879,2025-11-02 01:56:20,2376,,DEPOSIT,96147,SUCCESS,
6880,2025-12-11 20:09:44,3999,,ATM WITHDRAWAL,9459,SUCCESS,
6881,2025-07-15 05:28:26,766,,ATM WITHDRAWAL,1550,SUCCESS,
6882,2025-07-27 12:02:06,4785,316,IMPS,144560,SUCCESS,
6883,2025-06-22 00:42:01,3443,4151,FUND TRANSFER,689223,SUCCESS,
6884,2025-07-12 18:33:37,1005,2526,NEFT,162333,SUCCESS,
6885,2025-02-11 04:41:54,2498,1894,UPI,8623,SUCCESS,
6886,2025-06-29 05:05:06,3706,2460,FUND TRANSFER,41067,SUCCESS,
6887,2025-05-07 09:21:12,1260,4216,FUND TRANSFER,875679,SUCCESS,
6888,2025-12-20 11:22:16,2472,,WITHDRAWAL,8914,SUCCESS,
6889,2025-11-03 01:54:39,104,,ATM WITHDRAWAL,2679,SUCCESS,
6890,2025-06-17 13:52:26,2480,3517,UPI,1764,SUCCESS,
6891,2025-11-20 19:00:49,1157,4050,UPI,1514,SUCCESS,
6892,2025-10-02 06:00:49,123,2573,FUND TRANSFER,155604,SUCCESS,
6893,2025-06-09 11:15:56,1489,1954,NEFT,154464,SUCCESS,
6894,2025-07-23 11:32:28,1242,29,IMPS,10358,SUCCESS,
6895,2025-09-14 15:11:22,4727,4497,FUND TRANSFER,481164,SUCCESS,
6896,2025-05-24 09:16:21,2510,,DEPOSIT,69325,FAILED,Network Timeout
6897,2025-10-16 00:11:23,3056,1686,UPI,445,SUCCESS,
6898,2025-03-10 00:13:32,3117,2080,UPI,5624,SUCCESS,
6899,2025-06-04 04:57:02,3757,,WITHDRAWAL,23548,SUCCESS,
6900,2025-12-27 20:59:30,4483,4486,FUND TRANSFER,38398,SUCCESS,
6901,2025-11-01 03:40:14,2392,4279,FUND TRANSFER,905547,SUCCESS,
6902,2025-02-18 22:27:49,3603,3806,IMPS,144001,SUCCESS,
6903,2025-11-20 10:22:41,4128,1843,FUND TRANSFER,326938,SUCCESS,
6904,2025-10-21 06:35:09,612,,WITHDRAWAL,4093,SUCCESS,
6905,2025-09-25 16:39:30,860,696,UPI,9274,SUCCESS,
6906,2025-11-14 00:20:21,1834,60,UPI,1791,SUCCESS,
6907,2025-07-14 06:20:01,2260,2521,UPI,1554,SUCCESS,
6908,2025-07-17 18:10:04,3862,,ATM WITHDRAWAL,7060,SUCCESS,
6909,2025-07-04 00:37:49,1481,3808,FUND TRANSFER,107263,SUCCESS,
6910,2025-04-14 11:33:27,903,3004,UPI,290,SUCCESS,
6911,2025-12-17 13:05:52,4947,,ATM WITHDRAWAL,2469,SUCCESS,
6912,2025-02-09 04:06:37,4810,2959,FUND TRANSFER,87508,SUCCESS,
6913,2025-01-05 19:47:44,1703,1769,FUND TRANSFER,77568,FAILED,Invalid Account
6914,2025-09-07 16:24:23,340,1849,UPI,3916,SUCCESS,
6915,2025-11-15 09:14:36,2988,672,NEFT,139599,SUCCESS,
6916,2025-07-01 22:40:58,1744,,INTEREST CREDIT,13120,SUCCESS,
6917,2025-07-24 02:36:55,1064,,DEPOSIT,80152,SUCCESS,
6918,2025-11-13 17:20:54,2608,,ATM WITHDRAWAL,1986,SUCCESS,
6919,2025-05-21 18:17:52,1764,4233,IMPS,103444,SUCCESS,
6920,2025-06-03 01:51:35,3783,422,UPI,7705,SUCCESS,
6921,2025-10-18 21:14:52,1396,3704,UPI,2997,SUCCESS,
6922,2025-06-05 23:56:02,1133,948,IMPS,82456,SUCCESS,
6923,2025-02-12 22:22:24,2043,3320,UPI,1728,SUCCESS,
6924,2025-05-29 17:57:52,4365,,DEPOSIT,562,SUCCESS,
6925,2025-03-17 04:36:25,3968,2761,UPI,5244,SUCCESS,
6926,2025-01-24 17:09:35,3705,644,IMPS,174437,SUCCESS,
6927,2025-04-14 21:46:34,4704,,DEPOSIT,32004,SUCCESS,
6928,2025-02-02 20:47:19,799,,DEPOSIT,59190,SUCCESS,
6929,2025-02-10 23:58:55,4549,4593,UPI,5360,SUCCESS,
6930,2025-07-22 21:51:13,1531,1974,UPI,6615,SUCCESS,
6931,2025-03-13 01:34:17,4695,,DEPOSIT,51693,FAILED,Invalid Account
6932,2025-03-05 06:19:14,367,1422,IMPS,19011,SUCCESS,
6933,2025-01-07 00:43:25,3711,3659,UPI,9547,FAILED,Invalid Account
6934,2025-11-23 07:20:57,1990,4937,UPI,394,SUCCESS,
6935,2025-02-15 15:24:03,2780,,DEPOSIT,84200,SUCCESS,
6936,2025-03-18 13:15:20,95,4587,UPI,3610,SUCCESS,
6937,2025-08-18 20:30:34,3852,,ATM WITHDRAWAL,8740,SUCCESS,
6938,2025-12-21 15:29:57,2764,4780,UPI,8456,SUCCESS,
6939,2025-01-15 06:29:01,4327,2372,NEFT,242793,SUCCESS,
6940,2025-11-12 19:24:34,1287,4079,IMPS,194573,SUCCESS,
6941,2025-10-24 17:07:15,267,1802,IMPS,76779,SUCCESS,
6942,2025-02-09 23:32:38,3372,,ATM WITHDRAWAL,9033,SUCCESS,
6943,2025-01-23 12:55:03,1937,,WITHDRAWAL,33042,SUCCESS,
6944,2025-09-21 12:42:31,3625,924,FUND TRANSFER,380986,SUCCESS,
6945,2025-07-25 04:59:45,1970,,WITHDRAWAL,32293,SUCCESS,
6946,2025-05-28 17:46:35,3294,1964,FUND TRANSFER,657414,SUCCESS,
6947,2025-03-26 20:43:47,1228,2690,IMPS,105525,SUCCESS,
6948,2025-11-20 21:09:37,4962,,WITHDRAWAL,36864,SUCCESS,
6949,2025-05-19 00:01:32,1764,,DEPOSIT,89158,SUCCESS,
6950,2025-05-27 15:22:03,987,,ATM WITHDRAWAL,9305,SUCCESS,
6951,2025-03-23 15:23:29,2301,4636,FUND TRANSFER,95982,SUCCESS,
6952,2025-08-18 19:28:32,4590,76,UPI,7553,SUCCESS,
6953,2025-11-22 17:08:22,2497,2477,FUND TRANSFER,245050,SUCCESS,
6954,2025-04-06 13:05:47,4974,,WITHDRAWAL,11064,SUCCESS,
6955,2025-11-20 17:40:15,2267,,ATM WITHDRAWAL,8585,SUCCESS,
6956,2025-11-18 08:17:16,4289,4226,FUND TRANSFER,390775,SUCCESS,
6957,2025-04-08 19:03:04,4177,,WITHDRAWAL,45331,SUCCESS,
6958,2025-06-27 15:24:58,4553,253,IMPS,171406,SUCCESS,
6959,2025-12-29 05:29:21,4078,3364,FUND TRANSFER,423545,SUCCESS,
6960,2025-08-11 23:54:04,516,,DEPOSIT,30218,SUCCESS,
6961,2025-02-20 10:25:30,470,2013,IMPS,79364,SUCCESS,
6962,2025-04-17 20:02:10,10,876,FUND TRANSFER,626293,SUCCESS,
6963,2025-10-09 03:58:42,1435,507,UPI,6188,SUCCESS,
6964,2025-10-13 11:24:12,3622,3563,FUND TRANSFER,694176,FAILED,Invalid Account
6965,2025-03-19 22:58:59,1340,2804,FUND TRANSFER,256903,SUCCESS,
6966,2025-11-08 13:22:14,4080,,DEPOSIT,77554,SUCCESS,
6967,2025-09-29 09:36:37,4809,1164,UPI,4790,SUCCESS,
6968,2025-04-08 05:15:42,3545,,ATM WITHDRAWAL,6189,SUCCESS,
6969,2025-04-21 14:34:49,208,3488,FUND TRANSFER,950201,SUCCESS,
6970,2025-01-21 06:50:36,2927,175,UPI,5706,SUCCESS,
6971,2025-08-06 18:41:23,1228,,DEPOSIT,60588,SUCCESS,
6972,2025-03-04 07:02:51,4158,167,IMPS,125633,SUCCESS,
6973,2025-03-05 01:01:08,1741,2461,FUND TRANSFER,626712,SUCCESS,
6974,2025-03-13 15:53:19,2624,538,FUND TRANSFER,858840,SUCCESS,
6975,2025-04-10 07:48:16,4022,1398,UPI,5076,SUCCESS,
6976,2025-01-08 21:44:35,555,628,FUND TRANSFER,842966,SUCCESS,
6977,2025-06-23 17:58:47,3625,,DEPOSIT,7182,SUCCESS,
6978,2025-09-30 13:39:20,4224,,WITHDRAWAL,4358,SUCCESS,
6979,2025-05-18 15:52:58,4686,417,FUND TRANSFER,338376,SUCCESS,
6980,2025-02-15 17:04:56,4378,3234,UPI,4816,SUCCESS,
6981,2025-02-17 22:00:51,1014,,WITHDRAWAL,3333,SUCCESS,
6982,2025-03-09 15:50:41,1989,,ATM WITHDRAWAL,8162,SUCCESS,
6983,2025-10-26 09:15:43,1235,1343,FUND TRANSFER,43030,SUCCESS,
6984,2025-10-20 07:50:02,2269,512,UPI,5115,SUCCESS,
6985,2025-02-13 05:03:51,1323,,DEPOSIT,59237,SUCCESS,
6986,2025-09-27 18:32:50,2659,2398,FUND TRANSFER,890637,SUCCESS,
6987,2025-02-21 08:11:22,4907,1490,UPI,2233,SUCCESS,
6988,2025-04-13 07:11:37,2104,3736,NEFT,406271,SUCCESS,
6989,2025-08-24 10:48:21,4046,3938,UPI,5832,SUCCESS,
6990,2025-12-02 15:34:42,389,,ATM WITHDRAWAL,8848,SUCCESS,
6991,2025-09-01 22:47:07,2988,,WITHDRAWAL,43610,SUCCESS,
6992,2025-10-11 04:20:52,4156,470,FUND TRANSFER,945615,SUCCESS,
6993,2025-04-20 01:24:16,4960,,DEPOSIT,88257,SUCCESS,
6994,2025-03-15 10:52:33,4589,2837,IMPS,187428,SUCCESS,
6995,2025-05-27 20:46:59,2615,,ATM WITHDRAWAL,7874,SUCCESS,
6996,2025-02-11 06:46:19,1257,4484,UPI,7792,SUCCESS,
6997,2025-02-25 21:18:46,2750,4179,UPI,7048,SUCCESS,
6998,2025-06-03 06:30:56,250,131,NEFT,412214,SUCCESS,
6999,2025-04-10 00:27:55,4370,,INTEREST CREDIT,8569,SUCCESS,
7000,2025-06-06 21:48:45,2159,,WITHDRAWAL,6224,SUCCESS,
7001,2025-08-16 23:08:43,4083,1225,UPI,57,SUCCESS,
7002,2025-10-05 07:38:28,2742,2022,UPI,2516,SUCCESS,
7003,2025-05-10 03:00:31,2544,945,UPI,59,SUCCESS,
7004,2025-06-01 11:47:16,3235,3484,IMPS,33585,SUCCESS,
7005,2025-05-18 15:34:22,4548,1111,UPI,2241,SUCCESS,
7006,2025-03-28 06:37:45,2333,647,UPI,9865,SUCCESS,
7007,2025-12-22 07:42:21,1971,4583,UPI,6777,SUCCESS,
7008,2025-10-22 13:34:12,774,1879,NEFT,88290,SUCCESS,
7009,2025-08-02 00:10:37,379,1200,FUND TRANSFER,379053,SUCCESS,
7010,2025-03-21 10:12:35,962,,WITHDRAWAL,20385,SUCCESS,
7011,2025-09-17 22:14:39,2606,3173,NEFT,151441,SUCCESS,
7012,2025-09-06 00:52:18,829,,ATM WITHDRAWAL,3136,SUCCESS,
7013,2025-06-02 07:25:43,32,3996,FUND TRANSFER,627582,SUCCESS,
7014,2025-06-11 03:17:22,3713,3916,IMPS,104277,SUCCESS,
7015,2025-10-03 09:22:58,4548,1638,IMPS,22622,SUCCESS,
7016,2025-12-21 06:42:21,2250,210,UPI,3230,SUCCESS,
7017,2025-03-17 19:57:28,39,,ATM WITHDRAWAL,2135,SUCCESS,
7018,2025-05-24 10:42:59,3350,4935,UPI,4879,SUCCESS,
7019,2025-08-15 11:21:19,1710,2895,FUND TRANSFER,151779,SUCCESS,
7020,2025-02-17 10:05:05,3649,4592,IMPS,199347,SUCCESS,
7021,2025-01-20 00:10:01,644,1598,IMPS,66047,SUCCESS,
7022,2025-11-03 15:42:32,934,,ATM WITHDRAWAL,8346,SUCCESS,
7023,2025-02-19 16:24:04,844,,ATM WITHDRAWAL,5497,SUCCESS,
7024,2025-01-23 15:21:04,2857,3808,UPI,9339,SUCCESS,
7025,2025-09-17 22:28:36,4083,4224,UPI,964,SUCCESS,
7026,2025-02-28 06:59:24,3266,835,FUND TRANSFER,916407,SUCCESS,
7027,2025-04-09 21:22:31,2370,2030,UPI,4659,SUCCESS,
7028,2025-01-04 11:34:02,323,4171,FUND TRANSFER,165646,SUCCESS,
7029,2025-09-23 05:45:36,175,,ATM WITHDRAWAL,7022,SUCCESS,
7030,2025-04-19 21:49:53,1077,4827,NEFT,183755,FAILED,Account Blocked
7031,2025-07-03 07:23:10,2702,2327,UPI,6115,SUCCESS,
7032,2025-01-02 16:21:43,3669,,DEPOSIT,26294,SUCCESS,
7033,2025-08-12 14:21:18,1523,1860,NEFT,137586,SUCCESS,
7034,2025-02-22 12:23:57,1122,4093,FUND TRANSFER,466012,SUCCESS,
7035,2025-09-12 17:41:35,77,810,UPI,967,SUCCESS,
7036,2025-11-13 04:19:20,1844,,DEPOSIT,74041,SUCCESS,
7037,2025-06-05 00:08:17,4384,3391,NEFT,32262,SUCCESS,
7038,2025-09-21 19:15:43,2896,2277,NEFT,334032,SUCCESS,
7039,2025-03-24 07:35:10,3512,320,FUND TRANSFER,132680,SUCCESS,
7040,2025-06-01 10:02:33,4605,,WITHDRAWAL,38445,SUCCESS,
7041,2025-10-06 00:14:56,2910,3747,UPI,5114,SUCCESS,
7042,2025-05-24 18:01:28,3841,4949,UPI,3761,SUCCESS,
7043,2025-03-21 07:55:41,4736,526,UPI,9561,SUCCESS,
7044,2025-06-15 15:28:21,477,3458,UPI,5056,SUCCESS,
7045,2025-05-19 11:37:48,1869,1432,NEFT,154955,SUCCESS,
7046,2025-11-11 12:07:55,3320,,DEPOSIT,8459,SUCCESS,
7047,2025-10-19 03:11:33,1477,3746,IMPS,182495,SUCCESS,
7048,2025-07-30 21:58:45,2676,,ATM WITHDRAWAL,1090,SUCCESS,
7049,2025-12-01 20:42:37,106,,DEPOSIT,43474,FAILED,Invalid Account
7050,2025-01-17 00:15:33,4579,886,NEFT,450625,SUCCESS,
7051,2025-10-06 11:21:11,1925,310,UPI,2173,SUCCESS,
7052,2025-06-04 03:36:51,594,2810,UPI,1233,SUCCESS,
7053,2025-11-12 21:27:00,1413,3990,UPI,2721,SUCCESS,
7054,2025-12-30 10:24:29,976,2506,IMPS,153087,SUCCESS,
7055,2025-09-15 14:23:01,2494,18,UPI,59,SUCCESS,
7056,2025-03-03 01:42:16,1631,4947,NEFT,204078,SUCCESS,
7057,2025-11-20 13:21:29,2164,,WITHDRAWAL,33972,SUCCESS,
7058,2025-07-18 20:02:55,1883,1471,UPI,9017,SUCCESS,
7059,2025-12-28 06:08:00,3356,,ATM WITHDRAWAL,1650,SUCCESS,
7060,2025-12-27 07:20:34,412,,WITHDRAWAL,44598,SUCCESS,
7061,2025-11-30 05:41:03,2243,,INTEREST CREDIT,24936,SUCCESS,
7062,2025-03-22 01:23:34,2182,4708,FUND TRANSFER,183636,SUCCESS,
7063,2025-07-08 07:55:41,2691,98,UPI,619,SUCCESS,
7064,2025-04-05 23:45:38,4347,3299,NEFT,282280,SUCCESS,
7065,2025-05-23 02:18:03,3516,,INTEREST CREDIT,11862,SUCCESS,
7066,2025-03-18 20:51:02,4488,546,UPI,8654,SUCCESS,
7067,2025-12-04 17:32:02,3978,2617,UPI,9612,SUCCESS,
7068,2025-10-15 16:54:25,3254,1572,UPI,3958,SUCCESS,
7069,2025-06-25 08:54:44,3574,2619,UPI,4855,SUCCESS,
7070,2025-03-21 17:59:51,2528,4932,FUND TRANSFER,518292,SUCCESS,
7071,2025-04-21 22:11:13,1329,3981,UPI,2755,SUCCESS,
7072,2025-09-14 05:08:01,3418,726,FUND TRANSFER,799150,SUCCESS,
7073,2025-03-22 17:05:44,4412,,ATM WITHDRAWAL,3725,SUCCESS,
7074,2025-04-01 12:11:52,3913,1471,UPI,9536,SUCCESS,
7075,2025-07-13 09:26:14,879,,ATM WITHDRAWAL,2515,SUCCESS,
7076,2025-10-05 04:52:44,2591,2157,UPI,8194,SUCCESS,
7077,2025-09-07 11:17:35,816,357,UPI,2775,SUCCESS,
7078,2025-10-22 04:15:28,10,,WITHDRAWAL,12451,SUCCESS,
7079,2025-07-15 20:20:55,4839,,INTEREST CREDIT,20347,SUCCESS,
7080,2025-09-05 13:11:25,3997,1427,NEFT,322254,SUCCESS,
7081,2025-04-17 04:12:31,4547,2376,FUND TRANSFER,451668,SUCCESS,
7082,2025-04-18 18:53:43,86,,ATM WITHDRAWAL,5458,SUCCESS,
7083,2025-03-15 17:30:12,4415,4507,IMPS,15921,SUCCESS,
7084,2025-07-17 17:00:20,2024,,ATM WITHDRAWAL,4350,SUCCESS,
7085,2025-05-26 23:38:21,4059,2793,IMPS,25572,SUCCESS,
7086,2025-09-01 04:09:49,2258,1462,UPI,4106,SUCCESS,
7087,2025-01-30 01:05:03,522,,DEPOSIT,14365,SUCCESS,
7088,2025-06-17 14:16:20,2732,,WITHDRAWAL,19097,SUCCESS,
7089,2025-10-09 20:43:06,617,2490,NEFT,107702,SUCCESS,
7090,2025-07-06 17:26:31,772,,DEPOSIT,48063,SUCCESS,
7091,2025-01-08 21:55:50,3906,2996,FUND TRANSFER,957796,SUCCESS,
7092,2025-03-03 07:59:32,2185,,DEPOSIT,18321,SUCCESS,
7093,2025-12-28 17:37:08,2498,3600,FUND TRANSFER,26744,SUCCESS,
7094,2025-02-19 18:05:01,3598,,DEPOSIT,2923,SUCCESS,
7095,2025-02-01 11:32:34,661,1770,UPI,8260,SUCCESS,
7096,2025-12-22 05:21:00,1224,,WITHDRAWAL,39252,SUCCESS,
7097,2025-09-14 13:45:37,4453,4436,UPI,6944,SUCCESS,
7098,2025-02-17 12:15:58,2885,2602,FUND TRANSFER,370810,SUCCESS,
7099,2025-05-21 09:48:12,3276,4795,UPI,2645,SUCCESS,
7100,2025-04-02 16:25:11,2033,3128,UPI,156,SUCCESS,
7101,2025-08-30 10:42:08,1137,3962,IMPS,91457,SUCCESS,
7102,2025-12-26 21:29:46,4739,1395,UPI,8658,SUCCESS,
7103,2025-03-31 19:42:19,1255,4289,UPI,9081,SUCCESS,
7104,2025-06-09 15:08:14,4919,1289,UPI,6091,SUCCESS,
7105,2025-08-06 19:24:20,1814,2803,FUND TRANSFER,277221,SUCCESS,
7106,2025-10-01 05:07:24,4169,2503,FUND TRANSFER,539205,SUCCESS,
7107,2025-08-26 01:03:26,944,1005,IMPS,50979,SUCCESS,
7108,2025-06-20 00:25:02,3751,,WITHDRAWAL,20183,FAILED,Insufficient Balance
7109,2025-07-31 00:49:33,37,1027,FUND TRANSFER,905627,SUCCESS,
7110,2025-10-03 10:37:13,3302,4399,FUND TRANSFER,750245,SUCCESS,
7111,2025-06-16 13:35:19,374,1521,FUND TRANSFER,295080,SUCCESS,
7112,2025-10-29 08:56:51,2362,2850,FUND TRANSFER,408270,SUCCESS,
7113,2025-06-26 01:12:14,4620,2114,NEFT,101688,SUCCESS,
7114,2025-06-03 04:16:29,4466,889,UPI,7288,SUCCESS,
7115,2025-11-27 23:16:48,4296,,DEPOSIT,44167,SUCCESS,
7116,2025-05-15 00:05:25,1288,288,FUND TRANSFER,658983,SUCCESS,
7117,2025-05-22 19:47:00,3672,320,FUND TRANSFER,807296,SUCCESS,
7118,2025-10-24 02:34:29,916,210,FUND TRANSFER,91244,SUCCESS,
7119,2025-04-18 05:58:45,2924,1376,IMPS,120336,SUCCESS,
7120,2025-12-13 06:34:34,2662,1833,FUND TRANSFER,452051,SUCCESS,
7121,2025-08-06 02:47:43,4039,1757,FUND TRANSFER,25747,SUCCESS,
7122,2025-12-18 10:51:06,218,3943,UPI,6510,SUCCESS,
7123,2025-11-17 20:28:35,4918,,WITHDRAWAL,4457,SUCCESS,
7124,2025-07-06 10:13:04,3532,4402,IMPS,9878,SUCCESS,
7125,2025-09-04 19:34:44,4257,1252,FUND TRANSFER,279542,SUCCESS,
7126,2025-05-24 15:28:24,3739,2822,FUND TRANSFER,837287,SUCCESS,
7127,2025-12-09 23:11:49,3738,882,UPI,4655,SUCCESS,
7128,2025-10-14 17:21:09,350,450,FUND TRANSFER,751651,SUCCESS,
7129,2025-02-05 09:17:19,3930,2770,IMPS,148449,SUCCESS,
7130,2025-12-24 11:15:24,2156,,ATM WITHDRAWAL,4612,SUCCESS,
7131,2025-01-01 15:40:59,1972,597,UPI,1723,SUCCESS,
7132,2025-09-02 16:28:41,1184,,WITHDRAWAL,38935,SUCCESS,
7133,2025-09-30 20:10:52,547,1976,IMPS,67999,SUCCESS,
7134,2025-02-09 06:59:29,2655,2841,FUND TRANSFER,548721,SUCCESS,
7135,2025-09-22 00:53:56,3098,3730,FUND TRANSFER,562450,SUCCESS,
7136,2025-04-28 22:33:22,4160,643,UPI,8859,SUCCESS,
7137,2025-12-03 00:40:35,1479,1432,IMPS,40134,SUCCESS,
7138,2025-12-08 20:23:36,1209,,DEPOSIT,38025,SUCCESS,
7139,2025-06-13 11:19:36,2305,3260,FUND TRANSFER,403646,SUCCESS,
7140,2025-01-13 22:52:20,1485,3852,UPI,2137,SUCCESS,
7141,2025-09-15 06:23:51,363,4802,FUND TRANSFER,356129,SUCCESS,
7142,2025-01-19 02:20:42,2273,2342,FUND TRANSFER,614663,SUCCESS,
7143,2025-03-16 02:12:23,2892,4937,NEFT,377243,SUCCESS,
7144,2025-03-23 08:17:56,4479,,ATM WITHDRAWAL,4558,SUCCESS,
7145,2025-05-22 13:03:13,2544,348,UPI,3697,SUCCESS,
7146,2025-03-28 13:35:17,1587,3252,UPI,6806,SUCCESS,
7147,2025-05-23 23:53:04,3076,2628,UPI,5835,SUCCESS,
7148,2025-06-04 08:53:48,2620,1195,UPI,2799,SUCCESS,
7149,2025-10-02 23:02:13,1922,,ATM WITHDRAWAL,2139,SUCCESS,
7150,2025-10-22 03:09:49,2526,4280,FUND TRANSFER,883623,SUCCESS,
7151,2025-09-06 07:43:47,777,4194,FUND TRANSFER,186399,SUCCESS,
7152,2025-08-28 07:25:24,3363,3623,IMPS,118605,SUCCESS,
7153,2025-07-26 23:07:11,4628,3736,UPI,9690,SUCCESS,
7154,2025-09-20 19:08:47,2801,4004,UPI,5768,SUCCESS,
7155,2025-01-21 17:48:58,514,,ATM WITHDRAWAL,5977,SUCCESS,
7156,2025-05-12 18:20:09,349,,WITHDRAWAL,979,SUCCESS,
7157,2025-09-08 06:07:47,3561,1806,UPI,3904,SUCCESS,
7158,2025-03-15 16:41:10,3991,3508,UPI,2496,SUCCESS,
7159,2025-03-10 07:35:53,1466,3070,FUND TRANSFER,932462,SUCCESS,
7160,2025-06-26 07:01:26,2970,,ATM WITHDRAWAL,7799,SUCCESS,
7161,2025-10-01 03:23:39,4451,4248,UPI,4514,SUCCESS,
7162,2025-03-18 20:55:29,2270,1621,IMPS,121388,SUCCESS,
7163,2025-04-26 14:31:23,1348,2347,UPI,9365,SUCCESS,
7164,2025-11-16 11:33:22,806,,DEPOSIT,82175,SUCCESS,
7165,2025-12-22 14:44:56,3699,1460,NEFT,355742,SUCCESS,
7166,2025-03-20 20:29:18,2822,3841,IMPS,25544,SUCCESS,
7167,2025-09-05 11:13:27,4562,,DEPOSIT,57685,SUCCESS,
7168,2025-02-10 19:03:17,4225,,ATM WITHDRAWAL,4572,SUCCESS,
7169,2025-05-13 18:21:07,4378,4513,UPI,5260,SUCCESS,
7170,2025-02-09 15:16:56,3167,2479,FUND TRANSFER,839708,SUCCESS,
7171,2025-12-30 08:11:41,4657,3225,UPI,2870,SUCCESS,
7172,2025-07-15 22:04:09,3146,,WITHDRAWAL,38275,SUCCESS,
7173,2025-12-14 20:02:10,1107,4136,NEFT,108878,SUCCESS,
7174,2025-02-20 12:51:27,1369,1195,IMPS,68203,SUCCESS,
7175,2025-12-13 02:45:32,680,3429,UPI,7782,SUCCESS,
7176,2025-10-27 14:09:28,632,,WITHDRAWAL,46416,SUCCESS,
7177,2025-04-26 09:40:12,1973,,ATM WITHDRAWAL,3806,SUCCESS,
7178,2025-09-06 03:11:39,853,,INTEREST CREDIT,310,SUCCESS,
7179,2025-05-27 20:48:45,4807,,ATM WITHDRAWAL,1932,SUCCESS,
7180,2025-01-06 09:10:47,786,4486,NEFT,84403,SUCCESS,
7181,2025-04-25 00:29:21,3898,514,FUND TRANSFER,88171,SUCCESS,
7182,2025-07-29 21:09:32,1538,,ATM WITHDRAWAL,1576,SUCCESS,
7183,2025-10-20 14:20:45,1144,,DEPOSIT,54196,SUCCESS,
7184,2025-07-29 05:36:09,2671,660,UPI,3797,SUCCESS,
7185,2025-03-27 12:12:13,1637,71,UPI,5989,SUCCESS,
7186,2025-10-27 09:06:10,564,1199,NEFT,285472,SUCCESS,
7187,2025-11-11 08:06:25,3055,2398,UPI,6987,SUCCESS,
7188,2025-10-23 14:08:04,1332,,WITHDRAWAL,44826,SUCCESS,
7189,2025-10-14 07:38:14,2866,1182,UPI,2286,SUCCESS,
7190,2025-07-26 00:40:25,1427,4023,FUND TRANSFER,37621,SUCCESS,
7191,2025-01-18 10:43:56,666,2772,FUND TRANSFER,558423,SUCCESS,
7192,2025-11-16 19:14:05,3051,2575,UPI,9633,SUCCESS,
7193,2025-10-14 23:40:28,3673,4503,NEFT,303228,SUCCESS,
7194,2025-08-20 12:01:53,278,1984,UPI,3177,SUCCESS,
7195,2025-08-10 15:45:19,5,4677,IMPS,117449,SUCCESS,
7196,2025-01-11 09:25:52,4991,2871,UPI,1700,SUCCESS,
7197,2025-01-24 09:19:10,3162,2509,UPI,4539,SUCCESS,
7198,2025-01-27 12:08:42,2615,,ATM WITHDRAWAL,754,SUCCESS,
7199,2025-11-01 20:00:36,4148,808,UPI,2473,SUCCESS,
7200,2025-05-11 16:35:02,3743,3938,UPI,8380,SUCCESS,
7201,2025-11-27 08:43:19,4966,3161,NEFT,325907,SUCCESS,
7202,2025-06-29 22:33:06,3094,,WITHDRAWAL,15326,SUCCESS,
7203,2025-01-22 04:23:51,380,4704,UPI,4440,SUCCESS,
7204,2025-11-25 01:34:04,1691,2839,FUND TRANSFER,102899,SUCCESS,
7205,2025-01-01 04:51:08,4637,754,IMPS,161353,SUCCESS,
7206,2025-08-08 20:54:04,4907,,ATM WITHDRAWAL,3739,SUCCESS,
7207,2025-09-28 04:40:56,2326,3022,IMPS,38017,SUCCESS,
7208,2025-10-14 01:29:50,555,4905,IMPS,197467,SUCCESS,
7209,2025-10-11 22:44:15,1483,,DEPOSIT,35294,SUCCESS,
7210,2025-08-01 22:51:13,1209,,WITHDRAWAL,24098,SUCCESS,
7211,2025-04-19 19:57:45,1570,,DEPOSIT,62266,SUCCESS,
7212,2025-07-14 04:31:24,2865,,DEPOSIT,57519,SUCCESS,
7213,2025-04-16 06:07:43,1823,,WITHDRAWAL,3234,SUCCESS,
7214,2025-05-05 01:54:41,2202,1054,UPI,3600,SUCCESS,
7215,2025-01-15 11:48:27,3672,2359,UPI,5228,SUCCESS,
7216,2025-03-11 14:04:58,1803,1279,IMPS,90697,SUCCESS,
7217,2025-07-23 16:00:52,2033,,WITHDRAWAL,20308,SUCCESS,
7218,2025-09-29 17:55:55,2629,2070,FUND TRANSFER,679437,SUCCESS,
7219,2025-03-28 21:44:11,1659,187,UPI,7545,SUCCESS,
7220,2025-06-11 06:50:16,69,,WITHDRAWAL,46004,SUCCESS,
7221,2025-03-19 22:25:50,3270,,DEPOSIT,71394,SUCCESS,
7222,2025-06-03 13:04:12,4178,488,UPI,7883,SUCCESS,
7223,2025-05-08 21:58:05,2429,,DEPOSIT,72870,SUCCESS,
7224,2025-10-14 12:31:54,2193,1890,UPI,5879,SUCCESS,
7225,2025-03-26 15:31:42,938,,WITHDRAWAL,35531,SUCCESS,
7226,2025-01-26 07:00:56,2442,3170,FUND TRANSFER,588275,SUCCESS,
7227,2025-05-11 15:12:15,3081,4111,UPI,279,SUCCESS,
7228,2025-02-22 04:26:37,215,4972,UPI,2577,SUCCESS,
7229,2025-10-16 13:50:50,787,4291,FUND TRANSFER,641995,SUCCESS,
7230,2025-09-11 10:49:11,3544,,WITHDRAWAL,49857,SUCCESS,
7231,2025-04-25 09:39:01,3131,,WITHDRAWAL,29238,SUCCESS,
7232,2025-06-29 01:00:57,3495,,WITHDRAWAL,41742,SUCCESS,
7233,2025-04-09 11:03:02,2067,2317,FUND TRANSFER,321725,SUCCESS,
7234,2025-06-06 01:04:17,4982,,ATM WITHDRAWAL,7990,SUCCESS,
7235,2025-05-01 12:15:04,2006,,ATM WITHDRAWAL,3289,SUCCESS,
7236,2025-08-16 00:10:59,879,2626,FUND TRANSFER,245476,SUCCESS,
7237,2025-01-15 08:31:24,2127,,ATM WITHDRAWAL,2037,SUCCESS,
7238,2025-02-24 08:34:40,4202,,WITHDRAWAL,49935,SUCCESS,
7239,2025-08-06 18:28:12,1926,,INTEREST CREDIT,12713,FAILED,Insufficient Balance
7240,2025-09-16 06:00:38,1202,3013,FUND TRANSFER,795219,SUCCESS,
7241,2025-08-07 05:24:09,2905,,ATM WITHDRAWAL,1336,SUCCESS,
7242,2025-10-12 09:30:01,2738,3599,UPI,9140,SUCCESS,
7243,2025-11-08 19:44:28,895,,WITHDRAWAL,41427,SUCCESS,
7244,2025-10-21 07:18:39,4730,,WITHDRAWAL,19446,SUCCESS,
7245,2025-12-18 19:30:38,598,,DEPOSIT,74861,SUCCESS,
7246,2025-07-07 19:31:24,1057,835,UPI,8091,SUCCESS,
7247,2025-04-22 22:13:24,193,3343,NEFT,196433,SUCCESS,
7248,2025-09-15 13:17:36,813,125,UPI,4965,SUCCESS,
7249,2025-12-03 19:00:26,1000,3905,IMPS,181649,SUCCESS,
7250,2025-03-11 13:15:58,881,3989,UPI,6997,SUCCESS,
7251,2025-08-27 11:33:57,4190,3940,FUND TRANSFER,192389,SUCCESS,
7252,2025-03-13 18:15:44,3395,3634,FUND TRANSFER,558548,SUCCESS,
7253,2025-10-17 13:23:30,4669,2711,UPI,2154,SUCCESS,
7254,2025-12-26 00:20:14,1930,,INTEREST CREDIT,12449,SUCCESS,
7255,2025-10-07 12:02:25,3662,,INTEREST CREDIT,15932,SUCCESS,
7256,2025-01-20 11:12:21,4144,1422,UPI,1760,SUCCESS,
7257,2025-03-24 20:17:57,2406,238,UPI,2059,SUCCESS,
7258,2025-05-07 13:31:38,2879,,DEPOSIT,95903,SUCCESS,
7259,2025-03-11 10:36:21,1170,,INTEREST CREDIT,17480,SUCCESS,
7260,2025-11-19 18:28:19,1597,,ATM WITHDRAWAL,2988,SUCCESS,
7261,2025-04-22 09:57:17,1040,2567,IMPS,5247,SUCCESS,
7262,2025-08-28 12:49:40,4303,3634,NEFT,116426,SUCCESS,
7263,2025-07-20 03:29:39,2484,1992,FUND TRANSFER,49978,SUCCESS,
7264,2025-07-27 05:25:07,4555,,INTEREST CREDIT,7492,SUCCESS,
7265,2025-12-12 05:49:27,1272,,DEPOSIT,76193,SUCCESS,
7266,2025-02-26 05:47:09,4195,2157,UPI,174,SUCCESS,
7267,2025-06-11 05:31:36,752,,DEPOSIT,78889,SUCCESS,
7268,2025-02-22 11:59:19,4848,1851,FUND TRANSFER,287579,SUCCESS,
7269,2025-04-15 12:12:10,4369,208,FUND TRANSFER,898588,SUCCESS,
7270,2025-10-07 03:35:16,3513,3158,UPI,6734,SUCCESS,
7271,2025-04-25 15:59:02,63,,WITHDRAWAL,36737,SUCCESS,
7272,2025-01-29 03:19:10,1032,1481,NEFT,139470,SUCCESS,
7273,2025-10-16 04:39:41,2628,4751,UPI,6759,SUCCESS,
7274,2025-08-20 16:59:02,1834,4485,FUND TRANSFER,681750,SUCCESS,
7275,2025-04-28 02:38:19,3482,,WITHDRAWAL,8936,SUCCESS,
7276,2025-08-23 19:58:38,3267,717,FUND TRANSFER,857290,SUCCESS,
7277,2025-11-22 14:30:57,1676,2879,FUND TRANSFER,833709,SUCCESS,
7278,2025-02-26 13:45:20,538,3246,UPI,5355,SUCCESS,
7279,2025-03-01 01:09:42,733,7,IMPS,167606,SUCCESS,
7280,2025-08-28 13:21:07,3994,,WITHDRAWAL,7533,SUCCESS,
7281,2025-05-31 16:57:54,3341,,DEPOSIT,48536,SUCCESS,
7282,2025-04-11 13:19:54,3059,,ATM WITHDRAWAL,7416,SUCCESS,
7283,2025-05-22 09:08:47,3182,,WITHDRAWAL,35518,SUCCESS,
7284,2025-11-19 02:37:54,2351,3491,FUND TRANSFER,768336,SUCCESS,
7285,2025-04-02 18:04:48,476,3257,FUND TRANSFER,326846,FAILED,Daily Limit Exceeded
7286,2025-01-03 05:35:33,2234,3391,UPI,8734,SUCCESS,
7287,2025-07-19 21:55:34,60,,INTEREST CREDIT,463,SUCCESS,
7288,2025-06-06 06:40:22,1752,,DEPOSIT,11373,FAILED,Daily Limit Exceeded
7289,2025-06-20 02:34:14,718,,DEPOSIT,80294,SUCCESS,
7290,2025-08-04 05:31:45,4196,,DEPOSIT,40240,SUCCESS,
7291,2025-05-05 10:47:18,4583,1369,UPI,9789,SUCCESS,
7292,2025-11-30 18:59:13,945,,ATM WITHDRAWAL,8354,SUCCESS,
7293,2025-06-27 09:12:32,2025,,DEPOSIT,96575,SUCCESS,
7294,2025-01-31 14:31:08,2683,,ATM WITHDRAWAL,8678,SUCCESS,
7295,2025-02-04 09:13:05,2127,645,UPI,2030,SUCCESS,
7296,2025-06-10 03:29:28,1573,,ATM WITHDRAWAL,8363,SUCCESS,
7297,2025-12-03 12:00:56,1136,1792,IMPS,43179,SUCCESS,
7298,2025-08-05 01:12:17,3340,,DEPOSIT,90426,SUCCESS,
7299,2025-05-08 20:57:01,4671,,INTEREST CREDIT,11163,SUCCESS,
7300,2025-09-19 05:52:10,2424,,INTEREST CREDIT,1955,SUCCESS,
7301,2025-06-13 18:47:32,1241,641,FUND TRANSFER,102360,FAILED,Beneficiary Not Found
7302,2025-01-01 04:20:02,3131,,WITHDRAWAL,13451,SUCCESS,
7303,2025-10-21 18:57:57,2390,,ATM WITHDRAWAL,1165,SUCCESS,
7304,2025-08-01 05:36:23,4948,,ATM WITHDRAWAL,7960,SUCCESS,
7305,2025-11-28 03:54:32,533,,ATM WITHDRAWAL,6096,SUCCESS,
7306,2025-03-06 06:26:12,2994,385,UPI,1156,SUCCESS,
7307,2025-03-10 23:52:17,433,,WITHDRAWAL,3431,SUCCESS,
7308,2025-12-30 14:36:42,4711,,DEPOSIT,76439,FAILED,Beneficiary Not Found
7309,2025-06-26 12:26:07,263,,ATM WITHDRAWAL,5442,SUCCESS,
7310,2025-01-30 00:28:44,3981,4781,UPI,72,SUCCESS,
7311,2025-07-25 03:16:21,4577,3427,IMPS,142107,SUCCESS,
7312,2025-06-15 13:53:45,1238,,ATM WITHDRAWAL,1888,SUCCESS,
7313,2025-07-21 06:36:51,4970,,WITHDRAWAL,21206,SUCCESS,
7314,2025-06-13 01:06:20,4969,,DEPOSIT,61513,SUCCESS,
7315,2025-09-14 03:16:36,3175,,WITHDRAWAL,7004,SUCCESS,
7316,2025-11-22 12:08:52,4189,3714,UPI,2925,SUCCESS,
7317,2025-09-22 08:27:14,3232,4326,IMPS,39075,SUCCESS,
7318,2025-02-10 19:17:47,2474,,ATM WITHDRAWAL,1952,SUCCESS,
7319,2025-01-10 15:10:26,4520,4672,UPI,8143,SUCCESS,
7320,2025-02-01 14:30:19,783,,DEPOSIT,27163,SUCCESS,
7321,2025-04-07 01:20:31,2472,4006,IMPS,33249,SUCCESS,
7322,2025-09-04 19:30:06,4859,,WITHDRAWAL,8114,SUCCESS,
7323,2025-08-09 10:59:03,724,,INTEREST CREDIT,24257,SUCCESS,
7324,2025-09-10 00:13:03,2431,955,UPI,5127,SUCCESS,
7325,2025-10-01 16:00:04,858,,ATM WITHDRAWAL,8683,SUCCESS,
7326,2025-09-05 14:35:14,169,1239,UPI,3151,SUCCESS,
7327,2025-04-20 05:30:15,4774,2345,UPI,14,SUCCESS,
7328,2025-01-23 16:25:02,598,,DEPOSIT,36584,SUCCESS,
7329,2025-05-20 16:13:40,3510,,ATM WITHDRAWAL,6937,SUCCESS,
7330,2025-07-02 01:46:48,2967,,ATM WITHDRAWAL,3974,SUCCESS,
7331,2025-09-08 20:03:38,2894,,DEPOSIT,53222,SUCCESS,
7332,2025-02-24 01:03:53,652,,WITHDRAWAL,17335,SUCCESS,
7333,2025-03-30 23:45:46,2490,3048,UPI,3240,SUCCESS,
7334,2025-11-30 12:20:39,3512,1906,FUND TRANSFER,593844,SUCCESS,
7335,2025-07-18 16:53:24,4975,3124,NEFT,54497,SUCCESS,
7336,2025-04-15 15:47:50,3606,2478,FUND TRANSFER,803469,SUCCESS,
7337,2025-05-11 22:41:54,1162,,ATM WITHDRAWAL,6418,SUCCESS,
7338,2025-11-06 16:30:33,1826,3975,NEFT,39891,SUCCESS,
7339,2025-10-16 17:29:39,4988,,ATM WITHDRAWAL,4818,FAILED,Invalid Account
7340,2025-11-03 11:13:57,3257,,WITHDRAWAL,7745,SUCCESS,
7341,2025-06-09 07:41:46,4945,,ATM WITHDRAWAL,4244,SUCCESS,
7342,2025-02-05 07:15:26,1227,,WITHDRAWAL,16129,SUCCESS,
7343,2025-09-26 23:52:57,3274,3481,UPI,3700,SUCCESS,
7344,2025-10-28 19:22:17,101,,WITHDRAWAL,42106,SUCCESS,
7345,2025-02-18 10:59:39,2699,,ATM WITHDRAWAL,4764,SUCCESS,
7346,2025-09-29 10:15:05,612,,DEPOSIT,75634,SUCCESS,
7347,2025-09-05 17:11:19,1234,,DEPOSIT,63217,FAILED,Beneficiary Not Found
7348,2025-03-25 23:09:23,2564,,DEPOSIT,78453,SUCCESS,
7349,2025-01-12 21:12:58,3825,,DEPOSIT,70517,SUCCESS,
7350,2025-10-21 16:46:18,3035,,ATM WITHDRAWAL,9534,SUCCESS,
7351,2025-02-05 01:52:59,2062,527,UPI,151,SUCCESS,
7352,2025-08-17 21:49:55,3217,2834,NEFT,202875,SUCCESS,
7353,2025-08-16 04:26:41,4530,1106,FUND TRANSFER,890468,SUCCESS,
7354,2025-08-05 09:23:03,3112,,WITHDRAWAL,13842,SUCCESS,
7355,2025-04-21 02:55:43,800,,ATM WITHDRAWAL,1165,SUCCESS,
7356,2025-11-22 20:31:50,4096,1365,FUND TRANSFER,235353,SUCCESS,
7357,2025-12-02 11:32:40,2633,2,UPI,146,SUCCESS,
7358,2025-08-11 19:10:15,979,,DEPOSIT,64611,SUCCESS,
7359,2025-03-28 15:45:17,3669,2910,UPI,4877,SUCCESS,
7360,2025-07-02 11:27:44,1529,2296,FUND TRANSFER,868520,SUCCESS,
7361,2025-08-15 11:49:44,3867,,ATM WITHDRAWAL,6713,SUCCESS,
7362,2025-11-28 18:45:31,2343,2785,UPI,4142,SUCCESS,
7363,2025-07-14 21:58:40,616,,ATM WITHDRAWAL,8733,SUCCESS,
7364,2025-05-19 18:17:18,1403,3440,FUND TRANSFER,855466,SUCCESS,
7365,2025-07-14 02:41:21,3763,,ATM WITHDRAWAL,2010,SUCCESS,
7366,2025-06-22 13:13:29,3144,2866,UPI,1699,SUCCESS,
7367,2025-11-03 23:33:23,1910,4994,FUND TRANSFER,293218,SUCCESS,
7368,2025-11-09 13:50:30,550,3946,NEFT,55891,SUCCESS,
7369,2025-11-12 17:27:27,4799,326,IMPS,146872,SUCCESS,
7370,2025-03-13 04:46:52,524,4752,UPI,8519,SUCCESS,
7371,2025-11-21 12:02:27,1223,1229,UPI,8472,FAILED,Insufficient Balance
7372,2025-04-15 23:37:54,4855,2769,UPI,220,SUCCESS,
7373,2025-03-13 17:25:11,972,,ATM WITHDRAWAL,7038,SUCCESS,
7374,2025-06-24 20:24:53,2193,,ATM WITHDRAWAL,596,SUCCESS,
7375,2025-03-24 07:47:56,136,3578,UPI,165,SUCCESS,
7376,2025-05-01 15:22:56,3416,,DEPOSIT,64880,SUCCESS,
7377,2025-11-30 10:49:02,1353,2281,UPI,4669,SUCCESS,
7378,2025-02-20 04:35:16,2001,,ATM WITHDRAWAL,2314,SUCCESS,
7379,2025-09-28 11:44:10,4239,,WITHDRAWAL,1456,SUCCESS,
7380,2025-07-06 05:49:08,1990,,DEPOSIT,14044,SUCCESS,
7381,2025-11-01 04:04:20,849,,DEPOSIT,6509,SUCCESS,
7382,2025-01-03 22:20:41,1397,2167,NEFT,45783,SUCCESS,
7383,2025-01-08 17:19:40,2957,,DEPOSIT,63122,SUCCESS,
7384,2025-12-25 21:29:14,1243,,ATM WITHDRAWAL,7058,SUCCESS,
7385,2025-05-10 23:51:36,1869,456,UPI,9092,SUCCESS,
7386,2025-08-24 19:17:25,2138,,WITHDRAWAL,27832,SUCCESS,
7387,2025-09-11 01:58:42,1494,2587,UPI,8811,SUCCESS,
7388,2025-06-12 05:43:45,3259,2237,UPI,6704,SUCCESS,
7389,2025-09-23 06:55:06,1389,980,IMPS,114399,SUCCESS,
7390,2025-09-21 00:36:54,3471,,WITHDRAWAL,37853,SUCCESS,
7391,2025-04-09 04:11:01,3239,699,FUND TRANSFER,135457,SUCCESS,
7392,2025-02-09 17:19:09,1485,4187,UPI,180,SUCCESS,
7393,2025-11-24 08:15:05,173,3362,UPI,7869,SUCCESS,
7394,2025-05-21 09:44:41,2855,3650,UPI,584,SUCCESS,
7395,2025-03-27 23:11:33,1077,3367,UPI,6588,SUCCESS,
7396,2025-10-05 18:27:45,4186,,ATM WITHDRAWAL,1111,SUCCESS,
7397,2025-10-31 13:05:41,4762,308,FUND TRANSFER,574034,SUCCESS,
7398,2025-10-04 20:43:48,3259,,ATM WITHDRAWAL,6824,SUCCESS,
7399,2025-04-10 07:19:27,4881,1281,UPI,9425,SUCCESS,
7400,2025-03-10 07:36:15,4461,,ATM WITHDRAWAL,8392,SUCCESS,
7401,2025-07-04 04:24:59,275,,INTEREST CREDIT,9412,SUCCESS,
7402,2025-12-13 18:11:59,3379,,DEPOSIT,58834,SUCCESS,
7403,2025-01-10 03:23:49,1088,1865,UPI,3731,SUCCESS,
7404,2025-10-16 07:39:35,2892,3161,NEFT,313314,SUCCESS,
7405,2025-04-14 11:10:38,1172,,DEPOSIT,83553,SUCCESS,
7406,2025-06-12 04:02:23,433,134,FUND TRANSFER,69620,SUCCESS,
7407,2025-04-29 06:10:38,4325,1569,FUND TRANSFER,193484,SUCCESS,
7408,2025-05-03 00:53:20,2865,3729,UPI,3560,SUCCESS,
7409,2025-12-24 19:09:18,2104,3110,IMPS,25606,SUCCESS,
7410,2025-01-24 04:50:05,2733,837,FUND TRANSFER,716478,SUCCESS,
7411,2025-02-18 12:17:44,2579,2263,FUND TRANSFER,22723,SUCCESS,
7412,2025-03-16 21:28:01,3214,2771,IMPS,137473,SUCCESS,
7413,2025-09-24 12:03:03,4012,,ATM WITHDRAWAL,3594,SUCCESS,
7414,2025-09-26 07:43:43,431,,WITHDRAWAL,21428,SUCCESS,
7415,2025-12-19 08:23:28,2421,803,IMPS,197518,SUCCESS,
7416,2025-09-16 10:02:09,1180,,ATM WITHDRAWAL,3756,SUCCESS,
7417,2025-02-18 23:56:57,4148,763,FUND TRANSFER,982684,SUCCESS,
7418,2025-08-21 02:59:55,4173,,DEPOSIT,14486,SUCCESS,
7419,2025-01-17 06:35:28,1794,,WITHDRAWAL,16940,SUCCESS,
7420,2025-11-27 01:39:06,3241,4265,UPI,1826,SUCCESS,
7421,2025-04-26 04:58:33,889,2218,NEFT,28077,SUCCESS,
7422,2025-04-30 16:42:48,251,,ATM WITHDRAWAL,7603,SUCCESS,
7423,2025-08-01 03:33:34,2345,,ATM WITHDRAWAL,9223,SUCCESS,
7424,2025-02-26 11:18:38,4452,,ATM WITHDRAWAL,5931,SUCCESS,
7425,2025-09-28 06:37:27,571,4006,UPI,2109,SUCCESS,
7426,2025-04-28 04:35:35,1463,186,UPI,8835,SUCCESS,
7427,2025-07-31 15:16:15,1978,2579,NEFT,227322,SUCCESS,
7428,2025-06-04 22:54:42,1461,2816,FUND TRANSFER,83355,FAILED,Beneficiary Not Found
7429,2025-05-27 14:12:21,4573,,ATM WITHDRAWAL,471,SUCCESS,
7430,2025-07-28 22:41:10,3950,240,FUND TRANSFER,252975,SUCCESS,
7431,2025-11-24 10:44:04,522,4490,FUND TRANSFER,102112,SUCCESS,
7432,2025-04-29 00:31:04,4147,4496,UPI,8820,SUCCESS,
7433,2025-11-02 07:59:21,500,165,FUND TRANSFER,375965,SUCCESS,
7434,2025-06-10 01:47:24,3039,,ATM WITHDRAWAL,6348,SUCCESS,
7435,2025-01-07 19:20:14,3091,1241,UPI,7658,SUCCESS,
7436,2025-12-20 10:41:23,2567,,ATM WITHDRAWAL,9417,SUCCESS,
7437,2025-07-31 17:20:30,3503,181,UPI,2384,SUCCESS,
7438,2025-12-31 17:19:42,2488,3076,FUND TRANSFER,890076,SUCCESS,
7439,2025-07-02 01:27:18,1246,,DEPOSIT,98838,SUCCESS,
7440,2025-06-09 02:43:37,4185,,WITHDRAWAL,4202,SUCCESS,
7441,2025-12-13 21:41:27,3634,2302,NEFT,218312,SUCCESS,
7442,2025-05-08 20:22:28,4401,,DEPOSIT,26372,SUCCESS,
7443,2025-02-24 20:01:57,1679,,DEPOSIT,37910,SUCCESS,
7444,2025-07-07 17:05:10,1498,4438,UPI,9511,SUCCESS,
7445,2025-03-04 06:23:53,412,,ATM WITHDRAWAL,4364,SUCCESS,
7446,2025-11-20 21:30:16,539,381,UPI,6660,SUCCESS,
7447,2025-01-30 02:14:06,139,2515,FUND TRANSFER,810293,SUCCESS,
7448,2025-03-24 23:14:15,4281,2741,IMPS,125872,SUCCESS,
7449,2025-03-23 15:20:31,3447,4401,UPI,4057,SUCCESS,
7450,2025-04-08 09:31:16,462,3904,FUND TRANSFER,148282,SUCCESS,
7451,2025-11-16 08:29:52,2677,,DEPOSIT,86576,SUCCESS,
7452,2025-04-24 20:29:42,1161,,WITHDRAWAL,18828,SUCCESS,
7453,2025-06-25 23:27:24,1789,3074,UPI,8188,SUCCESS,
7454,2025-02-20 01:28:00,2793,,ATM WITHDRAWAL,3726,FAILED,Account Blocked
7455,2025-09-15 20:16:23,1153,,ATM WITHDRAWAL,5620,FAILED,Network Timeout
7456,2025-02-09 17:20:24,1783,1778,UPI,6636,SUCCESS,
7457,2025-07-14 10:05:29,2901,493,UPI,2563,SUCCESS,
7458,2025-07-23 05:27:56,2819,,ATM WITHDRAWAL,2820,SUCCESS,
7459,2025-05-13 21:57:21,651,4354,FUND TRANSFER,233580,SUCCESS,
7460,2025-11-13 21:19:30,4800,2487,UPI,3050,SUCCESS,
7461,2025-08-27 17:11:29,1556,,WITHDRAWAL,39136,SUCCESS,
7462,2025-01-07 17:35:29,2090,,ATM WITHDRAWAL,6649,SUCCESS,
7463,2025-03-13 20:25:17,3877,1968,UPI,9482,SUCCESS,
7464,2025-08-15 01:47:54,3333,3424,FUND TRANSFER,897253,SUCCESS,
7465,2025-02-16 05:28:32,938,,ATM WITHDRAWAL,1384,SUCCESS,
7466,2025-03-22 23:23:56,3842,723,UPI,5376,SUCCESS,
7467,2025-01-25 16:35:18,1661,312,UPI,1463,SUCCESS,
7468,2025-01-09 12:38:54,4326,,ATM WITHDRAWAL,6064,SUCCESS,
7469,2025-03-19 10:33:58,4048,2759,FUND TRANSFER,366532,SUCCESS,
7470,2025-02-09 15:44:58,3939,1336,IMPS,83055,SUCCESS,
7471,2025-01-30 04:03:32,1028,1243,UPI,4688,SUCCESS,
7472,2025-10-03 08:31:59,2258,,WITHDRAWAL,26663,SUCCESS,
7473,2025-12-07 21:55:09,2954,4219,UPI,1921,SUCCESS,
7474,2025-04-01 04:24:37,1988,3685,UPI,5664,SUCCESS,
7475,2025-09-19 11:22:02,3317,1464,FUND TRANSFER,452011,SUCCESS,
7476,2025-06-17 12:20:27,4957,1786,UPI,6569,SUCCESS,
7477,2025-06-05 07:06:28,3133,190,UPI,3053,SUCCESS,
7478,2025-03-18 13:14:21,1999,1211,NEFT,138004,SUCCESS,
7479,2025-02-22 22:50:20,2765,,WITHDRAWAL,22314,SUCCESS,
7480,2025-03-31 19:47:03,891,,ATM WITHDRAWAL,5334,SUCCESS,
7481,2025-05-24 23:29:27,4783,3978,IMPS,51034,SUCCESS,
7482,2025-08-22 06:41:28,1829,3080,FUND TRANSFER,36381,SUCCESS,
7483,2025-12-18 22:22:24,2379,1314,IMPS,166509,SUCCESS,
7484,2025-02-21 23:02:17,2731,356,FUND TRANSFER,31797,SUCCESS,
7485,2025-02-06 10:53:03,3313,209,FUND TRANSFER,723220,SUCCESS,
7486,2025-07-25 10:54:20,4671,3685,UPI,5105,SUCCESS,
7487,2025-01-29 11:10:29,3589,821,UPI,6816,SUCCESS,
7488,2025-04-05 17:05:13,239,,INTEREST CREDIT,21166,SUCCESS,
7489,2025-11-18 15:30:28,4992,,DEPOSIT,51578,SUCCESS,
7490,2025-11-30 11:09:54,1109,640,UPI,2514,SUCCESS,
7491,2025-07-31 03:25:16,221,1691,UPI,7467,SUCCESS,
7492,2025-10-07 19:27:42,4627,2493,FUND TRANSFER,293279,SUCCESS,
7493,2025-05-29 09:59:11,2264,,DEPOSIT,74543,SUCCESS,
7494,2025-01-31 11:12:02,2555,3518,IMPS,119300,SUCCESS,
7495,2025-05-16 09:18:16,362,2554,FUND TRANSFER,499291,SUCCESS,
7496,2025-06-04 21:00:37,2552,3879,UPI,8674,SUCCESS,
7497,2025-11-02 06:45:58,3323,,DEPOSIT,44894,SUCCESS,
7498,2025-10-12 15:17:18,3389,,ATM WITHDRAWAL,8372,SUCCESS,
7499,2025-06-02 12:22:33,915,2781,NEFT,475571,SUCCESS,
7500,2025-07-01 20:54:44,4581,,WITHDRAWAL,3715,SUCCESS,
7501,2025-01-17 04:47:14,1524,4789,FUND TRANSFER,937060,SUCCESS,
7502,2025-11-04 11:09:13,3965,,DEPOSIT,78812,SUCCESS,
7503,2025-04-19 13:40:46,2358,,WITHDRAWAL,38904,SUCCESS,
7504,2025-10-02 15:54:34,325,1909,UPI,1411,SUCCESS,
7505,2025-10-15 06:12:27,674,1202,UPI,8376,SUCCESS,
7506,2025-05-27 04:42:21,109,2149,IMPS,36838,SUCCESS,
7507,2025-06-23 01:32:52,2219,,WITHDRAWAL,6768,SUCCESS,
7508,2025-06-27 16:34:04,3967,,DEPOSIT,41551,SUCCESS,
7509,2025-02-19 07:04:55,4930,2809,NEFT,461168,SUCCESS,
7510,2025-02-18 15:37:16,4681,,ATM WITHDRAWAL,3569,SUCCESS,
7511,2025-06-13 18:52:05,356,,WITHDRAWAL,33450,SUCCESS,
7512,2025-11-04 01:29:11,3698,1175,FUND TRANSFER,309576,SUCCESS,
7513,2025-01-12 02:43:50,2186,,ATM WITHDRAWAL,5766,SUCCESS,
7514,2025-04-01 15:51:21,3902,2852,UPI,2182,SUCCESS,
7515,2025-08-05 16:02:29,837,430,UPI,8818,SUCCESS,
7516,2025-11-14 08:53:51,4935,1564,FUND TRANSFER,542616,SUCCESS,
7517,2025-10-11 03:57:31,2807,1142,NEFT,1081,SUCCESS,
7518,2025-12-11 00:12:54,1427,4689,UPI,624,SUCCESS,
7519,2025-05-28 03:43:06,4974,,DEPOSIT,59726,SUCCESS,
7520,2025-10-25 13:00:53,2947,,WITHDRAWAL,19170,SUCCESS,
7521,2025-07-12 13:31:18,4559,2081,NEFT,305617,SUCCESS,
7522,2025-09-04 14:09:22,4188,,WITHDRAWAL,44709,SUCCESS,
7523,2025-03-21 19:12:12,1281,4495,UPI,536,SUCCESS,
7524,2025-11-09 21:55:44,3033,4052,FUND TRANSFER,701694,SUCCESS,
7525,2025-01-26 13:37:58,2000,,ATM WITHDRAWAL,9899,SUCCESS,
7526,2025-07-26 04:55:52,1569,,WITHDRAWAL,12333,SUCCESS,
7527,2025-03-03 14:57:37,4827,3842,FUND TRANSFER,473769,SUCCESS,
7528,2025-09-19 03:12:09,4064,1633,UPI,4380,SUCCESS,
7529,2025-02-16 18:58:31,953,4172,FUND TRANSFER,578444,SUCCESS,
7530,2025-04-19 14:53:41,4214,,DEPOSIT,68332,SUCCESS,
7531,2025-06-26 22:35:53,747,4068,FUND TRANSFER,685164,SUCCESS,
7532,2025-10-12 14:28:08,3530,4122,UPI,5071,SUCCESS,
7533,2025-11-24 19:05:59,1031,,WITHDRAWAL,1710,SUCCESS,
7534,2025-06-24 19:35:22,3700,1636,UPI,5264,SUCCESS,
7535,2025-10-17 06:38:30,3316,3419,IMPS,16830,SUCCESS,
7536,2025-11-30 12:04:50,1079,,ATM WITHDRAWAL,7901,SUCCESS,
7537,2025-03-16 01:09:53,1489,,WITHDRAWAL,47796,SUCCESS,
7538,2025-05-22 12:21:35,4097,1830,UPI,5952,SUCCESS,
7539,2025-01-11 00:40:18,1768,,DEPOSIT,10167,SUCCESS,
7540,2025-04-23 12:18:02,874,729,FUND TRANSFER,48307,SUCCESS,
7541,2025-09-19 05:44:15,983,3251,FUND TRANSFER,252751,SUCCESS,
7542,2025-07-21 14:41:08,1211,4611,FUND TRANSFER,712666,SUCCESS,
7543,2025-02-14 13:23:18,4642,494,UPI,3472,SUCCESS,
7544,2025-09-13 12:29:12,2095,,DEPOSIT,93490,SUCCESS,
7545,2025-06-02 06:09:16,787,735,NEFT,108268,SUCCESS,
7546,2025-09-16 04:29:06,3776,4261,FUND TRANSFER,884534,SUCCESS,
7547,2025-04-20 12:42:21,4170,3081,UPI,4163,SUCCESS,
7548,2025-06-23 11:10:02,2362,883,FUND TRANSFER,370374,SUCCESS,
7549,2025-12-16 17:56:05,4225,4146,NEFT,257305,SUCCESS,
7550,2025-04-17 20:02:49,1247,1770,UPI,2820,SUCCESS,
7551,2025-06-02 08:31:12,3663,,DEPOSIT,59468,SUCCESS,
7552,2025-08-23 14:10:12,968,,ATM WITHDRAWAL,400,SUCCESS,
7553,2025-11-02 07:11:28,1093,,WITHDRAWAL,27189,SUCCESS,
7554,2025-02-15 08:58:03,1045,,DEPOSIT,67898,SUCCESS,
7555,2025-09-18 16:33:51,4782,109,NEFT,435058,SUCCESS,
7556,2025-12-21 01:25:24,1147,,DEPOSIT,69390,FAILED,Invalid Account
7557,2025-05-30 20:06:04,1094,,ATM WITHDRAWAL,8034,SUCCESS,
7558,2025-07-27 15:17:18,1514,,ATM WITHDRAWAL,8174,SUCCESS,
7559,2025-02-07 18:11:53,159,93,UPI,7287,SUCCESS,
7560,2025-09-18 04:49:17,166,745,NEFT,405288,SUCCESS,
7561,2025-09-24 16:18:29,3498,,WITHDRAWAL,35018,SUCCESS,
7562,2025-12-20 03:24:16,2240,886,UPI,5853,SUCCESS,
7563,2025-06-05 13:26:25,2308,868,NEFT,256296,SUCCESS,
7564,2025-12-23 23:56:02,4123,3331,FUND TRANSFER,723490,SUCCESS,
7565,2025-04-24 19:25:17,2360,2711,IMPS,142207,SUCCESS,
7566,2025-10-11 21:17:00,1972,,ATM WITHDRAWAL,2355,SUCCESS,
7567,2025-08-03 23:41:33,3460,,DEPOSIT,63688,SUCCESS,
7568,2025-12-19 10:49:51,1334,,ATM WITHDRAWAL,5301,SUCCESS,
7569,2025-12-18 16:12:21,3693,,WITHDRAWAL,20171,SUCCESS,
7570,2025-08-25 02:09:25,4752,,DEPOSIT,16772,SUCCESS,
7571,2025-09-14 10:50:10,1199,,WITHDRAWAL,3218,SUCCESS,
7572,2025-10-12 07:05:02,4773,690,FUND TRANSFER,378721,SUCCESS,
7573,2025-10-15 15:47:37,4574,,DEPOSIT,98558,SUCCESS,
7574,2025-05-20 03:14:18,1042,1263,FUND TRANSFER,368923,SUCCESS,
7575,2025-06-20 22:21:13,4889,,DEPOSIT,69787,SUCCESS,
7576,2025-04-11 21:36:46,3675,,DEPOSIT,2139,SUCCESS,
7577,2025-04-28 02:49:05,853,1589,IMPS,112354,SUCCESS,
7578,2025-10-21 23:20:11,3427,1346,IMPS,14742,SUCCESS,
7579,2025-12-22 04:52:51,1254,398,NEFT,173196,SUCCESS,
7580,2025-03-28 13:48:12,4164,,ATM WITHDRAWAL,1879,SUCCESS,
7581,2025-01-02 10:12:42,3661,1571,FUND TRANSFER,4822,SUCCESS,
7582,2025-11-01 06:06:58,1376,2377,IMPS,34021,SUCCESS,
7583,2025-08-14 13:47:55,3002,4148,NEFT,5551,SUCCESS,
7584,2025-06-20 18:33:47,3434,,WITHDRAWAL,6740,SUCCESS,
7585,2025-02-28 06:52:12,3928,4909,FUND TRANSFER,85950,SUCCESS,
7586,2025-04-09 12:32:20,3266,1781,IMPS,132647,SUCCESS,
7587,2025-11-12 03:51:51,1502,4575,IMPS,157973,SUCCESS,
7588,2025-02-01 11:28:34,2678,3242,UPI,739,SUCCESS,
7589,2025-07-02 03:53:46,1276,,WITHDRAWAL,12307,SUCCESS,
7590,2025-06-30 04:51:37,1730,4465,FUND TRANSFER,744743,SUCCESS,
7591,2025-03-24 17:02:10,4686,,DEPOSIT,10055,SUCCESS,
7592,2025-11-01 04:30:59,1342,1295,FUND TRANSFER,845741,SUCCESS,
7593,2025-04-02 16:53:38,3477,4379,NEFT,488028,SUCCESS,
7594,2025-03-24 14:25:20,3968,,ATM WITHDRAWAL,683,SUCCESS,
7595,2025-11-16 04:25:26,68,2085,IMPS,47262,SUCCESS,
7596,2025-07-05 01:02:48,278,2218,UPI,9260,SUCCESS,
7597,2025-12-09 08:51:58,1471,,INTEREST CREDIT,14725,SUCCESS,
7598,2025-07-17 12:42:02,3980,,WITHDRAWAL,3938,SUCCESS,
7599,2025-02-19 14:14:14,4103,2779,FUND TRANSFER,89097,SUCCESS,
7600,2025-08-10 12:11:48,4784,1787,FUND TRANSFER,694506,SUCCESS,
7601,2025-02-16 05:55:45,3100,,ATM WITHDRAWAL,5469,SUCCESS,
7602,2025-10-06 07:53:12,3919,3616,NEFT,160276,SUCCESS,
7603,2025-04-12 08:31:23,3847,,ATM WITHDRAWAL,8825,SUCCESS,
7604,2025-05-14 04:43:41,1778,,WITHDRAWAL,13830,SUCCESS,
7605,2025-03-29 19:08:48,1313,,ATM WITHDRAWAL,2079,FAILED,Invalid Account
7606,2025-08-04 05:53:16,1956,1116,IMPS,110994,SUCCESS,
7607,2025-10-08 23:21:06,2549,,WITHDRAWAL,47772,SUCCESS,
7608,2025-10-18 00:30:58,2081,2192,FUND TRANSFER,420207,FAILED,Network Timeout
7609,2025-06-29 10:30:51,3506,1014,UPI,2903,SUCCESS,
7610,2025-11-02 15:27:03,2038,321,UPI,9667,FAILED,Invalid Account
7611,2025-06-21 13:38:52,4947,1797,UPI,5991,SUCCESS,
7612,2025-04-07 03:03:19,3333,,ATM WITHDRAWAL,7333,SUCCESS,
7613,2025-09-04 05:29:45,369,,ATM WITHDRAWAL,9110,SUCCESS,
7614,2025-11-04 22:53:49,4830,3980,UPI,6011,SUCCESS,
7615,2025-06-11 10:40:15,750,,WITHDRAWAL,15596,SUCCESS,
7616,2025-02-28 16:29:01,888,,DEPOSIT,27830,SUCCESS,
7617,2025-12-30 18:19:35,2813,,WITHDRAWAL,40585,SUCCESS,
7618,2025-03-25 04:00:57,2362,,INTEREST CREDIT,21857,SUCCESS,
7619,2025-04-27 07:40:26,3544,868,UPI,322,SUCCESS,
7620,2025-04-18 01:11:22,1070,27,FUND TRANSFER,567802,SUCCESS,
7621,2025-07-27 11:40:34,3585,3956,FUND TRANSFER,284895,SUCCESS,
7622,2025-12-01 16:57:13,1394,,ATM WITHDRAWAL,8855,SUCCESS,
7623,2025-01-29 09:58:50,4594,,ATM WITHDRAWAL,1292,SUCCESS,
7624,2025-03-07 01:46:22,827,,ATM WITHDRAWAL,2025,SUCCESS,
7625,2025-03-04 07:17:03,1008,4079,UPI,3553,SUCCESS,
7626,2025-09-01 23:19:22,718,,INTEREST CREDIT,3221,SUCCESS,
7627,2025-04-24 09:54:17,3376,1286,UPI,2007,SUCCESS,
7628,2025-07-04 05:57:05,3679,,DEPOSIT,47556,SUCCESS,
7629,2025-12-17 05:33:00,873,,DEPOSIT,60131,SUCCESS,
7630,2025-05-14 00:42:13,3474,2835,UPI,3549,SUCCESS,
7631,2025-06-05 01:46:22,1971,3500,UPI,5432,SUCCESS,
7632,2025-03-20 18:58:07,4416,2442,UPI,7195,SUCCESS,
7633,2025-11-03 11:49:18,2795,,ATM WITHDRAWAL,3318,SUCCESS,
7634,2025-10-30 08:53:36,3459,504,FUND TRANSFER,835105,SUCCESS,
7635,2025-06-15 20:35:20,3838,3258,UPI,3876,SUCCESS,
7636,2025-03-02 00:04:44,3044,797,UPI,1909,FAILED,Invalid Account
7637,2025-07-09 09:59:41,3943,,DEPOSIT,36202,SUCCESS,
7638,2025-12-13 18:55:29,3971,3594,IMPS,188880,SUCCESS,
7639,2025-05-26 15:49:22,1809,2045,FUND TRANSFER,923601,SUCCESS,
7640,2025-04-15 22:15:04,3494,3378,NEFT,187803,SUCCESS,
7641,2025-04-13 11:23:26,1842,3287,UPI,2313,SUCCESS,
7642,2025-02-01 11:38:07,4079,2886,NEFT,241726,SUCCESS,
7643,2025-09-22 12:36:49,4700,3369,FUND TRANSFER,719563,SUCCESS,
7644,2025-02-18 09:21:56,2492,2918,UPI,139,SUCCESS,
7645,2025-07-23 23:38:16,3061,1224,UPI,6459,SUCCESS,
7646,2025-07-12 21:54:43,305,,ATM WITHDRAWAL,2469,FAILED,Insufficient Balance
7647,2025-09-27 05:01:16,2223,1541,FUND TRANSFER,305567,SUCCESS,
7648,2025-12-14 03:58:45,1991,2559,NEFT,450100,SUCCESS,
7649,2025-10-18 22:18:03,879,1026,IMPS,193530,SUCCESS,
7650,2025-01-27 22:54:19,42,1465,UPI,8873,SUCCESS,
7651,2025-10-17 23:20:02,3356,,WITHDRAWAL,43649,SUCCESS,
7652,2025-07-23 22:08:39,3254,3253,UPI,9539,SUCCESS,
7653,2025-06-28 10:04:35,3413,4756,UPI,5709,SUCCESS,
7654,2025-01-22 06:11:03,4973,1056,FUND TRANSFER,679828,SUCCESS,
7655,2025-12-22 18:45:09,4788,,ATM WITHDRAWAL,7000,SUCCESS,
7656,2025-01-15 11:48:20,2247,3092,UPI,9654,SUCCESS,
7657,2025-11-26 02:36:43,3839,,ATM WITHDRAWAL,9112,SUCCESS,
7658,2025-10-18 02:18:30,3319,,ATM WITHDRAWAL,8473,SUCCESS,
7659,2025-04-04 11:27:36,1111,336,FUND TRANSFER,402825,SUCCESS,
7660,2025-09-13 18:20:18,4296,791,NEFT,8193,SUCCESS,
7661,2025-08-12 01:19:22,1183,,ATM WITHDRAWAL,3128,SUCCESS,
7662,2025-06-15 19:51:17,1788,,ATM WITHDRAWAL,9534,SUCCESS,
7663,2025-01-08 17:19:40,4442,3415,IMPS,42571,SUCCESS,
7664,2025-10-17 07:21:08,2677,,WITHDRAWAL,7966,SUCCESS,
7665,2025-01-09 07:30:49,16,,WITHDRAWAL,35891,SUCCESS,
7666,2025-03-26 04:34:27,3170,3500,FUND TRANSFER,927853,SUCCESS,
7667,2025-02-02 11:13:46,3210,783,FUND TRANSFER,131320,SUCCESS,
7668,2025-05-06 08:16:15,3504,3835,UPI,4405,SUCCESS,
7669,2025-11-01 02:53:07,1702,,WITHDRAWAL,535,SUCCESS,
7670,2025-12-16 07:16:52,4069,67,FUND TRANSFER,566180,SUCCESS,
7671,2025-09-04 12:56:00,4539,3180,FUND TRANSFER,973009,SUCCESS,
7672,2025-11-23 17:21:54,310,1775,FUND TRANSFER,926374,SUCCESS,
7673,2025-03-01 03:50:06,4797,1137,UPI,2052,SUCCESS,
7674,2025-08-17 01:34:47,4522,,ATM WITHDRAWAL,2420,SUCCESS,
7675,2025-11-07 07:15:12,38,,DEPOSIT,74387,SUCCESS,
7676,2025-02-03 22:27:36,238,3753,NEFT,466486,SUCCESS,
7677,2025-03-08 17:21:09,2322,3217,UPI,7226,SUCCESS,
7678,2025-06-07 07:00:59,3575,,INTEREST CREDIT,11621,SUCCESS,
7679,2025-12-30 04:03:34,1004,2807,UPI,9795,SUCCESS,
7680,2025-03-27 20:23:27,943,,ATM WITHDRAWAL,4772,SUCCESS,
7681,2025-04-13 18:50:31,667,1455,FUND TRANSFER,294620,SUCCESS,
7682,2025-09-08 01:10:34,2401,6,UPI,4450,SUCCESS,
7683,2025-01-25 07:05:26,3200,,ATM WITHDRAWAL,2784,SUCCESS,
7684,2025-07-15 07:52:10,3325,2736,FUND TRANSFER,85481,SUCCESS,
7685,2025-07-21 14:05:12,3664,,DEPOSIT,91484,SUCCESS,
7686,2025-02-20 14:41:16,3274,2770,IMPS,75588,FAILED,Insufficient Balance
7687,2025-01-09 17:22:16,2476,3034,FUND TRANSFER,925680,SUCCESS,
7688,2025-05-05 13:14:11,4728,1350,UPI,5436,SUCCESS,
7689,2025-02-25 11:00:18,1015,580,UPI,1150,SUCCESS,
7690,2025-01-10 04:12:49,4671,,DEPOSIT,574,SUCCESS,
7691,2025-11-15 23:51:50,3020,3787,FUND TRANSFER,938682,SUCCESS,
7692,2025-06-20 02:48:31,1099,1404,FUND TRANSFER,9145,SUCCESS,
7693,2025-03-31 13:04:43,2774,,ATM WITHDRAWAL,2181,SUCCESS,
7694,2025-11-20 00:26:37,743,1025,FUND TRANSFER,920887,SUCCESS,
7695,2025-08-11 21:26:46,4782,,WITHDRAWAL,7345,SUCCESS,
7696,2025-11-15 21:07:58,368,,INTEREST CREDIT,16603,SUCCESS,
7697,2025-03-31 13:45:42,217,,DEPOSIT,4724,SUCCESS,
7698,2025-12-20 23:25:01,2682,4542,UPI,4734,SUCCESS,
7699,2025-07-06 14:22:00,17,416,UPI,2280,SUCCESS,
7700,2025-04-15 11:57:05,3199,,ATM WITHDRAWAL,7951,SUCCESS,
7701,2025-05-12 00:48:23,935,2291,IMPS,193314,SUCCESS,
7702,2025-04-14 01:25:56,2782,4775,FUND TRANSFER,353791,SUCCESS,
7703,2025-09-11 19:53:45,4191,,WITHDRAWAL,30370,SUCCESS,
7704,2025-01-06 11:02:46,2634,844,UPI,8280,SUCCESS,
7705,2025-06-12 12:19:43,4430,4208,UPI,7130,SUCCESS,
7706,2025-03-23 09:43:17,1499,1540,UPI,1865,SUCCESS,
7707,2025-05-25 17:13:18,3454,702,UPI,8165,SUCCESS,
7708,2025-04-01 22:07:46,1129,1808,UPI,8773,SUCCESS,
7709,2025-03-24 23:12:46,4262,2294,IMPS,108662,SUCCESS,
7710,2025-02-11 14:38:43,1791,,DEPOSIT,71049,SUCCESS,
7711,2025-09-13 00:39:59,4330,,WITHDRAWAL,8749,SUCCESS,
7712,2025-09-18 13:31:25,1623,3397,IMPS,38317,SUCCESS,
7713,2025-03-09 20:57:14,357,1809,UPI,8753,SUCCESS,
7714,2025-06-09 23:35:19,2497,3100,IMPS,114463,SUCCESS,
7715,2025-10-08 15:28:50,2736,2278,IMPS,122010,SUCCESS,
7716,2025-08-13 13:38:09,4052,3473,UPI,7066,SUCCESS,
7717,2025-12-06 20:29:20,3928,,INTEREST CREDIT,1286,SUCCESS,
7718,2025-08-25 17:42:26,4134,4700,FUND TRANSFER,989854,SUCCESS,
7719,2025-06-07 17:04:19,3208,3917,IMPS,1444,SUCCESS,
7720,2025-09-15 19:02:57,2720,4327,UPI,2779,SUCCESS,
7721,2025-01-04 02:19:09,4576,,ATM WITHDRAWAL,3693,SUCCESS,
7722,2025-12-16 12:50:49,4184,2341,FUND TRANSFER,947184,SUCCESS,
7723,2025-06-26 01:12:22,2170,,ATM WITHDRAWAL,1123,SUCCESS,
7724,2025-12-05 03:02:26,1076,3192,IMPS,182830,SUCCESS,
7725,2025-08-10 15:56:31,3749,,INTEREST CREDIT,6473,SUCCESS,
7726,2025-09-30 02:21:52,1305,1051,UPI,5141,SUCCESS,
7727,2025-09-03 11:49:37,2578,491,FUND TRANSFER,32526,SUCCESS,
7728,2025-12-22 15:55:02,1221,3077,FUND TRANSFER,969999,SUCCESS,
7729,2025-10-13 10:02:19,2192,1775,NEFT,161923,SUCCESS,
7730,2025-01-10 11:44:41,4283,2732,UPI,2058,SUCCESS,
7731,2025-12-28 01:49:59,4204,3243,IMPS,18435,SUCCESS,
7732,2025-12-08 21:45:35,4248,,ATM WITHDRAWAL,1999,SUCCESS,
7733,2025-03-15 18:17:13,4573,922,FUND TRANSFER,257723,SUCCESS,
7734,2025-03-17 23:40:45,2958,1743,UPI,2236,SUCCESS,
7735,2025-04-22 02:36:36,850,,WITHDRAWAL,32815,SUCCESS,
7736,2025-02-05 22:11:54,4094,2469,IMPS,176143,SUCCESS,
7737,2025-12-27 03:13:28,1683,,DEPOSIT,55689,SUCCESS,
7738,2025-04-20 06:34:26,840,,ATM WITHDRAWAL,9542,SUCCESS,
7739,2025-01-30 14:47:26,1835,4197,IMPS,87689,SUCCESS,
7740,2025-01-14 09:02:39,742,1090,FUND TRANSFER,827866,SUCCESS,
7741,2025-04-29 22:55:57,92,434,UPI,8215,SUCCESS,
7742,2025-02-17 08:01:07,2873,,DEPOSIT,46375,SUCCESS,
7743,2025-01-22 00:32:08,4106,3981,UPI,1927,SUCCESS,
7744,2025-08-08 21:04:02,3506,,DEPOSIT,31338,SUCCESS,
7745,2025-11-02 02:50:33,37,1410,FUND TRANSFER,298876,SUCCESS,
7746,2025-01-12 13:08:55,1874,4154,UPI,167,SUCCESS,
7747,2025-09-12 03:27:25,2319,,DEPOSIT,31353,SUCCESS,
7748,2025-03-16 22:28:51,3909,,WITHDRAWAL,39352,SUCCESS,
7749,2025-02-22 16:24:44,641,,ATM WITHDRAWAL,5500,SUCCESS,
7750,2025-10-05 02:30:05,4079,3603,UPI,8370,SUCCESS,
7751,2025-09-03 05:36:26,1609,,WITHDRAWAL,9010,SUCCESS,
7752,2025-12-20 23:00:10,2034,,WITHDRAWAL,35764,SUCCESS,
7753,2025-03-14 13:35:15,2157,300,FUND TRANSFER,810343,SUCCESS,
7754,2025-11-10 18:16:38,4312,1489,UPI,2152,SUCCESS,
7755,2025-05-17 20:45:16,2367,2822,IMPS,600,SUCCESS,
7756,2025-06-09 14:06:40,2314,,INTEREST CREDIT,12512,SUCCESS,
7757,2025-09-14 04:54:16,4572,1768,UPI,3024,SUCCESS,
7758,2025-10-19 04:41:09,2308,4054,UPI,5824,SUCCESS,
7759,2025-04-10 05:58:06,1620,3934,NEFT,187914,FAILED,Account Blocked
7760,2025-02-11 07:26:56,2886,4503,FUND TRANSFER,109056,SUCCESS,
7761,2025-07-08 11:23:39,3351,643,IMPS,32344,SUCCESS,
7762,2025-09-21 15:49:05,4451,1939,IMPS,79647,SUCCESS,
7763,2025-10-07 18:31:35,574,1248,FUND TRANSFER,405441,SUCCESS,
7764,2025-02-11 07:20:31,3376,,DEPOSIT,85730,SUCCESS,
7765,2025-10-24 03:04:50,613,1609,IMPS,151477,SUCCESS,
7766,2025-12-24 13:16:17,4784,,ATM WITHDRAWAL,3549,SUCCESS,
7767,2025-12-25 06:27:37,3902,1853,UPI,1913,SUCCESS,
7768,2025-10-03 04:29:15,150,,WITHDRAWAL,43475,SUCCESS,
7769,2025-08-04 07:24:59,4581,4590,UPI,9497,SUCCESS,
7770,2025-04-02 12:46:02,3471,,WITHDRAWAL,34965,SUCCESS,
7771,2025-10-26 19:39:29,4389,,DEPOSIT,60697,SUCCESS,
7772,2025-12-10 23:01:58,3352,,DEPOSIT,94535,SUCCESS,
7773,2025-02-06 10:16:09,3771,1392,FUND TRANSFER,232151,SUCCESS,
7774,2025-11-07 22:35:16,31,2796,FUND TRANSFER,320259,SUCCESS,
7775,2025-09-08 12:04:06,2860,,WITHDRAWAL,3237,SUCCESS,
7776,2025-11-20 19:23:31,3926,,WITHDRAWAL,13380,SUCCESS,
7777,2025-02-06 13:17:05,4470,85,UPI,8102,SUCCESS,
7778,2025-04-30 17:51:39,3766,,DEPOSIT,46899,SUCCESS,
7779,2025-07-19 15:07:07,3546,,ATM WITHDRAWAL,6325,SUCCESS,
7780,2025-12-18 21:33:14,347,936,UPI,8245,SUCCESS,
7781,2025-06-26 20:03:06,1046,4851,UPI,5798,SUCCESS,
7782,2025-05-30 04:40:15,2430,693,FUND TRANSFER,996586,SUCCESS,
7783,2025-11-08 17:23:17,516,,ATM WITHDRAWAL,2397,SUCCESS,
7784,2025-10-28 21:32:41,2090,1428,UPI,6659,SUCCESS,
7785,2025-05-23 08:57:26,2847,179,UPI,5235,SUCCESS,
7786,2025-02-12 07:44:43,4444,382,UPI,1037,SUCCESS,
7787,2025-01-08 02:17:12,598,,WITHDRAWAL,34426,FAILED,Daily Limit Exceeded
7788,2025-12-19 21:57:45,1457,3494,NEFT,351528,SUCCESS,
7789,2025-03-26 04:07:21,2891,,ATM WITHDRAWAL,8995,SUCCESS,
7790,2025-05-27 00:53:31,3570,2700,UPI,9915,SUCCESS,
7791,2025-11-15 16:48:36,2926,4783,UPI,3443,SUCCESS,
7792,2025-03-19 12:00:00,4754,3638,UPI,3113,SUCCESS,
7793,2025-03-11 15:58:50,1723,4478,UPI,7611,SUCCESS,
7794,2025-07-22 07:26:08,4940,3974,FUND TRANSFER,531588,SUCCESS,
7795,2025-08-16 12:14:41,2103,3381,FUND TRANSFER,27467,SUCCESS,
7796,2025-03-14 11:45:36,4427,2777,FUND TRANSFER,600456,SUCCESS,
7797,2025-07-15 16:47:19,4771,350,IMPS,72002,SUCCESS,
7798,2025-12-06 22:22:23,4789,,ATM WITHDRAWAL,7521,SUCCESS,
7799,2025-01-12 18:35:48,376,3700,UPI,6888,SUCCESS,
7800,2025-03-31 18:07:55,1872,,ATM WITHDRAWAL,3098,SUCCESS,
7801,2025-12-07 07:11:25,3734,,DEPOSIT,14689,FAILED,Insufficient Balance
7802,2025-02-21 04:51:40,4452,1577,UPI,4385,SUCCESS,
7803,2025-11-03 19:10:26,75,3244,NEFT,215278,SUCCESS,
7804,2025-06-25 21:55:07,3328,4431,FUND TRANSFER,871525,SUCCESS,
7805,2025-12-18 22:32:25,4630,4468,FUND TRANSFER,534723,SUCCESS,
7806,2025-06-30 00:21:50,695,,INTEREST CREDIT,14786,SUCCESS,
7807,2025-02-16 04:54:20,2591,,WITHDRAWAL,48690,SUCCESS,
7808,2025-07-29 10:31:23,327,,ATM WITHDRAWAL,6422,SUCCESS,
7809,2025-10-28 01:58:56,3141,,WITHDRAWAL,2500,SUCCESS,
7810,2025-04-30 20:06:37,1758,4682,FUND TRANSFER,551893,SUCCESS,
7811,2025-02-12 05:25:38,1238,,ATM WITHDRAWAL,5705,SUCCESS,
7812,2025-08-21 13:50:50,3859,1098,NEFT,177205,SUCCESS,
7813,2025-08-10 07:11:19,4537,3964,FUND TRANSFER,418770,SUCCESS,
7814,2025-03-02 01:07:00,1560,3935,UPI,6241,FAILED,Daily Limit Exceeded
7815,2025-07-02 23:51:59,4226,,WITHDRAWAL,36386,SUCCESS,
7816,2025-10-20 21:30:34,3854,,DEPOSIT,30001,SUCCESS,
7817,2025-09-07 09:04:51,3750,,ATM WITHDRAWAL,3860,SUCCESS,
7818,2025-10-29 07:13:28,4094,614,IMPS,157065,SUCCESS,
7819,2025-04-07 02:28:18,13,,WITHDRAWAL,19220,SUCCESS,
7820,2025-07-04 20:38:48,2482,3629,UPI,8301,SUCCESS,
7821,2025-12-30 11:35:19,3070,3479,FUND TRANSFER,164530,SUCCESS,
7822,2025-03-18 12:58:47,3858,1647,FUND TRANSFER,526878,SUCCESS,
7823,2025-03-28 09:58:35,2450,2790,UPI,3482,SUCCESS,
7824,2025-01-10 14:40:38,4383,,DEPOSIT,40097,SUCCESS,
7825,2025-12-12 00:48:01,2578,3376,UPI,7986,SUCCESS,
7826,2025-11-11 15:40:26,2725,1600,UPI,4307,SUCCESS,
7827,2025-11-17 03:51:53,45,4841,UPI,2873,SUCCESS,
7828,2025-08-04 19:42:37,3004,1914,FUND TRANSFER,650057,SUCCESS,
7829,2025-04-29 12:32:57,4973,4684,FUND TRANSFER,153909,SUCCESS,
7830,2025-03-06 11:35:48,4146,1487,UPI,8252,SUCCESS,
7831,2025-02-13 08:29:48,473,1886,IMPS,108901,SUCCESS,
7832,2025-01-29 12:51:55,1580,4136,NEFT,95471,SUCCESS,
7833,2025-04-13 23:17:00,2934,,ATM WITHDRAWAL,5813,SUCCESS,
7834,2025-07-13 02:49:18,1390,4755,FUND TRANSFER,608341,SUCCESS,
7835,2025-10-30 04:15:13,4003,2402,IMPS,141275,SUCCESS,
7836,2025-01-07 04:12:39,3864,,WITHDRAWAL,24080,SUCCESS,
7837,2025-02-05 16:01:27,191,,DEPOSIT,17840,SUCCESS,
7838,2025-12-29 15:41:03,3702,,DEPOSIT,57844,SUCCESS,
7839,2025-10-08 23:49:16,2067,2300,FUND TRANSFER,356055,SUCCESS,
7840,2025-07-22 17:06:32,4274,936,UPI,2515,SUCCESS,
7841,2025-11-28 00:19:38,4718,2834,FUND TRANSFER,172108,SUCCESS,
7842,2025-11-12 23:51:36,4645,85,UPI,9111,SUCCESS,
7843,2025-01-26 03:22:23,538,726,FUND TRANSFER,433013,SUCCESS,
7844,2025-10-03 09:23:19,3776,,WITHDRAWAL,26861,SUCCESS,
7845,2025-09-08 07:31:06,3390,,WITHDRAWAL,12314,SUCCESS,
7846,2025-12-02 17:37:32,2955,1616,NEFT,230183,SUCCESS,
7847,2025-04-05 17:26:02,481,,ATM WITHDRAWAL,2366,SUCCESS,
7848,2025-04-13 14:00:28,3942,,DEPOSIT,54129,SUCCESS,
7849,2025-05-25 03:05:10,1354,1300,FUND TRANSFER,183136,SUCCESS,
7850,2025-11-10 05:00:59,1219,3016,FUND TRANSFER,728650,SUCCESS,
7851,2025-02-20 10:52:27,233,,DEPOSIT,65480,SUCCESS,
7852,2025-11-12 08:21:08,1951,3749,FUND TRANSFER,763173,SUCCESS,
7853,2025-05-24 21:59:58,1576,,WITHDRAWAL,34546,SUCCESS,
7854,2025-04-02 13:51:16,4721,3935,FUND TRANSFER,708636,SUCCESS,
7855,2025-06-21 00:36:23,3920,2343,UPI,2905,SUCCESS,
7856,2025-11-01 20:34:27,4124,,WITHDRAWAL,38068,SUCCESS,
7857,2025-12-24 23:37:57,1403,,DEPOSIT,64124,SUCCESS,
7858,2025-04-10 03:59:45,764,317,FUND TRANSFER,105033,SUCCESS,
7859,2025-03-09 07:07:15,3365,,DEPOSIT,45162,SUCCESS,
7860,2025-09-16 16:45:06,4990,1231,IMPS,68343,SUCCESS,
7861,2025-07-20 04:06:04,1727,,ATM WITHDRAWAL,2204,SUCCESS,
7862,2025-04-05 22:06:13,4314,570,UPI,5788,SUCCESS,
7863,2025-09-25 22:16:09,3452,3321,IMPS,52315,SUCCESS,
7864,2025-10-27 09:22:32,4050,,DEPOSIT,87280,SUCCESS,
7865,2025-01-13 18:40:29,2091,,ATM WITHDRAWAL,8545,SUCCESS,
7866,2025-12-15 08:12:57,1101,,DEPOSIT,13955,SUCCESS,
7867,2025-11-21 00:53:35,2370,,ATM WITHDRAWAL,5948,SUCCESS,
7868,2025-12-23 11:42:23,122,3378,FUND TRANSFER,903202,SUCCESS,
7869,2025-03-07 20:29:01,2849,1713,UPI,9598,SUCCESS,
7870,2025-11-06 05:07:48,2392,583,UPI,7293,SUCCESS,
7871,2025-01-25 13:22:26,2152,956,IMPS,21598,SUCCESS,
7872,2025-07-17 20:00:02,476,1371,UPI,6886,SUCCESS,
7873,2025-03-19 07:49:34,2163,988,IMPS,96916,SUCCESS,
7874,2025-01-31 16:36:08,681,3701,UPI,6673,SUCCESS,
7875,2025-07-13 18:35:40,3122,164,NEFT,397173,SUCCESS,
7876,2025-01-17 18:15:53,2655,,ATM WITHDRAWAL,9457,SUCCESS,
7877,2025-02-05 06:23:36,652,,DEPOSIT,38339,SUCCESS,
7878,2025-11-11 07:30:50,1924,,ATM WITHDRAWAL,1010,SUCCESS,
7879,2025-06-06 02:05:29,1874,4829,UPI,3645,SUCCESS,
7880,2025-04-21 14:57:07,2899,,DEPOSIT,61017,SUCCESS,
7881,2025-09-22 02:23:12,3996,343,UPI,1054,SUCCESS,
7882,2025-10-12 20:02:44,4050,,WITHDRAWAL,27865,SUCCESS,
7883,2025-09-08 09:52:38,2782,3339,FUND TRANSFER,993162,SUCCESS,
7884,2025-07-07 23:44:41,763,,DEPOSIT,83145,SUCCESS,
7885,2025-09-06 10:40:47,2465,,WITHDRAWAL,1737,SUCCESS,
7886,2025-05-31 06:05:00,2640,1643,FUND TRANSFER,402947,SUCCESS,
7887,2025-09-30 22:15:16,3338,,ATM WITHDRAWAL,2458,SUCCESS,
7888,2025-02-14 22:31:03,3585,2858,FUND TRANSFER,989978,SUCCESS,
7889,2025-02-26 03:41:57,480,,WITHDRAWAL,48095,SUCCESS,
7890,2025-10-25 18:08:50,4917,1620,FUND TRANSFER,871963,SUCCESS,
7891,2025-12-17 21:12:20,678,3137,FUND TRANSFER,953977,SUCCESS,
7892,2025-01-31 11:48:32,2910,2515,FUND TRANSFER,170579,SUCCESS,
7893,2025-12-19 16:49:05,335,2077,IMPS,148099,SUCCESS,
7894,2025-10-22 07:27:46,3634,,ATM WITHDRAWAL,8290,SUCCESS,
7895,2025-12-13 00:13:59,1876,3192,UPI,1285,SUCCESS,
7896,2025-03-08 00:47:15,1222,1654,UPI,2274,SUCCESS,
7897,2025-05-28 06:21:26,3035,1249,FUND TRANSFER,836536,SUCCESS,
7898,2025-05-26 19:04:02,4956,,WITHDRAWAL,23739,SUCCESS,
7899,2025-06-11 02:29:33,657,,WITHDRAWAL,1660,SUCCESS,
7900,2025-03-29 02:36:31,1847,,ATM WITHDRAWAL,8272,SUCCESS,
7901,2025-09-25 01:12:30,3570,,DEPOSIT,74443,SUCCESS,
7902,2025-06-23 15:43:30,1324,976,IMPS,107979,SUCCESS,
7903,2025-12-06 02:59:36,2784,4283,IMPS,79307,SUCCESS,
7904,2025-12-23 18:18:30,2352,,WITHDRAWAL,24074,SUCCESS,
7905,2025-06-16 08:31:18,2488,4613,UPI,8872,SUCCESS,
7906,2025-03-15 17:33:55,2082,,INTEREST CREDIT,11419,SUCCESS,
7907,2025-06-05 10:53:48,2553,3118,UPI,1987,SUCCESS,
7908,2025-12-27 11:58:55,3539,4200,FUND TRANSFER,182042,SUCCESS,
7909,2025-10-11 06:05:44,1013,4590,UPI,8291,SUCCESS,
7910,2025-11-11 19:56:28,1523,2107,FUND TRANSFER,189681,SUCCESS,
7911,2025-10-06 20:31:53,2153,,ATM WITHDRAWAL,940,SUCCESS,
7912,2025-02-23 04:44:13,4416,2751,UPI,258,SUCCESS,
7913,2025-01-04 06:12:21,2181,765,FUND TRANSFER,218024,SUCCESS,
7914,2025-03-23 17:32:50,4822,1226,NEFT,304759,SUCCESS,
7915,2025-06-13 06:29:26,28,,DEPOSIT,44621,SUCCESS,
7916,2025-03-31 15:46:25,4620,2429,FUND TRANSFER,313676,SUCCESS,
7917,2025-12-21 23:13:36,359,3101,NEFT,4743,SUCCESS,
7918,2025-09-09 02:12:56,4410,330,UPI,2376,SUCCESS,
7919,2025-09-22 08:43:21,1193,,WITHDRAWAL,9474,SUCCESS,
7920,2025-04-14 05:31:45,4542,130,FUND TRANSFER,884130,SUCCESS,
7921,2025-08-27 23:03:57,3684,144,UPI,3737,SUCCESS,
7922,2025-11-05 18:29:56,2307,1680,FUND TRANSFER,232986,SUCCESS,
7923,2025-06-03 07:13:15,3959,176,UPI,6144,SUCCESS,
7924,2025-12-08 09:19:58,3485,,DEPOSIT,43828,SUCCESS,
7925,2025-06-12 01:37:35,3426,,WITHDRAWAL,26838,SUCCESS,
7926,2025-02-27 00:21:17,3883,4847,UPI,9732,SUCCESS,
7927,2025-10-28 00:46:36,3880,,ATM WITHDRAWAL,8768,SUCCESS,
7928,2025-07-20 19:07:49,4791,1471,UPI,4077,SUCCESS,
7929,2025-11-25 18:29:02,658,3355,FUND TRANSFER,851367,SUCCESS,
7930,2025-09-19 17:37:54,785,241,IMPS,60403,SUCCESS,
7931,2025-09-28 10:45:14,2124,888,NEFT,453608,SUCCESS,
7932,2025-04-26 18:14:10,592,2986,FUND TRANSFER,488625,SUCCESS,
7933,2025-11-15 19:27:20,2800,1897,UPI,8026,SUCCESS,
7934,2025-08-20 08:18:46,4768,,WITHDRAWAL,29571,FAILED,Account Blocked
7935,2025-07-18 12:49:35,2453,,ATM WITHDRAWAL,6591,SUCCESS,
7936,2025-03-28 19:56:03,2098,3891,IMPS,164219,SUCCESS,
7937,2025-03-12 13:43:12,643,4191,NEFT,275964,SUCCESS,
7938,2025-02-04 19:28:10,4691,3604,FUND TRANSFER,946034,SUCCESS,
7939,2025-01-09 05:44:51,1601,,ATM WITHDRAWAL,4485,SUCCESS,
7940,2025-04-18 18:48:46,746,,DEPOSIT,59522,SUCCESS,
7941,2025-10-10 04:10:27,3668,4223,FUND TRANSFER,953932,SUCCESS,
7942,2025-07-13 22:31:39,3475,90,UPI,6510,SUCCESS,
7943,2025-10-09 18:41:31,3779,1401,UPI,477,SUCCESS,
7944,2025-01-10 23:30:33,4862,3746,FUND TRANSFER,490682,SUCCESS,
7945,2025-07-14 20:48:18,4835,,ATM WITHDRAWAL,6929,SUCCESS,
7946,2025-06-06 22:23:18,4346,,DEPOSIT,52858,SUCCESS,
7947,2025-06-10 01:23:37,4470,3776,FUND TRANSFER,278673,SUCCESS,
7948,2025-04-30 01:11:42,4861,3075,FUND TRANSFER,814359,SUCCESS,
7949,2025-08-15 10:49:20,4804,1581,UPI,2385,SUCCESS,
7950,2025-03-24 08:37:51,872,,WITHDRAWAL,37270,SUCCESS,
7951,2025-11-22 16:31:18,3072,,ATM WITHDRAWAL,2311,SUCCESS,
7952,2025-05-26 11:18:31,3738,1699,UPI,4083,SUCCESS,
7953,2025-07-11 02:08:27,596,1767,FUND TRANSFER,524968,SUCCESS,
7954,2025-11-11 15:08:27,3119,2045,FUND TRANSFER,930334,SUCCESS,
7955,2025-03-01 19:38:38,184,977,FUND TRANSFER,604079,SUCCESS,
7956,2025-06-20 16:25:27,4434,,ATM WITHDRAWAL,8504,SUCCESS,
7957,2025-01-11 00:29:37,2545,,INTEREST CREDIT,17568,SUCCESS,
7958,2025-06-29 06:52:59,378,2963,IMPS,99397,SUCCESS,
7959,2025-06-29 12:41:14,1918,4646,IMPS,174745,SUCCESS,
7960,2025-11-12 19:56:04,3817,3788,IMPS,69438,SUCCESS,
7961,2025-08-08 16:22:26,3818,4316,FUND TRANSFER,379386,SUCCESS,
7962,2025-04-21 23:58:07,4610,,ATM WITHDRAWAL,873,SUCCESS,
7963,2025-04-20 15:06:23,143,3809,UPI,129,SUCCESS,
7964,2025-04-11 00:22:47,4316,4062,NEFT,193049,FAILED,Network Timeout
7965,2025-10-19 15:16:00,2210,846,UPI,3998,SUCCESS,
7966,2025-09-03 21:37:36,3868,1181,UPI,5317,SUCCESS,
7967,2025-07-25 01:28:02,862,4148,UPI,9702,SUCCESS,
7968,2025-10-20 16:00:53,4265,741,NEFT,397998,SUCCESS,
7969,2025-09-10 04:07:51,1825,4098,UPI,3270,SUCCESS,
7970,2025-11-20 13:51:12,3676,,ATM WITHDRAWAL,1707,SUCCESS,
7971,2025-01-17 19:16:43,888,4324,NEFT,42264,SUCCESS,
7972,2025-02-10 23:24:29,43,877,UPI,1710,SUCCESS,
7973,2025-01-08 02:01:37,2310,1313,FUND TRANSFER,624385,SUCCESS,
7974,2025-08-01 00:06:55,1231,,ATM WITHDRAWAL,7047,SUCCESS,
7975,2025-01-16 04:25:35,2798,191,NEFT,208068,SUCCESS,
7976,2025-11-11 14:45:02,4664,4511,FUND TRANSFER,842641,SUCCESS,
7977,2025-10-16 12:34:48,3297,14,UPI,3331,SUCCESS,
7978,2025-08-09 18:07:54,1399,,ATM WITHDRAWAL,9340,SUCCESS,
7979,2025-01-07 14:14:17,4478,,DEPOSIT,73136,SUCCESS,
7980,2025-08-06 02:39:31,3313,,ATM WITHDRAWAL,9720,SUCCESS,
7981,2025-06-13 02:29:06,3446,4802,NEFT,473849,SUCCESS,
7982,2025-02-25 08:41:48,1174,333,FUND TRANSFER,948470,SUCCESS,
7983,2025-08-01 02:18:29,1513,,ATM WITHDRAWAL,8165,SUCCESS,
7984,2025-07-14 02:59:33,4486,,DEPOSIT,27491,SUCCESS,
7985,2025-04-10 00:09:25,3224,,ATM WITHDRAWAL,2807,SUCCESS,
7986,2025-04-27 05:40:58,1605,2485,IMPS,2196,SUCCESS,
7987,2025-01-29 18:37:48,4965,,WITHDRAWAL,6960,SUCCESS,
7988,2025-01-07 20:38:13,1537,,INTEREST CREDIT,18807,SUCCESS,
7989,2025-06-26 09:12:44,3779,3278,NEFT,310363,SUCCESS,
7990,2025-02-01 17:22:24,224,1145,UPI,6415,SUCCESS,
7991,2025-10-01 16:46:14,3295,2267,UPI,5085,SUCCESS,
7992,2025-10-07 07:12:32,3287,,ATM WITHDRAWAL,4580,SUCCESS,
7993,2025-08-12 18:12:46,4265,,INTEREST CREDIT,11359,SUCCESS,
7994,2025-03-15 21:57:36,1652,4043,IMPS,158234,SUCCESS,
7995,2025-03-03 08:27:48,4504,1702,IMPS,169713,SUCCESS,
7996,2025-12-17 11:42:49,4719,1205,UPI,7575,SUCCESS,
7997,2025-07-08 05:29:07,4770,,DEPOSIT,27194,SUCCESS,
7998,2025-01-19 10:12:41,2903,,ATM WITHDRAWAL,6295,SUCCESS,
7999,2025-05-11 23:46:53,4586,,INTEREST CREDIT,6296,SUCCESS,
8000,2025-01-24 11:04:00,1765,,DEPOSIT,36498,SUCCESS,
8001,2025-04-15 05:15:47,3084,653,FUND TRANSFER,761401,SUCCESS,
8002,2025-10-28 16:19:03,876,4224,UPI,6280,SUCCESS,
8003,2025-05-13 14:50:20,2914,4205,UPI,2273,SUCCESS,
8004,2025-10-04 07:05:55,2995,,WITHDRAWAL,10924,SUCCESS,
8005,2025-05-23 16:00:54,4634,917,IMPS,143476,SUCCESS,
8006,2025-01-02 13:11:58,173,4206,FUND TRANSFER,867496,SUCCESS,
8007,2025-06-07 09:14:22,3075,334,NEFT,219552,SUCCESS,
8008,2025-09-07 02:50:19,4004,,DEPOSIT,78660,SUCCESS,
8009,2025-11-01 23:57:38,4197,2428,UPI,4138,SUCCESS,
8010,2025-04-27 13:51:20,1687,3051,FUND TRANSFER,606741,SUCCESS,
8011,2025-05-06 07:07:41,3738,,ATM WITHDRAWAL,2436,SUCCESS,
8012,2025-09-29 01:44:06,4616,75,UPI,1333,SUCCESS,
8013,2025-10-29 20:05:20,2858,3767,IMPS,193941,SUCCESS,
8014,2025-12-14 01:39:31,3556,,WITHDRAWAL,40057,SUCCESS,
8015,2025-02-01 23:30:25,541,3084,UPI,8182,SUCCESS,
8016,2025-08-16 02:29:28,4539,871,UPI,679,SUCCESS,
8017,2025-07-24 14:07:43,650,,ATM WITHDRAWAL,7421,SUCCESS,
8018,2025-05-24 14:44:39,3882,680,UPI,7519,SUCCESS,
8019,2025-04-03 13:15:27,974,4889,UPI,6276,SUCCESS,
8020,2025-01-05 04:09:30,1475,4721,IMPS,139147,SUCCESS,
8021,2025-04-09 15:56:47,4929,,DEPOSIT,51257,SUCCESS,
8022,2025-02-26 03:50:06,3411,3104,FUND TRANSFER,40506,SUCCESS,
8023,2025-04-27 16:40:53,4868,659,IMPS,86567,SUCCESS,
8024,2025-03-08 16:20:55,3529,,WITHDRAWAL,25646,SUCCESS,
8025,2025-01-31 04:42:18,152,1357,IMPS,87211,SUCCESS,
8026,2025-02-02 02:28:52,4748,,DEPOSIT,71892,SUCCESS,
8027,2025-11-18 18:13:15,3415,4186,UPI,3315,SUCCESS,
8028,2025-10-12 22:58:46,4523,,ATM WITHDRAWAL,1048,SUCCESS,
8029,2025-11-28 01:06:20,3218,4056,UPI,6479,SUCCESS,
8030,2025-08-24 12:04:18,175,,WITHDRAWAL,15424,SUCCESS,
8031,2025-11-01 15:03:58,380,1234,IMPS,190045,SUCCESS,
8032,2025-09-09 07:23:12,3916,,INTEREST CREDIT,1210,SUCCESS,
8033,2025-03-04 20:13:47,1702,,WITHDRAWAL,28380,SUCCESS,
8034,2025-04-10 17:04:39,1540,4616,UPI,8793,SUCCESS,
8035,2025-10-14 20:27:38,197,,DEPOSIT,36245,SUCCESS,
8036,2025-05-21 19:35:07,4982,2143,IMPS,131482,SUCCESS,
8037,2025-07-12 04:25:08,1227,,DEPOSIT,79716,SUCCESS,
8038,2025-06-08 06:15:23,875,,INTEREST CREDIT,22552,SUCCESS,
8039,2025-04-24 21:30:26,879,,DEPOSIT,79369,SUCCESS,
8040,2025-12-17 03:07:41,3371,2714,UPI,7383,SUCCESS,
8041,2025-11-28 18:42:51,1910,1454,FUND TRANSFER,780096,SUCCESS,
8042,2025-10-31 03:07:02,4233,3152,FUND TRANSFER,802089,SUCCESS,
8043,2025-11-01 05:29:45,4705,785,IMPS,182911,SUCCESS,
8044,2025-01-25 04:31:53,4072,,DEPOSIT,83990,SUCCESS,
8045,2025-06-03 21:55:08,3098,4015,UPI,7867,SUCCESS,
8046,2025-01-09 23:49:36,3235,1396,UPI,4675,FAILED,Invalid Account
8047,2025-01-27 15:20:24,3199,2273,FUND TRANSFER,918099,SUCCESS,
8048,2025-08-03 07:00:08,3373,,WITHDRAWAL,32917,SUCCESS,
8049,2025-06-30 07:15:32,2155,,ATM WITHDRAWAL,5513,SUCCESS,
8050,2025-12-10 05:56:27,1045,169,UPI,1392,SUCCESS,
8051,2025-06-18 22:31:36,4488,,ATM WITHDRAWAL,8543,SUCCESS,
8052,2025-01-12 10:06:30,3832,,DEPOSIT,91821,SUCCESS,
8053,2025-04-02 17:54:01,1586,91,FUND TRANSFER,439467,SUCCESS,
8054,2025-04-03 14:55:47,2609,2989,FUND TRANSFER,526265,SUCCESS,
8055,2025-07-24 20:17:31,3229,373,IMPS,130323,SUCCESS,
8056,2025-09-17 14:00:14,1700,4695,UPI,7003,SUCCESS,
8057,2025-10-20 13:38:41,816,,ATM WITHDRAWAL,7766,SUCCESS,
8058,2025-04-11 01:14:49,4348,2670,UPI,625,SUCCESS,
8059,2025-04-21 19:22:31,1766,2116,IMPS,184722,SUCCESS,
8060,2025-06-20 04:26:12,2310,3548,FUND TRANSFER,144178,SUCCESS,
8061,2025-05-29 06:59:15,3512,4643,NEFT,418245,SUCCESS,
8062,2025-08-26 14:35:13,2152,,DEPOSIT,84924,FAILED,Daily Limit Exceeded
8063,2025-04-07 09:29:01,1994,,INTEREST CREDIT,13012,SUCCESS,
8064,2025-03-30 05:19:39,206,,WITHDRAWAL,26021,SUCCESS,
8065,2025-10-12 13:55:09,3791,,DEPOSIT,69499,SUCCESS,
8066,2025-01-18 19:27:58,2043,4772,FUND TRANSFER,663646,SUCCESS,
8067,2025-12-25 15:57:01,294,,ATM WITHDRAWAL,8999,SUCCESS,
8068,2025-12-04 13:36:42,3849,3792,FUND TRANSFER,984593,SUCCESS,
8069,2025-01-12 07:12:02,4117,,ATM WITHDRAWAL,592,SUCCESS,
8070,2025-06-05 00:22:39,2736,4835,FUND TRANSFER,721460,SUCCESS,
8071,2025-07-29 21:47:51,4339,522,UPI,8819,SUCCESS,
8072,2025-10-21 17:58:42,2182,133,UPI,2627,SUCCESS,
8073,2025-05-11 19:55:47,4057,1039,IMPS,91826,SUCCESS,
8074,2025-04-26 04:52:25,96,660,FUND TRANSFER,369273,SUCCESS,
8075,2025-07-14 21:32:49,1219,,DEPOSIT,98911,SUCCESS,
8076,2025-07-09 13:40:32,691,,ATM WITHDRAWAL,8105,SUCCESS,
8077,2025-01-03 21:07:15,2617,,DEPOSIT,41470,SUCCESS,
8078,2025-11-18 01:18:13,2453,,WITHDRAWAL,9345,SUCCESS,
8079,2025-08-20 03:58:11,2385,1439,FUND TRANSFER,122871,SUCCESS,
8080,2025-01-25 09:09:11,2958,,ATM WITHDRAWAL,3721,SUCCESS,
8081,2025-06-18 04:36:14,2453,,WITHDRAWAL,12070,SUCCESS,
8082,2025-09-25 23:17:20,507,,ATM WITHDRAWAL,7905,SUCCESS,
8083,2025-03-03 08:59:15,1461,,INTEREST CREDIT,1000,SUCCESS,
8084,2025-01-16 12:50:37,1282,1135,NEFT,328541,SUCCESS,
8085,2025-07-16 00:22:30,901,,WITHDRAWAL,4304,SUCCESS,
8086,2025-04-12 16:16:20,1819,,DEPOSIT,65586,SUCCESS,
8087,2025-12-10 00:45:58,1835,,ATM WITHDRAWAL,5727,SUCCESS,
8088,2025-06-17 11:34:02,826,,DEPOSIT,12003,SUCCESS,
8089,2025-11-16 23:12:28,3230,2167,FUND TRANSFER,566872,SUCCESS,
8090,2025-06-08 23:13:47,3410,3934,NEFT,206287,SUCCESS,
8091,2025-06-26 01:40:17,330,,DEPOSIT,71966,SUCCESS,
8092,2025-01-12 00:42:17,1088,,INTEREST CREDIT,9754,SUCCESS,
8093,2025-02-07 08:17:38,4567,972,UPI,9215,SUCCESS,
8094,2025-04-27 12:22:20,2038,2628,IMPS,180744,SUCCESS,
8095,2025-04-07 08:35:03,1129,,WITHDRAWAL,47630,SUCCESS,
8096,2025-05-26 16:08:21,1583,2280,NEFT,427293,SUCCESS,
8097,2025-08-30 04:53:30,1831,65,UPI,5330,SUCCESS,
8098,2025-09-21 17:45:48,3202,,DEPOSIT,14376,SUCCESS,
8099,2025-11-12 09:58:06,2605,,ATM WITHDRAWAL,3952,SUCCESS,
8100,2025-07-07 10:04:40,2578,3363,FUND TRANSFER,255527,SUCCESS,
8101,2025-09-28 15:08:57,1049,1508,FUND TRANSFER,559212,SUCCESS,
8102,2025-04-28 00:11:58,423,2593,NEFT,9226,SUCCESS,
8103,2025-01-14 15:44:16,4299,1532,IMPS,179495,SUCCESS,
8104,2025-10-26 00:31:22,3991,1576,NEFT,351816,SUCCESS,
8105,2025-09-11 08:06:30,207,2437,FUND TRANSFER,698862,SUCCESS,
8106,2025-06-09 15:59:12,531,,DEPOSIT,28847,SUCCESS,
8107,2025-04-29 04:42:24,128,3783,UPI,2647,SUCCESS,
8108,2025-12-24 01:35:47,2217,1599,FUND TRANSFER,24516,SUCCESS,
8109,2025-03-05 02:53:17,4249,,ATM WITHDRAWAL,7614,SUCCESS,
8110,2025-05-25 11:12:52,1839,,ATM WITHDRAWAL,7589,SUCCESS,
8111,2025-06-24 01:31:33,4523,4674,NEFT,308365,SUCCESS,
8112,2025-06-16 03:50:02,3816,,DEPOSIT,7647,SUCCESS,
8113,2025-02-27 21:09:30,4768,,ATM WITHDRAWAL,7314,SUCCESS,
8114,2025-07-20 08:15:49,3468,742,NEFT,185016,SUCCESS,
8115,2025-07-27 19:00:06,305,,ATM WITHDRAWAL,1828,SUCCESS,
8116,2025-12-07 13:57:55,2712,,DEPOSIT,85698,SUCCESS,
8117,2025-06-09 01:30:03,3809,3182,FUND TRANSFER,678792,SUCCESS,
8118,2025-09-25 01:37:02,1708,1167,UPI,2391,SUCCESS,
8119,2025-05-27 10:15:04,2286,,DEPOSIT,46895,SUCCESS,
8120,2025-04-12 10:17:07,2577,2641,UPI,4034,SUCCESS,
8121,2025-08-11 03:46:23,2229,,DEPOSIT,50998,SUCCESS,
8122,2025-02-14 11:00:06,480,,DEPOSIT,45751,SUCCESS,
8123,2025-09-04 11:45:54,3807,,ATM WITHDRAWAL,2072,SUCCESS,
8124,2025-05-01 15:59:57,1777,3720,UPI,9349,SUCCESS,
8125,2025-02-28 02:11:44,506,3857,NEFT,24866,SUCCESS,
8126,2025-01-19 10:03:44,3318,3581,NEFT,130993,SUCCESS,
8127,2025-06-29 04:11:58,1354,861,NEFT,227125,SUCCESS,
8128,2025-09-23 13:06:39,4924,3825,UPI,6538,SUCCESS,
8129,2025-09-10 17:21:14,3173,4353,IMPS,147780,SUCCESS,
8130,2025-03-17 00:31:37,2220,917,UPI,8285,SUCCESS,
8131,2025-03-07 22:09:47,4847,1864,IMPS,6280,SUCCESS,
8132,2025-11-15 00:04:45,3839,1559,NEFT,371644,FAILED,Insufficient Balance
8133,2025-05-26 20:55:01,1817,,ATM WITHDRAWAL,6253,FAILED,Invalid Account
8134,2025-05-31 18:37:53,4942,4018,UPI,2282,SUCCESS,
8135,2025-06-22 17:01:53,929,1667,IMPS,182981,SUCCESS,
8136,2025-03-21 16:11:59,1241,,ATM WITHDRAWAL,4650,FAILED,Network Timeout
8137,2025-10-16 01:22:34,4805,,ATM WITHDRAWAL,9142,SUCCESS,
8138,2025-07-27 03:53:21,964,,WITHDRAWAL,35175,SUCCESS,
8139,2025-08-28 14:02:53,2280,,ATM WITHDRAWAL,7759,SUCCESS,
8140,2025-09-17 09:48:30,2508,4690,FUND TRANSFER,351528,SUCCESS,
8141,2025-04-12 09:42:58,4009,4925,IMPS,78052,SUCCESS,
8142,2025-11-25 01:18:31,382,,DEPOSIT,585,SUCCESS,
8143,2025-11-27 11:11:48,1056,3223,IMPS,199819,SUCCESS,
8144,2025-01-13 11:36:30,4453,3770,IMPS,26507,SUCCESS,
8145,2025-08-24 21:38:00,2984,,ATM WITHDRAWAL,8295,SUCCESS,
8146,2025-04-03 18:00:21,2447,247,FUND TRANSFER,197090,FAILED,Beneficiary Not Found
8147,2025-09-24 18:28:43,2389,928,FUND TRANSFER,921782,SUCCESS,
8148,2025-09-24 09:36:30,274,3967,IMPS,74451,SUCCESS,
8149,2025-07-02 05:09:52,3977,1845,UPI,1987,SUCCESS,
8150,2025-05-21 02:18:41,4246,607,FUND TRANSFER,987085,SUCCESS,
8151,2025-10-24 16:25:00,1604,1299,FUND TRANSFER,16977,SUCCESS,
8152,2025-05-18 23:29:20,3658,4078,UPI,9027,SUCCESS,
8153,2025-07-09 20:42:32,3153,742,IMPS,41514,SUCCESS,
8154,2025-04-28 13:59:02,2214,1817,UPI,4546,SUCCESS,
8155,2025-01-17 22:59:57,2200,715,UPI,4145,SUCCESS,
8156,2025-03-31 13:41:02,2409,812,FUND TRANSFER,349058,SUCCESS,
8157,2025-05-17 04:56:22,4972,1400,UPI,9913,SUCCESS,
8158,2025-12-03 23:57:25,1849,2007,NEFT,154629,SUCCESS,
8159,2025-09-05 17:44:28,3332,1644,FUND TRANSFER,550614,SUCCESS,
8160,2025-10-11 14:53:35,122,2578,FUND TRANSFER,120913,SUCCESS,
8161,2025-11-23 17:02:37,82,,DEPOSIT,41508,SUCCESS,
8162,2025-03-17 10:21:19,2073,4538,UPI,8083,SUCCESS,
8163,2025-07-31 21:55:19,1016,1291,UPI,6416,SUCCESS,
8164,2025-06-13 14:18:39,1576,330,UPI,7104,SUCCESS,
8165,2025-01-18 22:26:03,4142,,ATM WITHDRAWAL,776,SUCCESS,
8166,2025-05-04 09:28:25,2250,,DEPOSIT,90702,SUCCESS,
8167,2025-11-08 04:24:45,467,1157,FUND TRANSFER,4189,SUCCESS,
8168,2025-09-30 19:10:47,4321,,WITHDRAWAL,7832,SUCCESS,
8169,2025-02-06 17:42:42,1751,4093,UPI,9090,SUCCESS,
8170,2025-07-16 04:29:57,1753,3103,UPI,5437,SUCCESS,
8171,2025-10-24 18:54:34,2020,4306,FUND TRANSFER,790335,SUCCESS,
8172,2025-03-27 00:45:07,4695,,ATM WITHDRAWAL,690,SUCCESS,
8173,2025-05-15 05:00:49,2765,3861,UPI,8537,SUCCESS,
8174,2025-02-01 21:34:42,4596,,ATM WITHDRAWAL,7800,SUCCESS,
8175,2025-09-17 03:41:17,4365,873,UPI,5705,SUCCESS,
8176,2025-04-26 20:21:40,3268,855,FUND TRANSFER,185981,SUCCESS,
8177,2025-10-27 18:33:36,4622,775,NEFT,31642,SUCCESS,
8178,2025-05-05 16:56:38,838,1453,FUND TRANSFER,723419,SUCCESS,
8179,2025-05-24 05:46:51,1765,,WITHDRAWAL,8696,FAILED,Account Blocked
8180,2025-01-19 03:53:48,4666,2247,UPI,3888,SUCCESS,
8181,2025-06-22 14:28:09,4257,,WITHDRAWAL,12192,SUCCESS,
8182,2025-05-09 07:34:08,1206,,DEPOSIT,22560,SUCCESS,
8183,2025-08-09 01:00:56,3603,,DEPOSIT,88793,SUCCESS,
8184,2025-12-16 18:35:10,2634,398,FUND TRANSFER,762165,SUCCESS,
8185,2025-05-12 21:52:13,1821,4133,UPI,3233,SUCCESS,
8186,2025-04-21 21:35:47,3057,1306,UPI,939,FAILED,Account Blocked
8187,2025-05-11 08:14:51,3952,,WITHDRAWAL,13636,SUCCESS,
8188,2025-06-06 01:30:38,3004,3779,UPI,5386,SUCCESS,
8189,2025-11-14 11:40:01,4260,,INTEREST CREDIT,17316,SUCCESS,
8190,2025-06-18 02:45:37,1408,,ATM WITHDRAWAL,7784,SUCCESS,
8191,2025-07-13 06:57:10,4075,,WITHDRAWAL,23998,SUCCESS,
8192,2025-11-27 17:44:29,575,,ATM WITHDRAWAL,211,SUCCESS,
8193,2025-10-29 23:39:16,2255,4833,IMPS,136765,SUCCESS,
8194,2025-02-16 16:33:49,4027,2861,NEFT,217629,SUCCESS,
8195,2025-03-13 22:57:14,1835,4005,UPI,6770,SUCCESS,
8196,2025-08-11 14:11:17,2503,2505,UPI,6172,SUCCESS,
8197,2025-01-03 19:53:04,112,1559,UPI,9199,FAILED,Invalid Account
8198,2025-03-08 11:20:12,3646,3664,UPI,7119,SUCCESS,
8199,2025-08-20 17:32:22,198,3861,FUND TRANSFER,460921,SUCCESS,
8200,2025-02-24 02:40:16,4417,4519,FUND TRANSFER,934939,SUCCESS,
8201,2025-09-13 10:32:55,3363,,WITHDRAWAL,413,SUCCESS,
8202,2025-03-21 19:12:36,500,1363,UPI,6095,SUCCESS,
8203,2025-07-30 19:57:58,588,,ATM WITHDRAWAL,8230,SUCCESS,
8204,2025-01-12 15:09:53,4759,1358,IMPS,117913,SUCCESS,
8205,2025-11-08 03:28:22,1650,,ATM WITHDRAWAL,7214,SUCCESS,
8206,2025-12-18 17:08:45,4583,3465,UPI,3699,SUCCESS,
8207,2025-06-02 10:53:39,3091,824,FUND TRANSFER,712949,SUCCESS,
8208,2025-03-21 10:09:45,130,,WITHDRAWAL,22369,FAILED,Daily Limit Exceeded
8209,2025-02-08 05:05:45,4178,,WITHDRAWAL,25183,SUCCESS,
8210,2025-05-04 01:36:19,4673,,INTEREST CREDIT,18531,SUCCESS,
8211,2025-05-18 11:07:25,656,,ATM WITHDRAWAL,9567,SUCCESS,
8212,2025-09-16 20:00:51,4737,,DEPOSIT,1024,SUCCESS,
8213,2025-06-25 04:46:02,1379,3569,FUND TRANSFER,601878,SUCCESS,
8214,2025-02-16 11:12:48,3955,3131,UPI,3699,SUCCESS,
8215,2025-05-29 20:35:52,2910,4584,FUND TRANSFER,181364,SUCCESS,
8216,2025-01-07 05:53:08,2142,,ATM WITHDRAWAL,8665,SUCCESS,
8217,2025-11-04 01:23:00,3732,2338,UPI,928,SUCCESS,
8218,2025-06-28 22:01:38,1414,1950,FUND TRANSFER,414942,SUCCESS,
8219,2025-08-15 02:12:05,2982,,ATM WITHDRAWAL,8983,SUCCESS,
8220,2025-06-19 23:30:05,52,2037,FUND TRANSFER,469021,SUCCESS,
8221,2025-12-15 19:51:40,176,374,UPI,1944,SUCCESS,
8222,2025-07-10 09:26:36,2424,3501,FUND TRANSFER,420458,SUCCESS,
8223,2025-08-26 08:30:33,3415,,WITHDRAWAL,33339,SUCCESS,
8224,2025-11-01 05:45:09,2616,,ATM WITHDRAWAL,5453,SUCCESS,
8225,2025-08-02 17:53:14,2764,1230,IMPS,103370,SUCCESS,
8226,2025-12-10 13:45:12,3217,,WITHDRAWAL,35365,SUCCESS,
8227,2025-08-06 12:00:48,4464,,ATM WITHDRAWAL,9405,SUCCESS,
8228,2025-05-01 11:58:50,511,,INTEREST CREDIT,20244,SUCCESS,
8229,2025-04-23 06:56:11,3851,2238,UPI,9004,SUCCESS,
8230,2025-07-19 21:33:26,752,126,UPI,8295,SUCCESS,
8231,2025-04-26 01:05:51,82,2821,FUND TRANSFER,803301,SUCCESS,
8232,2025-08-19 02:05:56,3013,831,UPI,8791,SUCCESS,
8233,2025-06-07 21:52:33,4307,3728,UPI,6378,SUCCESS,
8234,2025-02-04 16:47:06,2696,,DEPOSIT,84894,SUCCESS,
8235,2025-01-10 05:24:48,1671,,ATM WITHDRAWAL,1970,SUCCESS,
8236,2025-03-29 23:19:40,241,,WITHDRAWAL,6198,SUCCESS,
8237,2025-09-16 14:01:11,1028,3285,FUND TRANSFER,185633,SUCCESS,
8238,2025-04-29 17:20:45,2251,3679,IMPS,126925,SUCCESS,
8239,2025-05-06 07:47:41,3127,2356,NEFT,317501,SUCCESS,
8240,2025-12-30 21:15:30,4593,,WITHDRAWAL,28570,SUCCESS,
8241,2025-12-08 18:37:29,4310,,ATM WITHDRAWAL,2579,SUCCESS,
8242,2025-02-03 22:56:34,983,4091,FUND TRANSFER,893561,SUCCESS,
8243,2025-07-22 03:26:06,1068,4721,UPI,2413,SUCCESS,
8244,2025-02-20 17:49:05,3682,3621,FUND TRANSFER,71483,SUCCESS,
8245,2025-03-25 03:43:31,2293,,DEPOSIT,90483,SUCCESS,
8246,2025-05-27 00:10:42,2989,4291,UPI,3756,SUCCESS,
8247,2025-08-13 12:54:10,2043,2812,UPI,4353,SUCCESS,
8248,2025-12-04 10:56:12,2308,,ATM WITHDRAWAL,1412,SUCCESS,
8249,2025-04-18 22:58:50,2820,3327,UPI,9916,SUCCESS,
8250,2025-05-22 13:01:30,1811,2694,NEFT,181309,SUCCESS,
8251,2025-10-23 20:39:33,4664,3182,UPI,8693,SUCCESS,
8252,2025-07-10 18:37:00,2764,,WITHDRAWAL,31287,SUCCESS,
8253,2025-02-24 12:53:48,1279,2575,IMPS,17985,SUCCESS,
8254,2025-03-24 22:58:19,2805,,WITHDRAWAL,35096,SUCCESS,
8255,2025-11-20 20:41:40,3106,3927,IMPS,18038,SUCCESS,
8256,2025-12-27 03:02:41,4833,,WITHDRAWAL,14075,SUCCESS,
8257,2025-10-14 21:18:44,2301,3722,IMPS,89064,SUCCESS,
8258,2025-01-31 10:17:04,744,3171,UPI,145,SUCCESS,
8259,2025-08-01 19:00:00,2633,,WITHDRAWAL,24660,SUCCESS,
8260,2025-07-21 06:37:17,757,,WITHDRAWAL,45739,SUCCESS,
8261,2025-06-24 02:45:30,401,3143,UPI,4665,SUCCESS,
8262,2025-04-05 06:05:06,3054,,INTEREST CREDIT,1166,SUCCESS,
8263,2025-05-01 13:37:39,1909,2841,FUND TRANSFER,686106,SUCCESS,
8264,2025-12-08 01:12:31,1732,3763,UPI,561,SUCCESS,
8265,2025-05-30 18:04:07,512,1772,NEFT,262147,SUCCESS,
8266,2025-07-05 03:50:13,1452,2713,FUND TRANSFER,232071,SUCCESS,
8267,2025-12-10 08:25:04,1443,,ATM WITHDRAWAL,9161,SUCCESS,
8268,2025-03-20 11:01:21,3151,868,FUND TRANSFER,8320,SUCCESS,
8269,2025-09-13 03:13:08,2120,,ATM WITHDRAWAL,2189,SUCCESS,
8270,2025-08-04 18:37:19,1783,843,IMPS,188339,SUCCESS,
8271,2025-08-12 00:40:53,2653,,DEPOSIT,92471,SUCCESS,
8272,2025-09-22 22:14:06,1382,3859,UPI,7728,SUCCESS,
8273,2025-10-10 02:01:58,4778,1866,UPI,4472,FAILED,Insufficient Balance
8274,2025-07-30 09:23:21,739,1664,UPI,2006,SUCCESS,
8275,2025-09-02 11:57:51,4309,,DEPOSIT,63875,SUCCESS,
8276,2025-03-23 10:59:53,1435,1399,FUND TRANSFER,164831,SUCCESS,
8277,2025-10-10 09:30:14,495,,INTEREST CREDIT,9891,SUCCESS,
8278,2025-10-24 04:19:33,1968,,WITHDRAWAL,8605,SUCCESS,
8279,2025-08-04 03:18:42,3534,1883,IMPS,198533,SUCCESS,
8280,2025-04-10 09:21:17,1686,3708,FUND TRANSFER,167961,SUCCESS,
8281,2025-10-21 21:53:12,2392,2153,FUND TRANSFER,680067,SUCCESS,
8282,2025-07-05 06:52:37,3508,3258,FUND TRANSFER,399319,SUCCESS,
8283,2025-09-25 18:02:32,3581,794,UPI,4500,SUCCESS,
8284,2025-11-03 16:43:25,4900,3873,UPI,2660,SUCCESS,
8285,2025-05-02 20:55:46,1126,4063,FUND TRANSFER,923448,SUCCESS,
8286,2025-05-05 16:25:26,4222,753,UPI,769,SUCCESS,
8287,2025-07-01 15:35:38,228,354,UPI,6087,SUCCESS,
8288,2025-05-21 04:10:37,3229,,WITHDRAWAL,22239,SUCCESS,
8289,2025-05-08 18:05:24,3984,,WITHDRAWAL,42616,SUCCESS,
8290,2025-05-01 21:15:04,1519,866,FUND TRANSFER,486695,SUCCESS,
8291,2025-06-16 23:46:16,872,,INTEREST CREDIT,3781,SUCCESS,
8292,2025-08-08 23:42:19,2704,2922,UPI,8134,SUCCESS,
8293,2025-08-29 09:04:13,4443,,DEPOSIT,60407,SUCCESS,
8294,2025-02-16 20:10:46,3091,,WITHDRAWAL,47245,SUCCESS,
8295,2025-07-08 03:28:45,3279,,WITHDRAWAL,46140,SUCCESS,
8296,2025-06-04 22:32:53,1569,3711,FUND TRANSFER,60091,SUCCESS,
8297,2025-11-05 10:39:46,3247,3302,FUND TRANSFER,216990,SUCCESS,
8298,2025-11-24 02:49:32,689,3109,FUND TRANSFER,864903,SUCCESS,
8299,2025-01-12 16:56:38,3171,4848,UPI,9008,SUCCESS,
8300,2025-06-23 06:06:13,4402,,ATM WITHDRAWAL,903,SUCCESS,
8301,2025-06-27 11:25:19,4433,3050,UPI,4725,SUCCESS,
8302,2025-10-02 16:41:23,2462,3049,IMPS,109043,SUCCESS,
8303,2025-08-04 16:39:15,2234,3249,FUND TRANSFER,404478,SUCCESS,
8304,2025-06-08 06:40:39,3040,2176,FUND TRANSFER,349002,SUCCESS,
8305,2025-04-05 02:07:20,2939,,ATM WITHDRAWAL,7132,SUCCESS,
8306,2025-05-17 22:28:42,404,,DEPOSIT,22314,SUCCESS,
8307,2025-11-01 12:21:58,3465,37,IMPS,123110,SUCCESS,
8308,2025-01-14 01:48:41,4898,,WITHDRAWAL,47542,SUCCESS,
8309,2025-08-16 14:52:23,4686,,ATM WITHDRAWAL,2443,SUCCESS,
8310,2025-05-07 05:12:31,913,2208,NEFT,275421,SUCCESS,
8311,2025-10-16 12:21:25,648,,WITHDRAWAL,5450,FAILED,Network Timeout
8312,2025-01-05 20:22:52,3078,1357,IMPS,177890,SUCCESS,
8313,2025-01-22 09:18:38,2435,,DEPOSIT,89484,SUCCESS,
8314,2025-04-23 09:49:49,604,2545,NEFT,226642,SUCCESS,
8315,2025-11-06 11:11:22,1197,,DEPOSIT,70398,SUCCESS,
8316,2025-03-04 03:18:13,1388,,WITHDRAWAL,19236,SUCCESS,
8317,2025-01-28 15:15:46,950,3462,UPI,7922,SUCCESS,
8318,2025-07-11 00:23:02,1380,2874,FUND TRANSFER,117891,SUCCESS,
8319,2025-06-25 02:52:10,79,,ATM WITHDRAWAL,7931,SUCCESS,
8320,2025-03-10 07:25:46,3880,1638,FUND TRANSFER,707416,SUCCESS,
8321,2025-08-01 20:22:44,3405,3951,FUND TRANSFER,868786,SUCCESS,
8322,2025-07-18 22:58:00,1358,,WITHDRAWAL,14923,SUCCESS,
8323,2025-12-31 17:25:14,4313,,DEPOSIT,37865,SUCCESS,
8324,2025-07-26 01:05:09,1493,4015,UPI,7497,SUCCESS,
8325,2025-10-26 07:57:45,3333,2184,IMPS,106895,SUCCESS,
8326,2025-02-22 14:07:18,3480,567,UPI,6296,SUCCESS,
8327,2025-02-22 07:07:36,2075,,WITHDRAWAL,41270,SUCCESS,
8328,2025-09-14 01:48:05,207,1249,UPI,1584,SUCCESS,
8329,2025-04-25 07:32:45,4611,,ATM WITHDRAWAL,808,SUCCESS,
8330,2025-11-22 10:58:48,3548,,ATM WITHDRAWAL,8715,SUCCESS,
8331,2025-02-20 14:55:07,844,4067,UPI,8130,SUCCESS,
8332,2025-02-17 03:19:16,400,3740,FUND TRANSFER,977470,SUCCESS,
8333,2025-04-03 18:51:25,4345,1781,UPI,8966,SUCCESS,
8334,2025-02-19 10:11:42,4144,,WITHDRAWAL,17436,SUCCESS,
8335,2025-06-06 19:53:34,795,,DEPOSIT,54677,SUCCESS,
8336,2025-08-25 21:39:09,442,,DEPOSIT,6874,SUCCESS,
8337,2025-06-22 13:18:14,564,4961,FUND TRANSFER,976287,SUCCESS,
8338,2025-08-28 05:46:47,2249,3318,IMPS,152486,SUCCESS,
8339,2025-12-03 02:54:02,1891,,DEPOSIT,94895,FAILED,Account Blocked
8340,2025-06-23 12:12:43,3351,4712,UPI,8672,SUCCESS,
8341,2025-02-04 23:43:39,3061,,DEPOSIT,61155,SUCCESS,
8342,2025-04-07 06:02:11,1483,3622,FUND TRANSFER,502274,SUCCESS,
8343,2025-12-09 03:19:57,2550,,INTEREST CREDIT,5987,SUCCESS,
8344,2025-07-17 11:13:42,803,1535,FUND TRANSFER,83957,SUCCESS,
8345,2025-03-15 04:34:27,2364,4171,FUND TRANSFER,177138,SUCCESS,
8346,2025-10-07 12:23:21,2811,1194,UPI,1659,SUCCESS,
8347,2025-01-22 14:51:10,1383,,ATM WITHDRAWAL,2367,SUCCESS,
8348,2025-08-23 22:18:29,2358,,DEPOSIT,56739,SUCCESS,
8349,2025-09-15 12:17:36,189,,ATM WITHDRAWAL,6822,SUCCESS,
8350,2025-01-24 03:25:06,421,,ATM WITHDRAWAL,2599,SUCCESS,
8351,2025-04-12 13:11:15,1663,,DEPOSIT,37589,SUCCESS,
8352,2025-11-05 09:59:29,3039,,ATM WITHDRAWAL,6994,SUCCESS,
8353,2025-10-15 07:11:03,757,4287,FUND TRANSFER,941172,SUCCESS,
8354,2025-01-01 22:29:54,4556,,ATM WITHDRAWAL,4533,SUCCESS,
8355,2025-12-07 01:17:40,3386,,WITHDRAWAL,34483,SUCCESS,
8356,2025-12-28 22:05:02,246,3983,UPI,7891,SUCCESS,
8357,2025-12-27 14:13:07,2491,,WITHDRAWAL,7665,SUCCESS,
8358,2025-08-04 22:53:22,3857,57,IMPS,90249,SUCCESS,
8359,2025-01-02 18:39:58,1311,3171,FUND TRANSFER,874943,SUCCESS,
8360,2025-08-27 09:29:40,136,2368,FUND TRANSFER,250053,SUCCESS,
8361,2025-07-26 08:53:06,1191,1466,UPI,3851,SUCCESS,
8362,2025-01-17 18:46:29,3380,1270,UPI,3639,SUCCESS,
8363,2025-02-26 06:25:04,4513,4808,FUND TRANSFER,255523,SUCCESS,
8364,2025-12-24 10:02:27,2113,,WITHDRAWAL,17513,SUCCESS,
8365,2025-10-24 09:42:19,2166,4837,UPI,6936,FAILED,Daily Limit Exceeded
8366,2025-08-27 08:05:53,3696,,DEPOSIT,33217,SUCCESS,
8367,2025-10-02 16:15:11,4092,1109,FUND TRANSFER,879945,SUCCESS,
8368,2025-04-04 02:42:25,63,2122,UPI,5003,SUCCESS,
8369,2025-03-10 21:38:13,3783,,ATM WITHDRAWAL,4480,SUCCESS,
8370,2025-04-01 13:45:10,944,3892,UPI,2158,SUCCESS,
8371,2025-10-09 13:38:07,2465,4076,UPI,774,SUCCESS,
8372,2025-02-14 00:15:06,2192,1639,IMPS,177972,SUCCESS,
8373,2025-05-05 04:56:52,3116,1516,IMPS,18180,SUCCESS,
8374,2025-08-28 13:18:54,1776,,WITHDRAWAL,26767,SUCCESS,
8375,2025-09-05 12:15:05,4951,,ATM WITHDRAWAL,6458,SUCCESS,
8376,2025-08-25 09:19:57,2066,,ATM WITHDRAWAL,4487,SUCCESS,
8377,2025-09-23 09:24:36,4811,,ATM WITHDRAWAL,5273,SUCCESS,
8378,2025-04-09 14:24:22,346,2497,FUND TRANSFER,124381,SUCCESS,
8379,2025-04-06 00:11:31,398,,WITHDRAWAL,39141,SUCCESS,
8380,2025-01-07 22:10:48,1374,,ATM WITHDRAWAL,1312,SUCCESS,
8381,2025-02-12 17:12:54,1713,,WITHDRAWAL,38388,SUCCESS,
8382,2025-03-02 05:44:20,2809,2840,FUND TRANSFER,656015,SUCCESS,
8383,2025-06-05 13:26:21,1755,,WITHDRAWAL,32910,SUCCESS,
8384,2025-12-15 11:01:44,1858,3543,NEFT,496156,FAILED,Beneficiary Not Found
8385,2025-12-29 12:17:07,3828,440,UPI,2527,SUCCESS,
8386,2025-09-13 18:35:07,945,4059,UPI,3838,SUCCESS,
8387,2025-02-08 14:24:32,4279,2482,NEFT,478991,SUCCESS,
8388,2025-07-26 10:44:24,320,3943,FUND TRANSFER,393991,SUCCESS,
8389,2025-10-22 10:13:31,351,2384,FUND TRANSFER,569712,SUCCESS,
8390,2025-03-29 13:34:49,2333,,ATM WITHDRAWAL,6325,SUCCESS,
8391,2025-10-02 23:18:31,2931,,ATM WITHDRAWAL,6863,SUCCESS,
8392,2025-01-14 00:32:25,2179,858,FUND TRANSFER,671830,SUCCESS,
8393,2025-01-09 07:10:22,3588,,INTEREST CREDIT,20215,SUCCESS,
8394,2025-04-22 13:16:29,2691,1648,IMPS,150856,SUCCESS,
8395,2025-12-15 10:56:40,1779,4278,FUND TRANSFER,580470,SUCCESS,
8396,2025-02-16 05:43:38,3559,123,UPI,1537,SUCCESS,
8397,2025-12-09 14:19:50,4988,2078,IMPS,171829,SUCCESS,
8398,2025-10-02 10:58:03,599,958,NEFT,315518,SUCCESS,
8399,2025-06-05 02:47:37,2385,4346,FUND TRANSFER,449595,SUCCESS,
8400,2025-01-10 15:06:09,4710,402,UPI,1378,SUCCESS,
8401,2025-07-08 21:33:47,1360,2193,FUND TRANSFER,377099,FAILED,Account Blocked
8402,2025-05-21 23:50:56,3853,1285,UPI,4709,FAILED,Beneficiary Not Found
8403,2025-04-22 14:32:55,1436,,ATM WITHDRAWAL,9144,SUCCESS,
8404,2025-05-19 06:23:22,2644,3549,UPI,8286,SUCCESS,
8405,2025-03-05 10:50:43,3418,,INTEREST CREDIT,17254,SUCCESS,
8406,2025-02-03 17:48:31,1772,518,NEFT,322804,SUCCESS,
8407,2025-10-28 16:17:23,4586,339,UPI,9924,SUCCESS,
8408,2025-12-16 07:37:26,524,3233,UPI,7233,SUCCESS,
8409,2025-04-16 06:04:50,239,4840,NEFT,139221,SUCCESS,
8410,2025-02-09 13:49:48,4139,,ATM WITHDRAWAL,6440,SUCCESS,
8411,2025-06-13 13:27:34,3319,329,UPI,3019,SUCCESS,
8412,2025-01-19 08:34:12,3145,2788,UPI,5442,SUCCESS,
8413,2025-09-11 22:15:47,3053,,ATM WITHDRAWAL,7859,SUCCESS,
8414,2025-04-29 11:13:08,2479,3626,UPI,8207,SUCCESS,
8415,2025-07-22 02:00:31,3106,3344,UPI,3957,SUCCESS,
8416,2025-02-02 16:33:23,4324,2357,FUND TRANSFER,863645,SUCCESS,
8417,2025-11-01 11:47:13,2080,4386,FUND TRANSFER,593231,SUCCESS,
8418,2025-08-08 12:00:25,108,3499,FUND TRANSFER,998556,SUCCESS,
8419,2025-01-07 22:13:22,4245,4156,FUND TRANSFER,30455,SUCCESS,
8420,2025-05-02 14:17:17,4957,,WITHDRAWAL,32563,SUCCESS,
8421,2025-10-15 20:40:49,1570,,WITHDRAWAL,39052,SUCCESS,
8422,2025-11-06 06:05:28,4014,,WITHDRAWAL,20610,SUCCESS,
8423,2025-03-01 23:33:04,3471,,DEPOSIT,53552,SUCCESS,
8424,2025-08-04 01:43:10,1133,,ATM WITHDRAWAL,3735,SUCCESS,
8425,2025-11-15 07:21:25,2154,3853,FUND TRANSFER,424667,SUCCESS,
8426,2025-12-03 21:46:46,3312,2283,UPI,6796,SUCCESS,
8427,2025-03-31 16:14:57,4141,3657,FUND TRANSFER,559590,SUCCESS,
8428,2025-06-20 14:13:18,4836,,WITHDRAWAL,27273,SUCCESS,
8429,2025-03-20 10:48:13,4291,3587,FUND TRANSFER,405404,SUCCESS,
8430,2025-01-07 03:57:57,1057,1625,FUND TRANSFER,863520,SUCCESS,
8431,2025-07-10 07:16:28,247,4988,FUND TRANSFER,880934,SUCCESS,
8432,2025-08-12 12:31:54,2392,846,UPI,5372,SUCCESS,
8433,2025-05-04 20:52:17,4723,333,FUND TRANSFER,206208,SUCCESS,
8434,2025-03-18 17:44:50,1134,3788,UPI,8966,SUCCESS,
8435,2025-12-16 12:18:35,4625,,ATM WITHDRAWAL,5627,SUCCESS,
8436,2025-09-29 03:46:36,1283,,WITHDRAWAL,22807,SUCCESS,
8437,2025-08-06 18:23:41,453,1757,NEFT,294991,SUCCESS,
8438,2025-12-06 12:59:51,791,3539,FUND TRANSFER,788917,SUCCESS,
8439,2025-11-20 06:25:09,1837,4699,UPI,3317,SUCCESS,
8440,2025-05-06 03:02:44,3351,,ATM WITHDRAWAL,5589,SUCCESS,
8441,2025-11-02 02:12:29,2239,,DEPOSIT,15721,SUCCESS,
8442,2025-03-03 09:02:29,1893,,ATM WITHDRAWAL,895,SUCCESS,
8443,2025-03-28 14:18:13,4474,3364,FUND TRANSFER,533209,SUCCESS,
8444,2025-10-15 02:00:18,2719,,INTEREST CREDIT,12186,SUCCESS,
8445,2025-03-15 23:49:54,2369,3499,IMPS,72389,SUCCESS,
8446,2025-12-17 04:08:52,3096,3811,NEFT,357338,SUCCESS,
8447,2025-08-20 03:33:41,2260,345,UPI,7825,SUCCESS,
8448,2025-07-10 22:25:37,4603,2655,UPI,6493,SUCCESS,
8449,2025-05-16 16:53:41,3741,4553,FUND TRANSFER,515129,SUCCESS,
8450,2025-10-20 09:50:01,268,,INTEREST CREDIT,11860,SUCCESS,
8451,2025-06-29 05:29:49,1133,2729,NEFT,179185,SUCCESS,
8452,2025-06-19 23:43:15,2693,937,UPI,7173,SUCCESS,
8453,2025-04-19 03:56:59,3698,734,IMPS,189801,SUCCESS,
8454,2025-09-14 13:52:51,4770,,DEPOSIT,97689,SUCCESS,
8455,2025-08-09 14:03:34,2915,,WITHDRAWAL,3543,SUCCESS,
8456,2025-07-02 01:04:52,3693,2029,UPI,193,SUCCESS,
8457,2025-04-03 22:21:06,3725,,WITHDRAWAL,24510,SUCCESS,
8458,2025-12-04 10:20:49,2591,3683,UPI,3077,SUCCESS,
8459,2025-11-17 15:56:45,1801,3478,UPI,9756,SUCCESS,
8460,2025-05-21 23:55:10,2557,1308,NEFT,206412,SUCCESS,
8461,2025-02-16 06:37:49,4747,1982,NEFT,137457,SUCCESS,
8462,2025-01-03 05:28:06,1822,,DEPOSIT,92459,SUCCESS,
8463,2025-12-30 22:33:07,1265,1477,FUND TRANSFER,323901,SUCCESS,
8464,2025-10-05 10:27:21,2133,3007,FUND TRANSFER,395004,SUCCESS,
8465,2025-09-16 21:13:40,1221,3742,NEFT,72321,SUCCESS,
8466,2025-02-13 12:57:06,19,1400,IMPS,163359,SUCCESS,
8467,2025-11-20 06:23:40,448,,DEPOSIT,2050,SUCCESS,
8468,2025-10-29 05:19:55,2639,1614,FUND TRANSFER,323580,SUCCESS,
8469,2025-03-23 01:57:50,291,2283,NEFT,30158,SUCCESS,
8470,2025-04-20 05:37:07,40,2444,NEFT,167756,SUCCESS,
8471,2025-03-12 14:37:00,1687,,ATM WITHDRAWAL,6655,SUCCESS,
8472,2025-08-14 09:26:51,4277,1460,UPI,9220,SUCCESS,
8473,2025-08-17 23:45:27,3900,4812,FUND TRANSFER,740072,SUCCESS,
8474,2025-08-09 15:33:02,4667,3076,UPI,1993,SUCCESS,
8475,2025-03-05 05:58:39,3688,314,UPI,7839,SUCCESS,
8476,2025-11-16 23:00:18,2918,,WITHDRAWAL,48376,SUCCESS,
8477,2025-04-13 17:28:55,1431,,ATM WITHDRAWAL,9053,SUCCESS,
8478,2025-02-06 02:06:01,3192,4888,FUND TRANSFER,449201,SUCCESS,
8479,2025-06-03 18:24:52,2474,505,FUND TRANSFER,827891,SUCCESS,
8480,2025-08-27 15:24:45,1349,2738,IMPS,9608,SUCCESS,
8481,2025-04-04 13:01:56,3587,,ATM WITHDRAWAL,9079,SUCCESS,
8482,2025-09-22 01:54:20,107,219,UPI,1515,SUCCESS,
8483,2025-05-24 10:16:23,505,855,UPI,3352,FAILED,Insufficient Balance
8484,2025-02-18 23:41:51,2368,3090,NEFT,414232,SUCCESS,
8485,2025-10-31 08:05:02,3743,,ATM WITHDRAWAL,5510,SUCCESS,
8486,2025-06-23 17:04:09,2924,3195,IMPS,19910,SUCCESS,
8487,2025-04-15 08:39:32,4557,3933,FUND TRANSFER,574002,SUCCESS,
8488,2025-05-02 16:10:12,4288,3683,UPI,4103,SUCCESS,
8489,2025-09-20 09:29:17,1737,1368,UPI,888,FAILED,Invalid Account
8490,2025-01-08 06:34:02,644,3439,UPI,1870,SUCCESS,
8491,2025-08-23 09:57:40,3149,,WITHDRAWAL,26275,SUCCESS,
8492,2025-04-09 01:14:53,441,,ATM WITHDRAWAL,4219,SUCCESS,
8493,2025-06-12 02:40:00,3158,3417,UPI,404,SUCCESS,
8494,2025-01-15 16:39:35,1723,,WITHDRAWAL,35577,SUCCESS,
8495,2025-02-21 23:46:55,1648,,DEPOSIT,38557,SUCCESS,
8496,2025-06-29 10:17:47,2077,1495,FUND TRANSFER,160008,SUCCESS,
8497,2025-09-16 18:56:23,733,,ATM WITHDRAWAL,4713,SUCCESS,
8498,2025-06-04 00:17:08,1027,,WITHDRAWAL,934,SUCCESS,
8499,2025-10-21 09:16:56,1121,2330,UPI,2447,SUCCESS,
8500,2025-06-11 09:38:53,4009,2783,IMPS,197035,SUCCESS,
8501,2025-02-18 07:00:58,158,93,NEFT,408943,SUCCESS,
8502,2025-07-12 03:42:27,522,4202,UPI,7561,SUCCESS,
8503,2025-10-07 23:08:26,77,,DEPOSIT,59375,SUCCESS,
8504,2025-12-28 00:44:38,3524,1704,IMPS,192346,SUCCESS,
8505,2025-05-08 16:38:02,2148,,DEPOSIT,20821,SUCCESS,
8506,2025-05-14 03:57:38,4227,,WITHDRAWAL,47514,SUCCESS,
8507,2025-08-25 09:55:22,1112,3994,UPI,4756,SUCCESS,
8508,2025-06-15 14:50:14,458,,ATM WITHDRAWAL,9281,SUCCESS,
8509,2025-05-22 10:15:21,3472,,WITHDRAWAL,23857,SUCCESS,
8510,2025-06-04 16:12:00,795,3119,IMPS,91053,SUCCESS,
8511,2025-10-19 18:49:28,2625,,DEPOSIT,1354,SUCCESS,
8512,2025-11-07 09:49:40,183,1446,FUND TRANSFER,660324,SUCCESS,
8513,2025-10-07 18:41:35,2845,2580,UPI,3479,SUCCESS,
8514,2025-11-17 22:41:19,4364,2013,IMPS,158147,SUCCESS,
8515,2025-03-12 07:54:45,2629,,DEPOSIT,63334,SUCCESS,
8516,2025-08-10 08:30:10,562,,DEPOSIT,52619,SUCCESS,
8517,2025-06-21 19:38:18,2067,3996,FUND TRANSFER,251258,SUCCESS,
8518,2025-10-02 01:59:35,1914,1231,UPI,7234,SUCCESS,
8519,2025-12-29 17:28:31,2443,2350,UPI,6334,SUCCESS,
8520,2025-01-06 11:42:30,1512,,ATM WITHDRAWAL,9934,SUCCESS,
8521,2025-11-25 05:40:38,2614,,WITHDRAWAL,11717,SUCCESS,
8522,2025-06-29 12:44:54,1144,18,UPI,8605,SUCCESS,
8523,2025-04-16 11:23:45,870,42,FUND TRANSFER,345273,SUCCESS,
8524,2025-02-23 19:15:23,4502,,DEPOSIT,93969,SUCCESS,
8525,2025-08-28 19:16:18,2438,,WITHDRAWAL,44025,SUCCESS,
8526,2025-02-12 11:41:27,1748,3630,FUND TRANSFER,967341,SUCCESS,
8527,2025-06-21 15:33:09,4648,4043,UPI,8897,SUCCESS,
8528,2025-07-31 12:23:51,3216,343,FUND TRANSFER,794118,SUCCESS,
8529,2025-03-27 09:48:50,4720,,INTEREST CREDIT,12442,SUCCESS,
8530,2025-05-06 14:41:46,4870,2756,NEFT,296539,SUCCESS,
8531,2025-06-08 01:15:19,2846,1528,NEFT,193708,SUCCESS,
8532,2025-07-17 09:44:17,2274,3695,UPI,2061,SUCCESS,
8533,2025-02-17 13:03:52,1254,,INTEREST CREDIT,2210,SUCCESS,
8534,2025-12-16 05:27:04,1527,2837,UPI,3531,SUCCESS,
8535,2025-09-03 14:03:17,3882,135,FUND TRANSFER,918634,SUCCESS,
8536,2025-11-05 21:54:08,3646,2457,FUND TRANSFER,546176,SUCCESS,
8537,2025-10-02 23:54:38,1929,,WITHDRAWAL,5351,SUCCESS,
8538,2025-12-21 14:24:07,4669,,WITHDRAWAL,39809,SUCCESS,
8539,2025-06-07 06:21:07,356,,ATM WITHDRAWAL,8182,SUCCESS,
8540,2025-06-14 20:40:58,3716,,INTEREST CREDIT,6565,FAILED,Invalid Account
8541,2025-08-05 16:44:56,3937,,WITHDRAWAL,8662,SUCCESS,
8542,2025-11-14 22:37:57,928,3313,FUND TRANSFER,600022,SUCCESS,
8543,2025-04-16 19:05:32,2847,1861,FUND TRANSFER,860551,SUCCESS,
8544,2025-01-12 18:53:21,818,2682,UPI,5595,SUCCESS,
8545,2025-07-22 18:26:45,4165,,ATM WITHDRAWAL,6365,SUCCESS,
8546,2025-01-23 12:33:00,1961,,DEPOSIT,73774,SUCCESS,
8547,2025-08-25 06:27:14,2595,3395,FUND TRANSFER,334770,SUCCESS,
8548,2025-11-15 18:52:00,3913,,DEPOSIT,30882,SUCCESS,
8549,2025-01-24 06:57:29,4438,,WITHDRAWAL,37443,SUCCESS,
8550,2025-07-20 10:48:38,441,1807,UPI,4689,SUCCESS,
8551,2025-09-08 02:13:51,4720,1528,UPI,2525,SUCCESS,
8552,2025-12-12 16:05:22,4060,1531,NEFT,138081,SUCCESS,
8553,2025-09-17 04:12:32,3468,817,IMPS,48273,SUCCESS,
8554,2025-05-06 14:47:46,983,,ATM WITHDRAWAL,9894,SUCCESS,
8555,2025-03-26 06:37:58,2265,,ATM WITHDRAWAL,6036,SUCCESS,
8556,2025-01-19 07:04:40,4736,1490,FUND TRANSFER,310138,FAILED,Beneficiary Not Found
8557,2025-10-30 09:53:29,4519,926,FUND TRANSFER,734738,SUCCESS,
8558,2025-01-12 12:14:06,1073,3608,UPI,1230,SUCCESS,
8559,2025-04-05 12:46:07,704,770,UPI,746,SUCCESS,
8560,2025-08-27 20:18:47,826,4835,UPI,2025,SUCCESS,
8561,2025-11-21 23:10:38,2365,2476,UPI,9999,SUCCESS,
8562,2025-09-14 17:00:36,2460,,ATM WITHDRAWAL,8906,SUCCESS,
8563,2025-01-30 09:47:46,311,7,UPI,9811,SUCCESS,
8564,2025-05-17 01:19:34,2290,,ATM WITHDRAWAL,1900,SUCCESS,
8565,2025-11-24 17:22:04,3304,,ATM WITHDRAWAL,1865,SUCCESS,
8566,2025-05-31 05:12:28,2237,,DEPOSIT,4754,SUCCESS,
8567,2025-08-25 02:11:30,4674,,DEPOSIT,72284,SUCCESS,
8568,2025-08-03 14:23:07,3898,1031,IMPS,142724,SUCCESS,
8569,2025-12-01 22:54:52,4037,3858,UPI,7499,SUCCESS,
8570,2025-01-02 13:39:14,477,621,NEFT,246269,SUCCESS,
8571,2025-12-30 12:15:03,5,2643,UPI,215,SUCCESS,
8572,2025-01-10 09:38:52,2422,875,IMPS,15198,SUCCESS,
8573,2025-11-26 04:08:59,2745,3838,UPI,7127,SUCCESS,
8574,2025-01-15 02:21:42,2421,2590,FUND TRANSFER,39324,SUCCESS,
8575,2025-09-15 04:10:12,405,,INTEREST CREDIT,15555,SUCCESS,
8576,2025-10-09 07:25:51,3367,,DEPOSIT,76636,SUCCESS,
8577,2025-04-18 15:45:57,4227,2301,FUND TRANSFER,759006,SUCCESS,
8578,2025-03-15 21:04:22,1940,2214,IMPS,146869,SUCCESS,
8579,2025-04-18 14:30:33,3191,4076,NEFT,487795,SUCCESS,
8580,2025-06-08 00:57:40,2503,,ATM WITHDRAWAL,5151,SUCCESS,
8581,2025-07-26 18:43:41,4697,4366,IMPS,82909,SUCCESS,
8582,2025-01-11 20:20:23,3599,1319,FUND TRANSFER,561426,SUCCESS,
8583,2025-04-23 07:47:33,362,1199,UPI,5543,SUCCESS,
8584,2025-06-27 17:16:26,1256,3551,UPI,3211,SUCCESS,
8585,2025-02-05 05:03:16,2047,1016,FUND TRANSFER,480625,SUCCESS,
8586,2025-06-11 23:40:27,4149,,WITHDRAWAL,23531,SUCCESS,
8587,2025-09-22 22:53:28,4507,,DEPOSIT,86855,SUCCESS,
8588,2025-04-29 11:37:41,1012,1172,FUND TRANSFER,496192,SUCCESS,
8589,2025-03-07 01:19:26,1581,1600,UPI,3163,SUCCESS,
8590,2025-04-26 03:43:35,4332,65,UPI,1961,FAILED,Insufficient Balance
8591,2025-04-22 16:50:02,1659,,ATM WITHDRAWAL,9316,SUCCESS,
8592,2025-12-18 13:46:04,4629,3107,IMPS,187349,SUCCESS,
8593,2025-08-07 01:33:31,1720,2846,UPI,3249,SUCCESS,
8594,2025-09-08 02:17:20,2162,,WITHDRAWAL,26487,SUCCESS,
8595,2025-05-07 21:20:22,1209,4546,UPI,7197,FAILED,Network Timeout
8596,2025-09-15 11:43:51,2648,,INTEREST CREDIT,23433,SUCCESS,
8597,2025-06-03 07:02:44,2926,438,UPI,9783,SUCCESS,
8598,2025-06-30 10:34:20,2224,419,UPI,1050,SUCCESS,
8599,2025-06-17 19:14:30,952,3823,UPI,4178,SUCCESS,
8600,2025-01-23 11:54:50,3332,2337,UPI,536,SUCCESS,
8601,2025-12-15 13:06:48,1582,4754,FUND TRANSFER,233132,SUCCESS,
8602,2025-06-16 12:32:24,4770,1490,NEFT,46946,SUCCESS,
8603,2025-08-22 10:36:02,4321,2490,UPI,8571,SUCCESS,
8604,2025-11-08 16:04:08,3846,1122,NEFT,387674,SUCCESS,
8605,2025-04-17 09:29:25,4120,,WITHDRAWAL,13276,SUCCESS,
8606,2025-02-13 00:13:51,398,,ATM WITHDRAWAL,9099,SUCCESS,
8607,2025-02-12 07:20:18,1816,155,UPI,8249,SUCCESS,
8608,2025-03-24 01:30:08,3156,3622,UPI,1742,SUCCESS,
8609,2025-04-20 21:47:56,4445,2647,IMPS,174677,SUCCESS,
8610,2025-02-15 20:55:39,2547,4589,UPI,8677,SUCCESS,
8611,2025-10-08 13:38:23,1362,,ATM WITHDRAWAL,9698,SUCCESS,
8612,2025-04-21 20:13:45,2868,344,UPI,6492,SUCCESS,
8613,2025-02-09 18:44:20,1081,,INTEREST CREDIT,11697,SUCCESS,
8614,2025-02-12 08:42:56,3080,,WITHDRAWAL,220,SUCCESS,
8615,2025-11-09 12:19:59,4076,,WITHDRAWAL,41674,SUCCESS,
8616,2025-02-17 18:57:19,3549,1790,UPI,1674,SUCCESS,
8617,2025-09-25 12:00:18,2365,,DEPOSIT,52709,SUCCESS,
8618,2025-08-14 01:44:52,1398,,DEPOSIT,7951,SUCCESS,
8619,2025-02-12 01:54:33,2601,32,UPI,6623,SUCCESS,
8620,2025-09-02 21:05:00,1793,,WITHDRAWAL,45730,SUCCESS,
8621,2025-07-04 20:42:42,3152,,WITHDRAWAL,25766,SUCCESS,
8622,2025-07-29 21:49:50,3212,120,NEFT,54071,SUCCESS,
8623,2025-11-21 01:04:37,3401,3038,UPI,7974,SUCCESS,
8624,2025-08-23 11:28:03,4296,,WITHDRAWAL,18101,SUCCESS,
8625,2025-03-20 22:13:15,3083,2668,FUND TRANSFER,357543,SUCCESS,
8626,2025-01-10 17:17:26,1654,,WITHDRAWAL,32906,SUCCESS,
8627,2025-01-13 11:33:01,778,2945,FUND TRANSFER,109810,SUCCESS,
8628,2025-11-27 14:19:59,954,,ATM WITHDRAWAL,8889,SUCCESS,
8629,2025-12-17 21:31:54,3016,1534,NEFT,413950,SUCCESS,
8630,2025-01-14 01:07:10,3958,2811,FUND TRANSFER,299997,SUCCESS,
8631,2025-01-24 11:38:08,50,770,FUND TRANSFER,950309,SUCCESS,
8632,2025-12-15 02:59:15,1903,1834,UPI,5633,SUCCESS,
8633,2025-04-18 06:03:03,179,3924,FUND TRANSFER,687757,SUCCESS,
8634,2025-01-30 18:59:24,1254,1665,UPI,8781,SUCCESS,
8635,2025-07-03 19:30:37,2996,,DEPOSIT,81052,SUCCESS,
8636,2025-02-10 12:12:41,4107,3523,UPI,8549,SUCCESS,
8637,2025-06-10 10:54:38,3545,4979,FUND TRANSFER,593004,SUCCESS,
8638,2025-09-02 05:39:44,3620,,ATM WITHDRAWAL,5303,SUCCESS,
8639,2025-02-14 09:55:37,3427,1920,FUND TRANSFER,865851,SUCCESS,
8640,2025-04-08 11:39:05,2488,278,IMPS,119361,SUCCESS,
8641,2025-12-31 19:20:16,62,,WITHDRAWAL,19766,SUCCESS,
8642,2025-09-20 14:42:25,2183,2543,FUND TRANSFER,135770,SUCCESS,
8643,2025-04-18 19:22:41,1848,4495,NEFT,249040,SUCCESS,
8644,2025-05-18 15:40:51,1156,,WITHDRAWAL,28981,SUCCESS,
8645,2025-01-08 05:42:01,4308,2612,FUND TRANSFER,971263,SUCCESS,
8646,2025-01-24 02:09:20,4288,,WITHDRAWAL,17523,SUCCESS,
8647,2025-05-05 07:52:49,2626,,WITHDRAWAL,5766,SUCCESS,
8648,2025-01-30 14:18:24,2249,1045,FUND TRANSFER,738118,SUCCESS,
8649,2025-02-20 21:47:49,2083,,WITHDRAWAL,9847,SUCCESS,
8650,2025-09-17 07:23:33,4968,2537,IMPS,31646,SUCCESS,
8651,2025-07-30 14:49:31,4478,,ATM WITHDRAWAL,3652,SUCCESS,
8652,2025-04-08 01:29:42,1160,,DEPOSIT,42386,SUCCESS,
8653,2025-08-16 06:46:33,3751,4563,IMPS,52596,SUCCESS,
8654,2025-11-24 01:40:49,575,4423,IMPS,81330,SUCCESS,
8655,2025-07-24 03:39:56,2695,,ATM WITHDRAWAL,9709,SUCCESS,
8656,2025-02-04 00:04:51,1259,,DEPOSIT,3026,SUCCESS,
8657,2025-08-27 04:54:44,3204,2356,UPI,2837,SUCCESS,
8658,2025-10-11 03:57:01,2112,2737,UPI,9063,SUCCESS,
8659,2025-05-27 15:10:33,1661,41,UPI,8137,SUCCESS,
8660,2025-04-12 01:59:04,699,4893,UPI,371,SUCCESS,
8661,2025-09-03 14:04:32,4840,2747,UPI,228,SUCCESS,
8662,2025-03-11 22:31:55,2163,,ATM WITHDRAWAL,8043,SUCCESS,
8663,2025-02-24 21:01:36,3695,188,UPI,8485,SUCCESS,
8664,2025-05-11 13:18:10,488,2064,FUND TRANSFER,570696,SUCCESS,
8665,2025-08-21 11:27:29,2227,,WITHDRAWAL,9463,SUCCESS,
8666,2025-02-01 02:19:53,2653,,ATM WITHDRAWAL,9411,SUCCESS,
8667,2025-01-20 17:44:18,3532,3883,FUND TRANSFER,922858,SUCCESS,
8668,2025-07-14 13:53:26,1814,,WITHDRAWAL,3349,SUCCESS,
8669,2025-05-16 08:33:20,4206,631,FUND TRANSFER,670719,SUCCESS,
8670,2025-10-15 13:01:11,370,,ATM WITHDRAWAL,1545,SUCCESS,
8671,2025-08-14 07:11:53,3545,4540,IMPS,95064,SUCCESS,
8672,2025-09-07 13:52:14,2718,,ATM WITHDRAWAL,9385,SUCCESS,
8673,2025-02-11 04:20:32,2654,2963,NEFT,59010,SUCCESS,
8674,2025-04-20 18:30:30,1091,,ATM WITHDRAWAL,4990,SUCCESS,
8675,2025-07-29 03:05:26,3614,,ATM WITHDRAWAL,8608,SUCCESS,
8676,2025-07-01 19:16:09,2974,,DEPOSIT,76598,SUCCESS,
8677,2025-01-18 23:58:18,997,172,UPI,7842,SUCCESS,
8678,2025-04-09 11:37:45,1601,,DEPOSIT,35205,SUCCESS,
8679,2025-08-30 19:19:06,4794,2997,IMPS,40207,SUCCESS,
8680,2025-08-06 03:16:28,4964,2543,FUND TRANSFER,357095,SUCCESS,
8681,2025-01-20 03:21:26,3895,2979,UPI,9036,SUCCESS,
8682,2025-11-07 22:56:22,4395,4386,FUND TRANSFER,990649,SUCCESS,
8683,2025-03-15 20:20:46,1036,2934,FUND TRANSFER,292881,SUCCESS,
8684,2025-09-10 17:28:22,3086,,WITHDRAWAL,8976,SUCCESS,
8685,2025-07-28 04:30:08,4942,,DEPOSIT,94987,SUCCESS,
8686,2025-01-30 21:07:02,4180,,INTEREST CREDIT,11750,SUCCESS,
8687,2025-04-04 03:47:11,731,3997,UPI,3562,SUCCESS,
8688,2025-03-23 07:41:12,907,296,FUND TRANSFER,769703,SUCCESS,
8689,2025-05-22 13:45:26,4891,3022,UPI,8880,SUCCESS,
8690,2025-06-12 06:53:27,3708,2528,UPI,464,SUCCESS,
8691,2025-09-20 18:08:26,3092,3254,UPI,6457,SUCCESS,
8692,2025-05-01 07:16:50,4056,,WITHDRAWAL,25073,SUCCESS,
8693,2025-07-14 02:05:55,3200,2401,UPI,5206,SUCCESS,
8694,2025-08-03 05:34:20,1364,879,NEFT,362994,SUCCESS,
8695,2025-07-27 10:20:42,2534,2569,NEFT,225726,SUCCESS,
8696,2025-12-18 08:24:54,2935,523,UPI,9317,SUCCESS,
8697,2025-02-20 08:49:20,2132,3198,IMPS,28471,SUCCESS,
8698,2025-01-15 11:38:26,4572,1152,UPI,8445,SUCCESS,
8699,2025-05-23 21:22:40,3690,,ATM WITHDRAWAL,3924,SUCCESS,
8700,2025-06-15 15:50:10,3157,,DEPOSIT,45835,SUCCESS,
8701,2025-10-20 05:46:58,486,1507,NEFT,236211,SUCCESS,
8702,2025-12-13 18:02:24,4634,,DEPOSIT,76770,SUCCESS,
8703,2025-10-08 03:03:34,2453,3416,UPI,5674,SUCCESS,
8704,2025-07-29 01:31:30,1021,,DEPOSIT,21052,SUCCESS,
8705,2025-07-27 21:37:10,3486,2656,UPI,2334,SUCCESS,
8706,2025-01-13 14:58:47,148,2939,UPI,805,SUCCESS,
8707,2025-11-23 21:12:10,3571,3352,FUND TRANSFER,950961,SUCCESS,
8708,2025-10-11 20:12:35,188,275,NEFT,323824,SUCCESS,
8709,2025-10-28 08:33:52,2020,325,FUND TRANSFER,904310,SUCCESS,
8710,2025-05-24 16:22:11,1985,3592,FUND TRANSFER,624577,SUCCESS,
8711,2025-04-14 23:20:48,3989,3373,FUND TRANSFER,692326,SUCCESS,
8712,2025-08-26 07:24:00,1696,,ATM WITHDRAWAL,2531,FAILED,Network Timeout
8713,2025-07-03 20:27:07,658,,ATM WITHDRAWAL,482,SUCCESS,
8714,2025-08-05 20:07:39,4266,1671,UPI,4393,SUCCESS,
8715,2025-01-31 01:52:01,275,1043,IMPS,81138,SUCCESS,
8716,2025-06-08 20:55:37,582,497,FUND TRANSFER,154828,SUCCESS,
8717,2025-09-06 22:19:42,388,,DEPOSIT,74448,SUCCESS,
8718,2025-11-30 02:06:36,158,4042,UPI,9021,SUCCESS,
8719,2025-11-04 22:09:18,4193,185,UPI,5110,SUCCESS,
8720,2025-02-06 02:50:30,1553,,ATM WITHDRAWAL,6550,SUCCESS,
8721,2025-12-23 11:26:49,97,3241,UPI,7102,SUCCESS,
8722,2025-07-06 05:36:53,4206,945,UPI,4356,SUCCESS,
8723,2025-10-15 12:31:08,2050,681,UPI,886,SUCCESS,
8724,2025-03-23 04:58:50,189,644,UPI,4333,SUCCESS,
8725,2025-11-26 09:32:31,1150,3455,UPI,567,SUCCESS,
8726,2025-02-14 22:00:56,1014,1659,UPI,6911,SUCCESS,
8727,2025-07-16 00:10:10,43,1922,NEFT,375898,SUCCESS,
8728,2025-06-28 06:37:21,958,,INTEREST CREDIT,20483,SUCCESS,
8729,2025-03-27 18:07:58,4812,2339,FUND TRANSFER,901447,SUCCESS,
8730,2025-09-07 10:16:48,412,3040,UPI,9354,SUCCESS,
8731,2025-01-15 05:45:39,1526,4236,NEFT,73515,SUCCESS,
8732,2025-10-28 15:19:44,2142,1013,IMPS,49874,SUCCESS,
8733,2025-12-18 17:12:10,4899,,INTEREST CREDIT,10330,SUCCESS,
8734,2025-08-09 03:54:48,1096,,WITHDRAWAL,5027,SUCCESS,
8735,2025-08-29 05:06:13,3944,4809,NEFT,106540,SUCCESS,
8736,2025-01-09 03:10:35,2606,2137,UPI,2755,SUCCESS,
8737,2025-02-17 18:30:48,4028,,INTEREST CREDIT,7533,SUCCESS,
8738,2025-09-04 06:56:05,244,3052,UPI,6164,SUCCESS,
8739,2025-01-01 23:44:19,2891,3916,FUND TRANSFER,150153,SUCCESS,
8740,2025-09-03 18:32:30,770,4704,UPI,9849,SUCCESS,
8741,2025-05-08 19:30:01,786,,ATM WITHDRAWAL,6445,SUCCESS,
8742,2025-01-17 09:01:56,256,,WITHDRAWAL,27610,SUCCESS,
8743,2025-10-23 15:57:25,1690,1705,IMPS,94403,SUCCESS,
8744,2025-10-06 08:23:41,3259,,ATM WITHDRAWAL,4821,SUCCESS,
8745,2025-12-06 21:23:26,3338,851,UPI,8546,SUCCESS,
8746,2025-06-10 00:33:11,3580,,WITHDRAWAL,38704,SUCCESS,
8747,2025-01-06 13:53:36,3754,4805,FUND TRANSFER,512254,SUCCESS,
8748,2025-06-17 22:46:59,3996,,INTEREST CREDIT,17179,SUCCESS,
8749,2025-03-19 01:36:22,3562,2070,IMPS,20540,SUCCESS,
8750,2025-08-11 00:18:29,1860,919,UPI,307,SUCCESS,
8751,2025-07-23 05:08:26,2475,,DEPOSIT,59380,SUCCESS,
8752,2025-09-02 04:21:13,3139,3827,UPI,2913,SUCCESS,
8753,2025-12-22 09:25:24,412,4566,UPI,7046,SUCCESS,
8754,2025-12-25 09:53:44,3927,4328,NEFT,20800,SUCCESS,
8755,2025-07-08 09:38:27,2386,4107,FUND TRANSFER,409206,SUCCESS,
8756,2025-02-13 14:40:24,512,1071,UPI,2579,SUCCESS,
8757,2025-12-27 04:18:09,882,,ATM WITHDRAWAL,7914,SUCCESS,
8758,2025-05-05 14:16:27,1074,1167,UPI,5977,SUCCESS,
8759,2025-05-12 15:22:35,1871,,WITHDRAWAL,7444,SUCCESS,
8760,2025-06-03 03:07:07,4267,,ATM WITHDRAWAL,7252,SUCCESS,
8761,2025-04-06 22:18:41,4946,4260,IMPS,131572,SUCCESS,
8762,2025-12-25 02:44:44,3792,,DEPOSIT,12571,SUCCESS,
8763,2025-10-25 19:41:23,4353,3096,FUND TRANSFER,655535,SUCCESS,
8764,2025-08-30 17:34:05,2472,,ATM WITHDRAWAL,7531,SUCCESS,
8765,2025-02-07 03:12:24,3122,,INTEREST CREDIT,76,SUCCESS,
8766,2025-09-04 01:07:58,4431,3669,FUND TRANSFER,643635,SUCCESS,
8767,2025-09-13 13:11:40,4043,2908,NEFT,480256,SUCCESS,
8768,2025-04-09 03:13:07,3059,228,UPI,5384,SUCCESS,
8769,2025-02-08 10:23:00,1071,327,NEFT,229711,SUCCESS,
8770,2025-09-19 13:44:24,1277,2608,UPI,3513,SUCCESS,
8771,2025-06-02 19:33:20,1795,468,IMPS,169283,SUCCESS,
8772,2025-01-02 09:54:32,2840,4815,FUND TRANSFER,467729,SUCCESS,
8773,2025-10-19 04:20:44,4889,2064,UPI,7803,SUCCESS,
8774,2025-08-30 12:55:46,1137,,DEPOSIT,99689,SUCCESS,
8775,2025-05-31 13:29:59,1085,,ATM WITHDRAWAL,6351,SUCCESS,
8776,2025-04-11 20:04:42,4052,,ATM WITHDRAWAL,5884,SUCCESS,
8777,2025-11-13 19:15:55,2983,1694,UPI,2454,SUCCESS,
8778,2025-09-25 02:25:37,1222,,DEPOSIT,95000,SUCCESS,
8779,2025-07-23 22:28:00,4932,,WITHDRAWAL,30731,SUCCESS,
8780,2025-05-17 03:32:56,2888,4744,UPI,6483,SUCCESS,
8781,2025-01-20 06:04:28,4548,2802,NEFT,47925,SUCCESS,
8782,2025-11-26 01:47:21,506,,ATM WITHDRAWAL,7052,SUCCESS,
8783,2025-10-03 01:54:26,3331,2569,FUND TRANSFER,147554,SUCCESS,
8784,2025-01-27 23:38:16,1349,,ATM WITHDRAWAL,293,SUCCESS,
8785,2025-10-12 12:56:19,4092,39,FUND TRANSFER,18080,SUCCESS,
8786,2025-08-15 05:02:02,4027,,DEPOSIT,78171,FAILED,Daily Limit Exceeded
8787,2025-12-27 15:46:44,4911,,ATM WITHDRAWAL,7303,SUCCESS,
8788,2025-01-24 10:36:07,2924,772,UPI,6148,SUCCESS,
8789,2025-05-28 22:01:18,677,1541,UPI,1582,SUCCESS,
8790,2025-10-24 12:32:41,3695,4035,UPI,8269,SUCCESS,
8791,2025-11-30 19:55:22,1031,3409,UPI,1219,SUCCESS,
8792,2025-06-11 05:40:24,1303,,ATM WITHDRAWAL,5484,SUCCESS,
8793,2025-05-22 06:56:38,3166,995,UPI,9435,SUCCESS,
8794,2025-08-17 08:29:47,184,3813,FUND TRANSFER,515512,SUCCESS,
8795,2025-10-30 23:11:26,2672,4238,UPI,1532,SUCCESS,
8796,2025-08-22 12:39:05,3105,2093,NEFT,434498,SUCCESS,
8797,2025-11-21 23:56:38,2055,412,UPI,6234,SUCCESS,
8798,2025-03-27 04:49:14,1956,3791,NEFT,143202,SUCCESS,
8799,2025-07-10 16:22:37,2549,,ATM WITHDRAWAL,8781,SUCCESS,
8800,2025-05-23 11:45:46,1473,528,UPI,1117,SUCCESS,
8801,2025-10-03 13:09:45,3763,1216,IMPS,184600,FAILED,Beneficiary Not Found
8802,2025-05-18 16:56:17,4246,3213,NEFT,65835,SUCCESS,
8803,2025-10-31 02:15:14,4385,,WITHDRAWAL,7000,SUCCESS,
8804,2025-06-05 09:54:38,4478,,DEPOSIT,16073,SUCCESS,
8805,2025-05-03 00:16:01,4858,3602,NEFT,225848,SUCCESS,
8806,2025-06-12 10:52:44,762,,WITHDRAWAL,48690,SUCCESS,
8807,2025-09-20 02:10:47,1255,2422,FUND TRANSFER,823152,SUCCESS,
8808,2025-07-28 15:00:15,1479,1707,UPI,6053,SUCCESS,
8809,2025-12-04 21:44:27,227,2072,IMPS,115468,SUCCESS,
8810,2025-06-15 13:30:33,1150,4674,FUND TRANSFER,556307,SUCCESS,
8811,2025-04-08 05:08:42,2879,3902,FUND TRANSFER,470937,SUCCESS,
8812,2025-11-23 06:31:34,2980,,DEPOSIT,92461,SUCCESS,
8813,2025-06-26 00:55:18,2976,,WITHDRAWAL,21734,SUCCESS,
8814,2025-03-14 10:35:37,2549,,WITHDRAWAL,11305,SUCCESS,
8815,2025-09-23 09:28:34,1187,4177,IMPS,75134,SUCCESS,
8816,2025-01-19 14:39:43,2350,814,FUND TRANSFER,851447,SUCCESS,
8817,2025-01-25 10:39:17,244,3581,FUND TRANSFER,974141,SUCCESS,
8818,2025-11-29 07:23:46,1899,4102,NEFT,383991,SUCCESS,
8819,2025-08-01 04:00:11,4746,2779,UPI,7139,SUCCESS,
8820,2025-01-25 09:20:19,2173,4008,UPI,1370,SUCCESS,
8821,2025-07-10 17:59:17,3657,,WITHDRAWAL,32924,SUCCESS,
8822,2025-05-23 04:36:46,1043,,WITHDRAWAL,19185,SUCCESS,
8823,2025-07-04 08:19:54,3789,426,FUND TRANSFER,363767,SUCCESS,
8824,2025-05-16 16:29:57,360,4082,IMPS,111427,SUCCESS,
8825,2025-09-02 12:05:19,1922,4115,UPI,7144,FAILED,Daily Limit Exceeded
8826,2025-11-06 01:06:28,2684,2690,UPI,3074,SUCCESS,
8827,2025-06-04 06:03:07,4190,730,FUND TRANSFER,291126,SUCCESS,
8828,2025-11-27 04:36:58,3459,,WITHDRAWAL,41092,SUCCESS,
8829,2025-04-15 22:53:17,1471,,DEPOSIT,80670,SUCCESS,
8830,2025-10-08 15:04:31,2878,,DEPOSIT,53766,SUCCESS,
8831,2025-06-23 07:54:48,4348,,DEPOSIT,59391,SUCCESS,
8832,2025-06-01 12:25:13,390,,DEPOSIT,44629,SUCCESS,
8833,2025-09-09 13:36:59,1742,3299,IMPS,19899,SUCCESS,
8834,2025-12-18 21:31:10,1601,3448,UPI,9801,SUCCESS,
8835,2025-01-04 22:56:45,4182,1682,UPI,2968,SUCCESS,
8836,2025-04-07 09:56:20,824,3555,NEFT,22786,SUCCESS,
8837,2025-12-09 18:05:22,3897,1135,IMPS,17437,SUCCESS,
8838,2025-10-30 06:54:54,1387,2929,UPI,6016,SUCCESS,
8839,2025-10-09 15:41:22,2465,,DEPOSIT,86209,SUCCESS,
8840,2025-05-21 10:50:14,2687,,ATM WITHDRAWAL,8932,SUCCESS,
8841,2025-12-20 15:03:51,4340,,ATM WITHDRAWAL,7946,SUCCESS,
8842,2025-01-13 17:14:42,1586,3988,UPI,4861,SUCCESS,
8843,2025-11-30 18:31:17,4356,,INTEREST CREDIT,8611,SUCCESS,
8844,2025-07-23 13:37:03,1673,2155,FUND TRANSFER,327743,SUCCESS,
8845,2025-04-08 16:04:36,4309,2382,FUND TRANSFER,218320,SUCCESS,
8846,2025-02-24 10:30:40,1118,,ATM WITHDRAWAL,7706,SUCCESS,
8847,2025-01-23 10:21:29,2825,2306,FUND TRANSFER,694161,SUCCESS,
8848,2025-11-13 13:46:55,1094,1378,FUND TRANSFER,908792,SUCCESS,
8849,2025-02-25 19:06:52,1665,3319,UPI,96,SUCCESS,
8850,2025-10-26 01:24:09,3585,,WITHDRAWAL,4313,SUCCESS,
8851,2025-06-25 15:54:44,4963,3223,UPI,859,SUCCESS,
8852,2025-04-08 08:02:40,2947,1313,FUND TRANSFER,383809,SUCCESS,
8853,2025-02-01 05:16:29,207,,WITHDRAWAL,12927,SUCCESS,
8854,2025-06-16 05:48:46,3070,2150,IMPS,151554,SUCCESS,
8855,2025-07-04 07:19:50,1890,4782,UPI,600,SUCCESS,
8856,2025-11-30 07:58:30,2451,,ATM WITHDRAWAL,4826,SUCCESS,
8857,2025-10-22 02:41:18,1442,774,FUND TRANSFER,113356,SUCCESS,
8858,2025-04-05 02:26:59,1707,421,UPI,8104,SUCCESS,
8859,2025-12-08 04:40:46,1208,4989,IMPS,57374,SUCCESS,
8860,2025-03-02 12:17:59,1007,,ATM WITHDRAWAL,2009,SUCCESS,
8861,2025-04-22 23:58:48,2367,4104,UPI,7821,SUCCESS,
8862,2025-03-11 08:20:02,3714,1809,FUND TRANSFER,383190,SUCCESS,
8863,2025-07-30 16:42:19,1793,3971,UPI,6993,SUCCESS,
8864,2025-09-24 00:14:12,539,1918,FUND TRANSFER,16519,SUCCESS,
8865,2025-06-05 12:21:09,938,809,UPI,558,SUCCESS,
8866,2025-04-24 08:40:55,4456,3626,IMPS,62165,SUCCESS,
8867,2025-09-05 23:03:02,442,4359,FUND TRANSFER,653769,SUCCESS,
8868,2025-04-05 03:38:40,4255,1186,UPI,1778,SUCCESS,
8869,2025-04-06 11:17:43,2860,4262,UPI,4477,SUCCESS,
8870,2025-02-10 10:22:43,3268,,WITHDRAWAL,33570,SUCCESS,
8871,2025-08-22 12:30:10,1797,,ATM WITHDRAWAL,5313,SUCCESS,
8872,2025-05-06 19:55:43,2137,4686,UPI,2254,SUCCESS,
8873,2025-05-01 07:42:59,2259,,ATM WITHDRAWAL,5263,SUCCESS,
8874,2025-05-23 03:26:10,527,3259,UPI,7599,SUCCESS,
8875,2025-06-10 08:14:34,2155,,DEPOSIT,67373,SUCCESS,
8876,2025-12-28 04:08:58,3215,3809,UPI,7625,SUCCESS,
8877,2025-01-24 09:09:45,4719,2648,IMPS,177531,SUCCESS,
8878,2025-03-12 21:06:56,2673,1453,UPI,537,FAILED,Invalid Account
8879,2025-06-11 20:02:31,1914,2249,FUND TRANSFER,318834,SUCCESS,
8880,2025-09-22 04:47:50,4072,,WITHDRAWAL,27245,SUCCESS,
8881,2025-11-13 07:32:58,3947,,DEPOSIT,90933,SUCCESS,
8882,2025-11-03 15:41:00,4658,,WITHDRAWAL,48635,SUCCESS,
8883,2025-09-19 15:25:57,64,,ATM WITHDRAWAL,496,SUCCESS,
8884,2025-04-01 22:36:47,3168,,ATM WITHDRAWAL,8498,SUCCESS,
8885,2025-01-06 06:05:42,1980,,WITHDRAWAL,8251,SUCCESS,
8886,2025-12-27 07:33:59,2001,1195,UPI,3794,SUCCESS,
8887,2025-12-28 17:10:23,1081,3898,NEFT,255501,SUCCESS,
8888,2025-11-15 00:44:19,4963,,INTEREST CREDIT,14535,SUCCESS,
8889,2025-04-16 13:26:14,3381,,ATM WITHDRAWAL,4687,SUCCESS,
8890,2025-10-18 08:42:58,1342,3440,FUND TRANSFER,412736,SUCCESS,
8891,2025-07-14 06:12:38,354,3845,IMPS,170804,SUCCESS,
8892,2025-12-26 06:00:41,3942,497,UPI,2150,SUCCESS,
8893,2025-03-26 23:55:36,718,20,IMPS,103131,SUCCESS,
8894,2025-06-01 20:10:25,4615,,ATM WITHDRAWAL,4662,SUCCESS,
8895,2025-10-14 04:15:14,1178,,ATM WITHDRAWAL,8447,SUCCESS,
8896,2025-09-22 21:44:47,2927,,DEPOSIT,89099,FAILED,Account Blocked
8897,2025-05-05 20:00:11,3038,,WITHDRAWAL,40848,SUCCESS,
8898,2025-08-04 21:32:26,718,2210,FUND TRANSFER,80632,SUCCESS,
8899,2025-02-02 07:28:56,4082,1757,IMPS,4099,SUCCESS,
8900,2025-07-22 02:37:39,4936,,WITHDRAWAL,44344,SUCCESS,
8901,2025-10-05 22:29:29,1718,,WITHDRAWAL,42250,SUCCESS,
8902,2025-12-12 03:32:58,3905,2606,UPI,9789,SUCCESS,
8903,2025-03-26 21:57:12,2468,,ATM WITHDRAWAL,2308,SUCCESS,
8904,2025-03-30 06:31:46,638,3734,UPI,9787,SUCCESS,
8905,2025-03-20 08:04:40,3582,,WITHDRAWAL,27377,FAILED,Account Blocked
8906,2025-10-28 09:57:58,4236,4728,UPI,2146,SUCCESS,
8907,2025-12-08 19:26:21,2960,4969,UPI,5710,SUCCESS,
8908,2025-08-08 20:02:12,2564,,ATM WITHDRAWAL,305,SUCCESS,
8909,2025-05-14 11:17:39,4890,2420,FUND TRANSFER,454191,SUCCESS,
8910,2025-04-25 06:24:50,3452,4317,NEFT,404218,SUCCESS,
8911,2025-12-05 09:39:09,2214,,INTEREST CREDIT,9470,SUCCESS,
8912,2025-12-01 01:37:37,1791,3621,FUND TRANSFER,522705,SUCCESS,
8913,2025-10-14 21:10:14,1255,1295,IMPS,134537,FAILED,Insufficient Balance
8914,2025-12-01 12:20:28,2988,3176,NEFT,266074,SUCCESS,
8915,2025-07-11 17:25:12,1672,,DEPOSIT,60129,SUCCESS,
8916,2025-09-27 00:39:34,3879,3488,FUND TRANSFER,531921,SUCCESS,
8917,2025-06-25 06:25:09,4381,4251,NEFT,88545,SUCCESS,
8918,2025-10-20 13:46:45,4991,3828,FUND TRANSFER,315389,SUCCESS,
8919,2025-01-19 22:24:39,4430,197,FUND TRANSFER,478640,SUCCESS,
8920,2025-11-18 11:21:03,3125,2944,FUND TRANSFER,196110,FAILED,Invalid Account
8921,2025-08-18 12:00:02,3382,3504,IMPS,171914,SUCCESS,
8922,2025-03-30 19:36:00,2617,3860,IMPS,69361,SUCCESS,
8923,2025-11-15 17:46:46,668,2278,FUND TRANSFER,75478,SUCCESS,
8924,2025-11-26 01:50:16,2402,3346,FUND TRANSFER,230390,FAILED,Beneficiary Not Found
8925,2025-06-15 21:32:29,885,,INTEREST CREDIT,22002,SUCCESS,
8926,2025-07-20 12:42:08,938,,DEPOSIT,55935,SUCCESS,
8927,2025-05-26 00:01:20,4352,,ATM WITHDRAWAL,8263,SUCCESS,
8928,2025-02-23 13:51:46,988,3119,UPI,8458,SUCCESS,
8929,2025-01-08 12:06:23,3701,,ATM WITHDRAWAL,4012,SUCCESS,
8930,2025-11-17 16:15:51,4037,2683,FUND TRANSFER,491518,SUCCESS,
8931,2025-08-13 23:49:46,4503,4205,UPI,3959,SUCCESS,
8932,2025-02-04 12:44:07,1693,1573,FUND TRANSFER,920024,SUCCESS,
8933,2025-08-17 20:56:01,277,387,IMPS,16981,SUCCESS,
8934,2025-06-14 14:22:55,2718,937,IMPS,125634,SUCCESS,
8935,2025-05-31 09:24:50,4547,2012,NEFT,435151,SUCCESS,
8936,2025-11-10 13:29:07,516,,ATM WITHDRAWAL,1697,SUCCESS,
8937,2025-01-26 01:56:48,2122,,DEPOSIT,79042,SUCCESS,
8938,2025-01-28 18:16:29,4229,4471,FUND TRANSFER,913126,SUCCESS,
8939,2025-07-01 04:17:35,2229,3195,FUND TRANSFER,231242,SUCCESS,
8940,2025-08-10 08:38:13,1741,2058,FUND TRANSFER,269246,SUCCESS,
8941,2025-05-24 03:47:13,2284,,ATM WITHDRAWAL,8021,SUCCESS,
8942,2025-01-16 17:52:18,50,3726,UPI,5715,SUCCESS,
8943,2025-05-03 09:48:09,4554,,ATM WITHDRAWAL,3372,SUCCESS,
8944,2025-12-30 20:06:28,2837,2235,UPI,2575,FAILED,Network Timeout
8945,2025-10-01 14:34:03,927,1213,FUND TRANSFER,534361,SUCCESS,
8946,2025-08-15 03:47:18,4167,3809,NEFT,98130,SUCCESS,
8947,2025-08-15 17:49:14,1723,,WITHDRAWAL,10098,SUCCESS,
8948,2025-09-04 16:06:06,274,,WITHDRAWAL,1896,SUCCESS,
8949,2025-12-06 04:15:36,4968,819,FUND TRANSFER,892097,SUCCESS,
8950,2025-07-31 10:15:27,3882,4313,NEFT,456463,SUCCESS,
8951,2025-06-30 10:52:11,582,980,FUND TRANSFER,260221,SUCCESS,
8952,2025-11-11 23:19:52,228,,WITHDRAWAL,31927,FAILED,Daily Limit Exceeded
8953,2025-04-07 08:08:48,3740,3657,FUND TRANSFER,79115,SUCCESS,
8954,2025-11-08 17:23:37,2933,,DEPOSIT,15836,SUCCESS,
8955,2025-05-29 09:10:52,498,124,FUND TRANSFER,730740,SUCCESS,
8956,2025-07-25 21:50:58,1382,3706,FUND TRANSFER,500142,SUCCESS,
8957,2025-04-24 17:55:22,2556,,ATM WITHDRAWAL,4494,SUCCESS,
8958,2025-05-02 14:18:47,426,,DEPOSIT,59361,SUCCESS,
8959,2025-03-14 10:42:16,1343,4381,NEFT,333871,SUCCESS,
8960,2025-07-23 10:38:16,4655,3046,FUND TRANSFER,854154,SUCCESS,
8961,2025-09-10 06:17:54,363,2545,FUND TRANSFER,326962,SUCCESS,
8962,2025-03-23 16:11:26,2381,2261,FUND TRANSFER,463702,SUCCESS,
8963,2025-08-22 15:13:10,1247,,INTEREST CREDIT,23318,SUCCESS,
8964,2025-12-18 19:39:48,4992,,DEPOSIT,72953,SUCCESS,
8965,2025-08-29 08:47:44,2845,,ATM WITHDRAWAL,3946,SUCCESS,
8966,2025-04-08 19:18:27,4384,,DEPOSIT,46860,SUCCESS,
8967,2025-05-13 01:46:49,2497,,WITHDRAWAL,49929,SUCCESS,
8968,2025-05-20 20:33:11,4283,1719,UPI,3563,SUCCESS,
8969,2025-02-05 00:29:15,2100,,ATM WITHDRAWAL,6178,SUCCESS,
8970,2025-09-16 04:17:28,1948,1052,IMPS,158910,SUCCESS,
8971,2025-09-19 10:14:45,1132,4198,FUND TRANSFER,878955,SUCCESS,
8972,2025-02-26 04:14:07,3184,,WITHDRAWAL,33576,SUCCESS,
8973,2025-10-31 09:31:09,2795,,DEPOSIT,30551,SUCCESS,
8974,2025-03-29 02:21:12,667,4482,IMPS,117593,SUCCESS,
8975,2025-09-09 09:03:48,2735,,INTEREST CREDIT,7885,SUCCESS,
8976,2025-06-25 02:54:42,854,1087,UPI,9762,SUCCESS,
8977,2025-02-03 09:47:01,3364,2456,UPI,3304,SUCCESS,
8978,2025-07-07 17:24:30,3851,1023,NEFT,437072,SUCCESS,
8979,2025-06-02 05:46:28,351,176,UPI,2432,FAILED,Daily Limit Exceeded
8980,2025-08-10 19:32:55,4442,1969,UPI,3230,SUCCESS,
8981,2025-02-12 13:51:51,1065,,DEPOSIT,60463,SUCCESS,
8982,2025-10-21 17:08:31,1182,1333,NEFT,209853,SUCCESS,
8983,2025-04-09 06:03:47,3854,,ATM WITHDRAWAL,2792,SUCCESS,
8984,2025-04-28 06:15:09,2149,1513,FUND TRANSFER,223086,SUCCESS,
8985,2025-07-02 21:53:19,3497,4136,UPI,559,SUCCESS,
8986,2025-09-23 13:55:42,1922,3714,FUND TRANSFER,196763,SUCCESS,
8987,2025-05-30 17:40:20,3351,,WITHDRAWAL,32063,SUCCESS,
8988,2025-09-23 05:16:19,1066,,DEPOSIT,8431,SUCCESS,
8989,2025-06-06 01:42:42,1390,,WITHDRAWAL,44125,SUCCESS,
8990,2025-08-23 18:30:18,2655,1412,IMPS,25040,SUCCESS,
8991,2025-08-30 10:27:18,1490,,WITHDRAWAL,5983,SUCCESS,
8992,2025-12-03 00:53:50,4984,1684,UPI,7599,SUCCESS,
8993,2025-11-22 12:40:11,896,2990,UPI,7241,SUCCESS,
8994,2025-04-22 03:08:25,4186,4588,FUND TRANSFER,914987,SUCCESS,
8995,2025-05-07 14:15:34,1839,,WITHDRAWAL,43197,SUCCESS,
8996,2025-09-30 07:37:59,2993,,DEPOSIT,52119,SUCCESS,
8997,2025-08-23 06:13:07,3381,,ATM WITHDRAWAL,459,SUCCESS,
8998,2025-11-25 11:25:18,1283,1707,IMPS,14549,SUCCESS,
8999,2025-06-11 05:04:05,1399,5000,FUND TRANSFER,57625,SUCCESS,
9000,2025-04-21 22:08:29,4472,3841,IMPS,160904,SUCCESS,
9001,2025-05-14 01:48:52,1080,751,UPI,1242,SUCCESS,
9002,2025-04-20 05:35:20,1129,723,FUND TRANSFER,525098,SUCCESS,
9003,2025-01-07 03:45:40,2447,,WITHDRAWAL,6388,SUCCESS,
9004,2025-11-10 23:12:18,2321,,WITHDRAWAL,49595,SUCCESS,
9005,2025-08-29 15:52:06,2516,2226,FUND TRANSFER,172947,SUCCESS,
9006,2025-02-07 09:57:55,1678,839,NEFT,332542,SUCCESS,
9007,2025-10-31 00:20:39,1712,,DEPOSIT,94754,SUCCESS,
9008,2025-07-28 00:34:11,4874,2066,FUND TRANSFER,771752,SUCCESS,
9009,2025-07-12 18:19:09,4374,3398,FUND TRANSFER,247971,SUCCESS,
9010,2025-03-12 10:59:15,4651,,ATM WITHDRAWAL,3784,SUCCESS,
9011,2025-08-15 03:35:07,1875,,DEPOSIT,23641,SUCCESS,
9012,2025-10-31 22:33:45,1019,1149,NEFT,361911,SUCCESS,
9013,2025-06-06 06:45:36,478,,INTEREST CREDIT,16756,SUCCESS,
9014,2025-09-08 03:47:23,3095,2768,FUND TRANSFER,131201,SUCCESS,
9015,2025-01-05 12:05:13,4973,1425,IMPS,83462,SUCCESS,
9016,2025-01-06 17:20:23,2127,1894,UPI,5475,SUCCESS,
9017,2025-12-31 12:51:11,2521,483,UPI,809,SUCCESS,
9018,2025-07-12 01:37:27,2365,,ATM WITHDRAWAL,8494,SUCCESS,
9019,2025-04-18 15:22:18,2969,,ATM WITHDRAWAL,2726,SUCCESS,
9020,2025-06-16 17:00:22,2464,,DEPOSIT,49914,SUCCESS,
9021,2025-06-01 17:06:11,538,1564,IMPS,159704,SUCCESS,
9022,2025-06-17 20:51:02,3882,2376,IMPS,169390,SUCCESS,
9023,2025-12-21 13:34:25,4408,120,NEFT,273675,SUCCESS,
9024,2025-03-18 16:08:35,4140,48,IMPS,76654,SUCCESS,
9025,2025-02-07 12:09:31,4872,3044,UPI,6316,SUCCESS,
9026,2025-01-19 10:20:59,4016,,WITHDRAWAL,33254,SUCCESS,
9027,2025-02-05 14:34:58,4890,,ATM WITHDRAWAL,8798,SUCCESS,
9028,2025-05-15 02:02:28,2912,,ATM WITHDRAWAL,196,SUCCESS,
9029,2025-05-30 07:00:22,1719,,DEPOSIT,15308,SUCCESS,
9030,2025-04-19 08:06:33,3899,,DEPOSIT,29600,SUCCESS,
9031,2025-02-19 11:48:30,3474,,ATM WITHDRAWAL,5729,SUCCESS,
9032,2025-10-13 13:40:20,3448,,ATM WITHDRAWAL,3115,SUCCESS,
9033,2025-06-06 14:50:36,3898,,ATM WITHDRAWAL,7263,SUCCESS,
9034,2025-01-28 23:59:29,2794,1797,NEFT,85908,SUCCESS,
9035,2025-12-23 21:45:57,1199,87,FUND TRANSFER,800959,SUCCESS,
9036,2025-11-11 04:29:52,2917,,INTEREST CREDIT,6440,SUCCESS,
9037,2025-12-03 06:59:35,1218,,DEPOSIT,99526,SUCCESS,
9038,2025-03-15 04:33:37,21,,ATM WITHDRAWAL,6340,SUCCESS,
9039,2025-11-07 13:42:28,54,,ATM WITHDRAWAL,2495,SUCCESS,
9040,2025-09-02 09:14:39,4211,295,UPI,4429,SUCCESS,
9041,2025-08-29 21:21:53,1536,388,UPI,3577,SUCCESS,
9042,2025-04-18 14:31:10,4285,,DEPOSIT,58663,SUCCESS,
9043,2025-09-22 08:50:49,2542,4367,FUND TRANSFER,209408,SUCCESS,
9044,2025-02-16 16:45:45,3502,174,NEFT,309134,SUCCESS,
9045,2025-10-16 01:12:01,4607,,ATM WITHDRAWAL,980,SUCCESS,
9046,2025-11-30 13:39:31,2728,,WITHDRAWAL,44135,SUCCESS,
9047,2025-01-25 08:35:26,573,586,FUND TRANSFER,444234,SUCCESS,
9048,2025-12-29 15:59:52,1504,,ATM WITHDRAWAL,5562,SUCCESS,
9049,2025-10-20 10:40:09,4131,3669,FUND TRANSFER,354789,SUCCESS,
9050,2025-05-24 20:11:36,757,,INTEREST CREDIT,5034,SUCCESS,
9051,2025-01-29 12:20:41,425,1297,UPI,9300,SUCCESS,
9052,2025-08-23 13:20:41,83,3932,UPI,7611,SUCCESS,
9053,2025-05-21 20:12:42,4616,3716,UPI,6338,SUCCESS,
9054,2025-07-05 05:42:04,659,4045,UPI,8888,SUCCESS,
9055,2025-12-02 16:09:43,3847,3896,UPI,267,SUCCESS,
9056,2025-01-31 09:56:42,2304,,DEPOSIT,32215,FAILED,Account Blocked
9057,2025-02-10 21:37:48,1602,3245,IMPS,104170,SUCCESS,
9058,2025-09-07 18:35:19,1322,4572,FUND TRANSFER,619034,SUCCESS,
9059,2025-11-24 13:44:03,4075,,WITHDRAWAL,15370,SUCCESS,
9060,2025-11-04 11:21:41,558,1912,FUND TRANSFER,422621,SUCCESS,
9061,2025-07-31 11:33:23,1600,,DEPOSIT,25075,SUCCESS,
9062,2025-10-25 16:47:01,782,,DEPOSIT,73013,SUCCESS,
9063,2025-07-17 03:25:38,4195,,DEPOSIT,30594,SUCCESS,
9064,2025-10-05 02:52:39,2231,,WITHDRAWAL,46678,SUCCESS,
9065,2025-10-24 15:14:07,355,,DEPOSIT,85199,SUCCESS,
9066,2025-01-12 16:04:39,1352,,DEPOSIT,57715,SUCCESS,
9067,2025-12-22 08:32:32,870,1899,UPI,585,SUCCESS,
9068,2025-07-05 22:02:20,1085,2450,IMPS,93784,SUCCESS,
9069,2025-12-14 15:33:51,3720,,ATM WITHDRAWAL,7158,SUCCESS,
9070,2025-07-03 18:00:12,2639,,ATM WITHDRAWAL,9926,SUCCESS,
9071,2025-03-06 22:20:08,1947,1286,UPI,843,SUCCESS,
9072,2025-08-10 09:30:19,1067,3813,FUND TRANSFER,796912,SUCCESS,
9073,2025-11-26 00:07:37,1342,,DEPOSIT,3301,SUCCESS,
9074,2025-06-01 02:24:05,4352,,ATM WITHDRAWAL,9027,SUCCESS,
9075,2025-10-23 00:58:16,2129,,ATM WITHDRAWAL,3460,SUCCESS,
9076,2025-05-20 09:49:25,1559,2333,FUND TRANSFER,335399,SUCCESS,
9077,2025-06-12 09:49:59,1495,,ATM WITHDRAWAL,1868,SUCCESS,
9078,2025-12-09 08:05:41,4067,1928,NEFT,192278,SUCCESS,
9079,2025-04-09 16:06:14,1969,188,IMPS,8615,SUCCESS,
9080,2025-08-31 20:48:32,4635,2225,UPI,7529,SUCCESS,
9081,2025-06-23 12:09:38,2327,2448,UPI,978,SUCCESS,
9082,2025-08-15 21:35:15,461,1515,FUND TRANSFER,224335,SUCCESS,
9083,2025-02-16 01:46:49,3338,444,IMPS,189474,SUCCESS,
9084,2025-04-23 01:32:18,3258,,DEPOSIT,61167,SUCCESS,
9085,2025-01-19 06:47:11,4873,2532,NEFT,351193,SUCCESS,
9086,2025-01-18 11:02:50,1297,502,IMPS,197532,SUCCESS,
9087,2025-12-26 13:25:36,1847,,DEPOSIT,33648,SUCCESS,
9088,2025-01-29 04:00:21,1559,2041,FUND TRANSFER,960561,SUCCESS,
9089,2025-08-31 11:09:53,3765,969,IMPS,33814,SUCCESS,
9090,2025-09-25 19:10:52,620,3505,FUND TRANSFER,767656,SUCCESS,
9091,2025-07-05 07:28:58,903,1782,UPI,4075,SUCCESS,
9092,2025-06-15 01:33:35,2482,,DEPOSIT,93395,SUCCESS,
9093,2025-10-20 09:49:49,1366,,WITHDRAWAL,31043,SUCCESS,
9094,2025-03-06 04:17:02,2503,,ATM WITHDRAWAL,6212,SUCCESS,
9095,2025-01-02 17:05:23,3464,2171,UPI,5176,SUCCESS,
9096,2025-11-14 04:17:14,494,,DEPOSIT,34924,SUCCESS,
9097,2025-10-08 08:11:39,4015,,DEPOSIT,84950,SUCCESS,
9098,2025-12-02 02:57:19,527,,WITHDRAWAL,43326,SUCCESS,
9099,2025-02-23 13:34:42,152,2345,NEFT,191655,SUCCESS,
9100,2025-05-20 23:14:36,2932,,WITHDRAWAL,9505,SUCCESS,
9101,2025-10-14 11:47:21,2876,,WITHDRAWAL,11406,SUCCESS,
9102,2025-10-31 01:36:16,3646,,ATM WITHDRAWAL,3690,FAILED,Account Blocked
9103,2025-03-16 01:06:41,1046,,ATM WITHDRAWAL,994,SUCCESS,
9104,2025-04-06 14:07:15,142,2047,UPI,3483,SUCCESS,
9105,2025-07-16 20:01:33,659,,ATM WITHDRAWAL,6914,SUCCESS,
9106,2025-08-08 01:55:21,2377,,ATM WITHDRAWAL,8453,SUCCESS,
9107,2025-03-09 11:16:50,1427,,WITHDRAWAL,23094,SUCCESS,
9108,2025-04-24 02:20:50,3186,2613,UPI,3487,SUCCESS,
9109,2025-06-15 15:23:32,3631,3283,UPI,3214,SUCCESS,
9110,2025-01-17 06:45:55,4038,4216,FUND TRANSFER,551594,SUCCESS,
9111,2025-11-22 19:13:58,4710,4596,FUND TRANSFER,420417,SUCCESS,
9112,2025-04-04 20:41:20,935,,INTEREST CREDIT,6200,SUCCESS,
9113,2025-08-16 02:34:04,3511,3273,FUND TRANSFER,52067,SUCCESS,
9114,2025-12-14 20:16:02,1564,2326,NEFT,1962,SUCCESS,
9115,2025-09-30 12:10:55,3173,,ATM WITHDRAWAL,544,SUCCESS,
9116,2025-01-17 21:56:49,3395,4872,IMPS,137645,SUCCESS,
9117,2025-03-13 13:31:01,337,,ATM WITHDRAWAL,4983,SUCCESS,
9118,2025-11-27 09:07:29,1277,4815,FUND TRANSFER,581664,SUCCESS,
9119,2025-06-16 02:36:57,4595,2251,UPI,4254,SUCCESS,
9120,2025-01-24 22:46:27,3310,4071,FUND TRANSFER,104410,SUCCESS,
9121,2025-12-21 06:54:59,2352,4904,NEFT,35983,SUCCESS,
9122,2025-03-30 00:15:11,1245,,DEPOSIT,75016,SUCCESS,
9123,2025-03-10 17:26:43,3390,4656,NEFT,372610,SUCCESS,
9124,2025-11-21 02:15:07,3724,,WITHDRAWAL,30076,SUCCESS,
9125,2025-06-25 20:36:47,1582,4042,UPI,132,SUCCESS,
9126,2025-11-01 04:13:31,3439,,INTEREST CREDIT,16746,SUCCESS,
9127,2025-04-26 08:24:21,514,,INTEREST CREDIT,24774,SUCCESS,
9128,2025-11-23 14:02:56,1892,2286,FUND TRANSFER,207881,SUCCESS,
9129,2025-02-04 20:39:38,3258,3376,UPI,7703,SUCCESS,
9130,2025-04-19 13:55:57,1744,433,UPI,5087,SUCCESS,
9131,2025-02-03 03:02:02,1272,2783,UPI,4411,SUCCESS,
9132,2025-02-12 03:08:35,331,,DEPOSIT,57388,SUCCESS,
9133,2025-03-14 16:02:27,4268,2397,FUND TRANSFER,673991,SUCCESS,
9134,2025-04-22 16:47:55,619,931,IMPS,60631,SUCCESS,
9135,2025-02-01 14:27:06,766,,INTEREST CREDIT,13112,SUCCESS,
9136,2025-01-26 13:54:15,3547,,ATM WITHDRAWAL,8736,SUCCESS,
9137,2025-12-05 16:14:57,2913,1278,FUND TRANSFER,783985,SUCCESS,
9138,2025-11-02 12:12:34,4994,,ATM WITHDRAWAL,8044,SUCCESS,
9139,2025-10-25 00:53:18,430,2045,FUND TRANSFER,588967,SUCCESS,
9140,2025-11-29 10:14:11,975,256,UPI,8482,SUCCESS,
9141,2025-10-30 11:19:06,4096,,ATM WITHDRAWAL,3830,SUCCESS,
9142,2025-11-08 17:34:46,1239,413,UPI,5531,SUCCESS,
9143,2025-03-10 02:58:31,3483,3913,FUND TRANSFER,62867,SUCCESS,
9144,2025-08-18 22:08:11,4524,4158,FUND TRANSFER,346885,SUCCESS,
9145,2025-02-04 02:50:30,3614,,DEPOSIT,32101,SUCCESS,
9146,2025-12-10 21:37:16,3084,4717,FUND TRANSFER,970941,SUCCESS,
9147,2025-12-15 09:53:53,3629,543,UPI,3727,SUCCESS,
9148,2025-11-06 15:38:47,454,,ATM WITHDRAWAL,5857,SUCCESS,
9149,2025-05-02 12:38:11,2096,2295,FUND TRANSFER,839963,SUCCESS,
9150,2025-07-19 03:34:49,2032,2469,FUND TRANSFER,534800,SUCCESS,
9151,2025-03-05 07:46:48,4642,,DEPOSIT,54726,SUCCESS,
9152,2025-04-15 04:13:42,822,2304,FUND TRANSFER,508472,SUCCESS,
9153,2025-07-04 20:29:37,2884,1173,IMPS,25071,SUCCESS,
9154,2025-08-18 11:25:38,3868,,DEPOSIT,84666,SUCCESS,
9155,2025-02-19 18:58:08,1164,3600,FUND TRANSFER,887365,SUCCESS,
9156,2025-06-02 23:05:14,2865,2720,UPI,7573,SUCCESS,
9157,2025-12-13 00:55:33,2092,3418,FUND TRANSFER,40187,SUCCESS,
9158,2025-02-16 11:07:47,1433,,INTEREST CREDIT,4825,SUCCESS,
9159,2025-02-22 18:21:08,2525,4399,IMPS,30764,SUCCESS,
9160,2025-08-04 06:23:36,1880,357,UPI,2001,SUCCESS,
9161,2025-12-16 06:19:56,2610,3088,NEFT,236913,SUCCESS,
9162,2025-01-22 21:11:16,4955,880,UPI,8899,SUCCESS,
9163,2025-02-28 21:52:18,3616,4862,IMPS,158255,SUCCESS,
9164,2025-08-04 14:11:48,505,,DEPOSIT,86056,SUCCESS,
9165,2025-12-16 00:18:23,4769,2650,UPI,7690,SUCCESS,
9166,2025-06-08 08:45:28,1238,,DEPOSIT,20697,SUCCESS,
9167,2025-06-06 17:42:34,143,,DEPOSIT,30029,SUCCESS,
9168,2025-02-04 09:59:47,1032,3338,FUND TRANSFER,383143,SUCCESS,
9169,2025-06-20 08:01:07,128,4459,UPI,1986,SUCCESS,
9170,2025-02-23 02:03:15,2965,,ATM WITHDRAWAL,2598,SUCCESS,
9171,2025-12-19 10:28:38,1674,4835,NEFT,357969,SUCCESS,
9172,2025-10-08 17:53:37,817,2654,UPI,5461,SUCCESS,
9173,2025-03-02 04:58:24,941,,ATM WITHDRAWAL,6059,SUCCESS,
9174,2025-07-18 16:31:30,610,,ATM WITHDRAWAL,9948,SUCCESS,
9175,2025-07-24 17:31:54,2631,1445,FUND TRANSFER,282407,SUCCESS,
9176,2025-08-14 14:18:37,85,,ATM WITHDRAWAL,9509,SUCCESS,
9177,2025-11-05 23:56:46,3585,,DEPOSIT,16320,SUCCESS,
9178,2025-06-08 03:25:10,334,4368,UPI,9349,SUCCESS,
9179,2025-10-17 13:52:51,3303,3433,FUND TRANSFER,691827,SUCCESS,
9180,2025-02-19 20:43:08,2270,2452,IMPS,92367,FAILED,Invalid Account
9181,2025-02-26 14:15:09,3065,,WITHDRAWAL,47803,SUCCESS,
9182,2025-05-05 14:45:34,3363,,ATM WITHDRAWAL,4877,SUCCESS,
9183,2025-01-04 17:20:36,2003,3475,NEFT,426296,SUCCESS,
9184,2025-02-20 12:47:15,647,1444,FUND TRANSFER,34064,SUCCESS,
9185,2025-03-11 21:08:03,3765,2799,FUND TRANSFER,64641,SUCCESS,
9186,2025-11-13 14:21:53,698,3751,UPI,3989,SUCCESS,
9187,2025-03-30 02:14:35,810,2516,FUND TRANSFER,883189,SUCCESS,
9188,2025-03-19 06:33:24,977,1791,UPI,7839,SUCCESS,
9189,2025-05-03 04:28:18,1605,,DEPOSIT,28644,SUCCESS,
9190,2025-12-07 03:00:32,4147,570,UPI,279,SUCCESS,
9191,2025-08-26 21:59:27,4277,,INTEREST CREDIT,7082,SUCCESS,
9192,2025-11-14 14:26:30,4805,,INTEREST CREDIT,18855,SUCCESS,
9193,2025-07-24 03:44:42,791,3665,NEFT,490229,SUCCESS,
9194,2025-11-06 10:17:43,134,,DEPOSIT,17004,SUCCESS,
9195,2025-12-24 19:42:17,3470,,DEPOSIT,53653,SUCCESS,
9196,2025-06-17 14:51:39,2599,,ATM WITHDRAWAL,3518,SUCCESS,
9197,2025-07-10 08:40:20,3613,,DEPOSIT,16670,SUCCESS,
9198,2025-01-09 01:32:24,2069,1208,NEFT,343887,FAILED,Daily Limit Exceeded
9199,2025-01-03 10:58:49,1596,4197,UPI,8998,SUCCESS,
9200,2025-05-08 18:42:30,1413,1845,FUND TRANSFER,441347,SUCCESS,
9201,2025-12-07 02:12:21,488,3297,FUND TRANSFER,619837,SUCCESS,
9202,2025-05-15 10:46:37,4085,,ATM WITHDRAWAL,3493,SUCCESS,
9203,2025-01-16 15:45:02,41,4634,UPI,361,SUCCESS,
9204,2025-06-04 19:30:29,3181,4520,FUND TRANSFER,192650,SUCCESS,
9205,2025-12-17 18:49:56,439,1430,FUND TRANSFER,412008,SUCCESS,
9206,2025-11-24 07:58:07,4018,3485,UPI,3428,SUCCESS,
9207,2025-04-05 21:49:46,494,,ATM WITHDRAWAL,8641,SUCCESS,
9208,2025-02-22 11:54:38,145,3672,FUND TRANSFER,827280,SUCCESS,
9209,2025-05-08 02:53:16,702,3739,FUND TRANSFER,986545,SUCCESS,
9210,2025-11-05 07:36:30,2604,,DEPOSIT,87250,SUCCESS,
9211,2025-01-21 04:52:33,1591,3667,FUND TRANSFER,417434,SUCCESS,
9212,2025-07-12 00:58:36,3714,3378,IMPS,148624,SUCCESS,
9213,2025-06-12 08:05:50,182,4267,UPI,802,SUCCESS,
9214,2025-12-19 02:21:01,566,,ATM WITHDRAWAL,9583,SUCCESS,
9215,2025-12-06 01:23:09,3715,,ATM WITHDRAWAL,9233,SUCCESS,
9216,2025-03-25 03:37:18,1530,2448,UPI,9042,SUCCESS,
9217,2025-04-04 20:16:07,1018,3485,FUND TRANSFER,11612,SUCCESS,
9218,2025-10-18 08:26:03,4156,1478,UPI,9648,SUCCESS,
9219,2025-08-14 06:53:39,2830,3814,UPI,8141,SUCCESS,
9220,2025-11-18 06:06:10,3484,432,FUND TRANSFER,270612,SUCCESS,
9221,2025-05-19 12:13:42,2397,3570,NEFT,303354,SUCCESS,
9222,2025-05-04 11:08:19,2467,2276,FUND TRANSFER,946442,SUCCESS,
9223,2025-11-30 21:21:42,943,4092,FUND TRANSFER,524709,SUCCESS,
9224,2025-05-12 08:02:01,4208,3406,UPI,5231,SUCCESS,
9225,2025-10-27 21:23:54,507,1330,NEFT,244030,SUCCESS,
9226,2025-05-07 12:37:30,3855,4850,UPI,5121,SUCCESS,
9227,2025-08-09 07:10:25,4859,,ATM WITHDRAWAL,6844,SUCCESS,
9228,2025-07-01 09:17:08,1340,,ATM WITHDRAWAL,291,SUCCESS,
9229,2025-01-07 14:13:56,3589,1484,FUND TRANSFER,870317,SUCCESS,
9230,2025-01-15 07:47:42,315,,INTEREST CREDIT,23460,SUCCESS,
9231,2025-04-21 01:47:07,4658,,WITHDRAWAL,48836,SUCCESS,
9232,2025-04-22 07:59:07,4398,2496,UPI,3935,SUCCESS,
9233,2025-11-28 23:37:08,2786,349,UPI,4211,SUCCESS,
9234,2025-04-03 21:22:22,1128,3998,UPI,8565,SUCCESS,
9235,2025-05-30 18:48:17,4825,4644,FUND TRANSFER,575747,SUCCESS,
9236,2025-12-31 02:51:55,2308,,WITHDRAWAL,37006,SUCCESS,
9237,2025-02-05 05:17:52,1038,3253,UPI,6763,SUCCESS,
9238,2025-09-03 21:09:16,2663,455,FUND TRANSFER,63715,SUCCESS,
9239,2025-09-07 05:37:45,4993,3920,FUND TRANSFER,631675,SUCCESS,
9240,2025-04-02 14:42:13,1078,1322,UPI,960,SUCCESS,
9241,2025-12-01 16:14:57,2157,3530,UPI,8232,SUCCESS,
9242,2025-02-23 08:56:06,2113,,ATM WITHDRAWAL,9336,SUCCESS,
9243,2025-05-05 19:36:18,2004,,WITHDRAWAL,21220,SUCCESS,
9244,2025-09-24 10:56:36,3751,4836,UPI,6479,SUCCESS,
9245,2025-12-24 05:06:21,4200,1988,IMPS,109936,SUCCESS,
9246,2025-02-25 12:13:29,2985,1530,FUND TRANSFER,132327,SUCCESS,
9247,2025-02-13 18:52:22,4533,3585,UPI,5960,SUCCESS,
9248,2025-04-12 19:39:05,4389,3324,FUND TRANSFER,307272,SUCCESS,
9249,2025-11-05 02:42:28,374,1260,NEFT,361691,SUCCESS,
9250,2025-08-08 02:32:04,4233,1561,UPI,766,SUCCESS,
9251,2025-04-24 07:50:50,591,,ATM WITHDRAWAL,8679,SUCCESS,
9252,2025-09-18 07:51:52,2103,,ATM WITHDRAWAL,5541,SUCCESS,
9253,2025-06-17 05:20:04,801,3098,FUND TRANSFER,786622,SUCCESS,
9254,2025-07-11 23:40:00,1175,,ATM WITHDRAWAL,2114,SUCCESS,
9255,2025-11-24 08:03:06,1496,,WITHDRAWAL,20967,SUCCESS,
9256,2025-02-05 04:13:43,3762,,DEPOSIT,80433,SUCCESS,
9257,2025-06-28 14:33:50,1905,,WITHDRAWAL,30477,SUCCESS,
9258,2025-07-15 20:03:04,918,2621,UPI,4288,SUCCESS,
9259,2025-01-22 20:28:29,3813,55,UPI,6455,SUCCESS,
9260,2025-09-04 18:09:44,2135,2787,UPI,6841,SUCCESS,
9261,2025-10-22 05:31:28,1305,2207,UPI,2047,SUCCESS,
9262,2025-07-17 15:42:48,436,,DEPOSIT,87057,SUCCESS,
9263,2025-04-01 01:59:33,420,,DEPOSIT,9586,SUCCESS,
9264,2025-09-29 19:07:19,2872,4079,UPI,2639,SUCCESS,
9265,2025-07-09 15:58:00,3505,3044,UPI,3958,SUCCESS,
9266,2025-12-19 20:39:26,4057,,WITHDRAWAL,28533,SUCCESS,
9267,2025-06-03 12:56:08,3969,,INTEREST CREDIT,18135,SUCCESS,
9268,2025-01-17 22:43:08,1057,2455,UPI,4817,SUCCESS,
9269,2025-03-10 13:02:15,668,871,UPI,2090,FAILED,Beneficiary Not Found
9270,2025-09-04 10:18:42,198,4656,FUND TRANSFER,105925,SUCCESS,
9271,2025-08-28 14:52:01,2527,4406,FUND TRANSFER,421201,SUCCESS,
9272,2025-01-17 19:39:25,4008,4854,IMPS,143023,SUCCESS,
9273,2025-07-25 18:41:40,1032,,WITHDRAWAL,36068,SUCCESS,
9274,2025-04-05 20:46:23,4055,3985,FUND TRANSFER,82447,SUCCESS,
9275,2025-05-25 17:43:08,2835,,ATM WITHDRAWAL,8353,SUCCESS,
9276,2025-04-17 17:43:48,2618,,DEPOSIT,40106,SUCCESS,
9277,2025-09-17 12:20:35,3325,,WITHDRAWAL,668,SUCCESS,
9278,2025-12-11 08:08:05,4582,3181,FUND TRANSFER,716237,SUCCESS,
9279,2025-12-11 06:31:06,132,,WITHDRAWAL,43020,SUCCESS,
9280,2025-12-16 16:50:59,2131,3362,FUND TRANSFER,209626,SUCCESS,
9281,2025-08-12 00:11:35,50,3060,NEFT,159626,SUCCESS,
9282,2025-08-28 10:48:43,1604,2959,UPI,17,SUCCESS,
9283,2025-05-06 05:48:12,4373,,ATM WITHDRAWAL,2110,SUCCESS,
9284,2025-12-27 12:54:28,3601,,WITHDRAWAL,19693,SUCCESS,
9285,2025-08-02 17:47:28,3585,,WITHDRAWAL,31181,SUCCESS,
9286,2025-11-08 17:07:40,1141,1502,UPI,8248,SUCCESS,
9287,2025-08-08 15:11:34,2290,,WITHDRAWAL,40676,SUCCESS,
9288,2025-03-27 00:50:38,395,1306,NEFT,291238,FAILED,Network Timeout
9289,2025-03-16 12:35:59,3671,1921,UPI,64,SUCCESS,
9290,2025-03-18 10:26:10,2192,,WITHDRAWAL,12020,SUCCESS,
9291,2025-01-21 02:40:20,545,3357,FUND TRANSFER,881164,SUCCESS,
9292,2025-01-20 01:31:14,1104,,DEPOSIT,92656,SUCCESS,
9293,2025-10-27 21:20:35,556,2588,IMPS,199437,SUCCESS,
9294,2025-02-27 17:18:56,2119,,ATM WITHDRAWAL,528,SUCCESS,
9295,2025-07-13 03:39:00,2208,,INTEREST CREDIT,15954,SUCCESS,
9296,2025-05-06 14:56:26,3453,2825,FUND TRANSFER,408994,SUCCESS,
9297,2025-06-23 12:00:33,1177,1859,NEFT,71166,SUCCESS,
9298,2025-07-17 04:38:42,2758,2851,FUND TRANSFER,32439,SUCCESS,
9299,2025-11-26 03:59:25,101,,DEPOSIT,91036,SUCCESS,
9300,2025-03-03 01:13:56,3201,,DEPOSIT,38044,SUCCESS,
9301,2025-08-04 08:50:57,3420,2470,FUND TRANSFER,378281,SUCCESS,
9302,2025-05-12 06:24:32,4393,,DEPOSIT,75033,SUCCESS,
9303,2025-09-12 13:11:19,1388,4033,UPI,2319,SUCCESS,
9304,2025-02-14 21:02:30,4417,697,NEFT,23186,SUCCESS,
9305,2025-06-28 22:57:57,3268,,ATM WITHDRAWAL,1486,SUCCESS,
9306,2025-01-26 09:16:31,4253,,WITHDRAWAL,42942,SUCCESS,
9307,2025-02-17 06:19:08,1291,199,UPI,647,SUCCESS,
9308,2025-01-20 15:55:14,217,3132,UPI,3098,SUCCESS,
9309,2025-10-14 13:05:41,139,,WITHDRAWAL,21674,SUCCESS,
9310,2025-04-29 05:53:53,2239,834,FUND TRANSFER,697468,SUCCESS,
9311,2025-12-03 17:07:32,4234,1743,FUND TRANSFER,219555,SUCCESS,
9312,2025-09-01 01:40:43,2995,,ATM WITHDRAWAL,4387,SUCCESS,
9313,2025-01-24 15:06:38,3443,4627,UPI,2335,SUCCESS,
9314,2025-02-03 18:47:38,3542,,DEPOSIT,25071,SUCCESS,
9315,2025-05-27 22:19:47,1983,4557,IMPS,168789,SUCCESS,
9316,2025-09-08 02:48:56,114,38,FUND TRANSFER,251409,SUCCESS,
9317,2025-05-22 15:46:49,1195,,WITHDRAWAL,42180,SUCCESS,
9318,2025-05-11 08:03:10,4882,,WITHDRAWAL,3323,SUCCESS,
9319,2025-01-27 06:06:01,496,,DEPOSIT,41730,SUCCESS,
9320,2025-03-26 15:50:30,2617,2213,FUND TRANSFER,567097,SUCCESS,
9321,2025-08-02 15:14:30,2287,3257,NEFT,127626,SUCCESS,
9322,2025-06-01 05:44:35,2878,4800,NEFT,357813,SUCCESS,
9323,2025-04-02 13:08:30,4808,,WITHDRAWAL,35445,SUCCESS,
9324,2025-07-29 16:41:31,2572,1203,IMPS,32433,SUCCESS,
9325,2025-10-19 08:19:16,1981,3611,FUND TRANSFER,939605,SUCCESS,
9326,2025-10-29 12:20:49,703,2354,NEFT,432543,SUCCESS,
9327,2025-05-12 15:13:54,2600,959,UPI,2818,SUCCESS,
9328,2025-12-28 01:02:04,2234,4279,UPI,8266,SUCCESS,
9329,2025-11-10 18:09:27,181,,WITHDRAWAL,32090,SUCCESS,
9330,2025-03-28 22:36:17,4341,2632,IMPS,66065,SUCCESS,
9331,2025-08-09 02:05:05,3359,,DEPOSIT,99131,SUCCESS,
9332,2025-02-24 07:49:38,4210,2558,FUND TRANSFER,805101,SUCCESS,
9333,2025-10-20 11:49:19,681,,INTEREST CREDIT,3141,SUCCESS,
9334,2025-09-04 12:32:26,3910,3716,NEFT,147104,FAILED,Account Blocked
9335,2025-08-18 03:06:23,3068,,WITHDRAWAL,1234,SUCCESS,
9336,2025-11-10 12:56:07,940,,DEPOSIT,14843,SUCCESS,
9337,2025-11-27 00:03:19,3931,,WITHDRAWAL,4623,SUCCESS,
9338,2025-01-17 22:30:36,4017,4358,UPI,547,FAILED,Network Timeout
9339,2025-09-08 15:48:43,676,319,FUND TRANSFER,781680,FAILED,Insufficient Balance
9340,2025-01-04 20:37:02,2851,1753,UPI,7804,SUCCESS,
9341,2025-03-14 07:19:27,153,3532,FUND TRANSFER,510788,SUCCESS,
9342,2025-04-08 22:45:57,2228,4661,IMPS,33935,SUCCESS,
9343,2025-01-17 06:33:17,3502,4726,UPI,1161,SUCCESS,
9344,2025-09-22 13:19:37,2570,,ATM WITHDRAWAL,9258,SUCCESS,
9345,2025-02-14 02:40:53,915,4874,UPI,6087,SUCCESS,
9346,2025-05-19 20:32:41,1222,2065,FUND TRANSFER,42889,SUCCESS,
9347,2025-12-19 19:57:02,37,56,UPI,5629,SUCCESS,
9348,2025-02-22 02:58:23,2082,1500,IMPS,166725,SUCCESS,
9349,2025-01-20 19:18:08,2972,779,FUND TRANSFER,16906,SUCCESS,
9350,2025-10-18 12:37:02,2674,2544,UPI,5022,SUCCESS,
9351,2025-07-09 07:43:25,3650,3556,IMPS,173156,SUCCESS,
9352,2025-12-31 11:08:19,4058,4016,IMPS,1185,SUCCESS,
9353,2025-03-28 05:09:10,610,2012,IMPS,20668,SUCCESS,
9354,2025-11-28 13:07:54,4477,,ATM WITHDRAWAL,6138,SUCCESS,
9355,2025-06-15 08:51:22,4880,,DEPOSIT,75480,SUCCESS,
9356,2025-11-09 23:15:25,553,,ATM WITHDRAWAL,7490,SUCCESS,
9357,2025-05-24 03:36:03,1901,2611,UPI,1674,SUCCESS,
9358,2025-07-14 06:25:32,2143,421,FUND TRANSFER,898690,SUCCESS,
9359,2025-07-04 04:44:26,4467,4530,UPI,6946,SUCCESS,
9360,2025-03-03 15:17:27,4258,2662,IMPS,162793,SUCCESS,
9361,2025-12-03 14:53:44,142,,DEPOSIT,84602,SUCCESS,
9362,2025-11-22 01:10:52,2989,3511,FUND TRANSFER,835356,FAILED,Invalid Account
9363,2025-11-01 11:14:38,1331,,DEPOSIT,32327,FAILED,Daily Limit Exceeded
9364,2025-01-08 06:40:51,2202,2501,FUND TRANSFER,364426,SUCCESS,
9365,2025-11-21 05:32:13,3956,3230,FUND TRANSFER,185040,SUCCESS,
9366,2025-08-31 22:30:10,3583,1048,FUND TRANSFER,13025,SUCCESS,
9367,2025-05-14 11:03:24,1065,4804,UPI,3364,SUCCESS,
9368,2025-05-11 05:13:24,2908,2532,FUND TRANSFER,935630,SUCCESS,
9369,2025-01-09 15:07:40,2096,998,NEFT,181028,SUCCESS,
9370,2025-02-17 21:03:06,841,1895,UPI,3793,SUCCESS,
9371,2025-11-25 00:14:10,70,,INTEREST CREDIT,22405,SUCCESS,
9372,2025-07-27 11:31:39,4499,1205,UPI,2265,SUCCESS,
9373,2025-05-05 12:55:44,3260,2198,UPI,7216,SUCCESS,
9374,2025-08-19 14:26:57,2442,1808,UPI,8089,SUCCESS,
9375,2025-02-11 22:14:35,93,567,FUND TRANSFER,35026,SUCCESS,
9376,2025-01-15 22:20:08,3470,,DEPOSIT,73362,SUCCESS,
9377,2025-08-29 17:05:45,3230,,DEPOSIT,44559,SUCCESS,
9378,2025-12-05 05:06:44,4686,537,UPI,2112,SUCCESS,
9379,2025-12-14 00:31:42,4782,,DEPOSIT,23073,SUCCESS,
9380,2025-04-02 03:25:57,2962,1000,UPI,8683,SUCCESS,
9381,2025-12-25 18:27:17,176,2196,UPI,791,SUCCESS,
9382,2025-11-07 18:51:07,1917,,DEPOSIT,92151,SUCCESS,
9383,2025-12-25 00:48:53,4898,,WITHDRAWAL,701,SUCCESS,
9384,2025-05-27 02:26:02,1195,2382,UPI,3535,SUCCESS,
9385,2025-01-28 01:27:35,4062,,WITHDRAWAL,47087,SUCCESS,
9386,2025-03-08 07:56:29,3401,775,IMPS,100457,SUCCESS,
9387,2025-12-14 17:51:01,731,,ATM WITHDRAWAL,8456,SUCCESS,
9388,2025-04-19 07:29:56,4720,1206,IMPS,162536,SUCCESS,
9389,2025-09-28 22:22:33,3244,1080,NEFT,343404,SUCCESS,
9390,2025-05-15 05:06:38,670,3286,NEFT,25423,SUCCESS,
9391,2025-03-22 08:02:58,1697,3632,UPI,610,SUCCESS,
9392,2025-10-08 18:18:15,1528,4890,FUND TRANSFER,896265,SUCCESS,
9393,2025-11-13 05:47:47,2068,,DEPOSIT,85891,SUCCESS,
9394,2025-05-21 00:41:24,836,1781,FUND TRANSFER,291747,SUCCESS,
9395,2025-06-13 09:49:16,1316,1414,NEFT,2654,SUCCESS,
9396,2025-07-26 02:13:42,647,4258,NEFT,484636,SUCCESS,
9397,2025-06-18 11:12:52,3175,1353,UPI,8790,SUCCESS,
9398,2025-04-09 19:37:37,2736,3870,IMPS,6986,SUCCESS,
9399,2025-04-01 08:17:47,23,4274,UPI,2186,SUCCESS,
9400,2025-09-15 07:16:13,4787,4689,UPI,2392,SUCCESS,
9401,2025-08-31 01:15:36,2199,1031,UPI,2042,SUCCESS,
9402,2025-01-20 19:54:51,2932,,WITHDRAWAL,19488,SUCCESS,
9403,2025-05-07 21:22:33,2751,1902,IMPS,192829,FAILED,Beneficiary Not Found
9404,2025-10-18 21:54:11,3588,3795,FUND TRANSFER,9189,SUCCESS,
9405,2025-06-05 04:08:44,3307,,ATM WITHDRAWAL,7128,SUCCESS,
9406,2025-07-09 18:44:06,2090,,WITHDRAWAL,49854,SUCCESS,
9407,2025-10-23 07:45:18,1074,,ATM WITHDRAWAL,1128,SUCCESS,
9408,2025-10-21 15:08:46,1114,108,FUND TRANSFER,14161,SUCCESS,
9409,2025-08-31 14:02:05,4862,725,NEFT,191368,SUCCESS,
9410,2025-05-25 10:51:08,2037,3036,UPI,2098,SUCCESS,
9411,2025-12-28 17:12:24,1271,,ATM WITHDRAWAL,8146,SUCCESS,
9412,2025-02-03 17:25:55,1675,,DEPOSIT,17873,SUCCESS,
9413,2025-02-01 23:59:52,19,1618,FUND TRANSFER,749276,SUCCESS,
9414,2025-03-04 07:20:42,4670,,ATM WITHDRAWAL,530,SUCCESS,
9415,2025-11-24 10:38:38,575,2660,FUND TRANSFER,805651,SUCCESS,
9416,2025-05-01 14:36:09,4986,2567,IMPS,112132,SUCCESS,
9417,2025-03-18 21:34:58,906,3104,UPI,8106,SUCCESS,
9418,2025-07-01 07:46:59,99,4053,IMPS,74169,SUCCESS,
9419,2025-09-10 22:29:58,4414,3786,UPI,9579,SUCCESS,
9420,2025-10-02 05:50:46,2692,2108,UPI,222,SUCCESS,
9421,2025-01-10 13:20:49,736,680,FUND TRANSFER,226230,SUCCESS,
9422,2025-11-25 20:42:28,3088,2530,FUND TRANSFER,133271,SUCCESS,
9423,2025-03-08 17:09:18,816,,ATM WITHDRAWAL,910,SUCCESS,
9424,2025-02-19 07:04:36,2572,,DEPOSIT,93169,SUCCESS,
9425,2025-08-29 13:15:51,1306,1048,IMPS,189762,SUCCESS,
9426,2025-03-07 04:36:31,172,,ATM WITHDRAWAL,7461,SUCCESS,
9427,2025-04-17 19:08:21,1272,2717,UPI,8498,SUCCESS,
9428,2025-08-03 17:45:01,4583,,ATM WITHDRAWAL,4219,SUCCESS,
9429,2025-06-27 13:02:48,856,2261,UPI,2238,SUCCESS,
9430,2025-10-19 04:43:03,3248,2728,UPI,8734,SUCCESS,
9431,2025-01-23 09:52:05,196,2604,NEFT,334808,SUCCESS,
9432,2025-09-22 05:43:01,2712,3487,UPI,9003,SUCCESS,
9433,2025-01-28 15:20:51,3461,2948,IMPS,108879,SUCCESS,
9434,2025-01-12 23:13:45,936,2931,IMPS,152226,SUCCESS,
9435,2025-10-06 20:50:39,4708,,DEPOSIT,38469,SUCCESS,
9436,2025-09-22 21:54:05,2360,2051,UPI,6169,SUCCESS,
9437,2025-12-27 02:41:51,4801,2278,UPI,248,SUCCESS,
9438,2025-05-24 08:23:38,2192,4241,IMPS,111051,SUCCESS,
9439,2025-11-26 03:50:48,4073,,ATM WITHDRAWAL,7667,SUCCESS,
9440,2025-08-01 14:56:21,3145,866,UPI,3881,SUCCESS,
9441,2025-11-20 07:21:40,3836,4025,FUND TRANSFER,362727,SUCCESS,
9442,2025-11-26 21:03:01,592,3626,UPI,9157,SUCCESS,
9443,2025-02-01 07:33:53,1473,,DEPOSIT,45389,SUCCESS,
9444,2025-07-08 03:08:00,3296,13,NEFT,230485,SUCCESS,
9445,2025-05-25 14:59:40,1009,,WITHDRAWAL,15228,SUCCESS,
9446,2025-06-28 04:29:05,1030,,ATM WITHDRAWAL,554,SUCCESS,
9447,2025-03-18 01:47:06,467,,WITHDRAWAL,30720,SUCCESS,
9448,2025-01-15 21:05:46,4244,,ATM WITHDRAWAL,6722,SUCCESS,
9449,2025-10-25 13:19:58,3141,,WITHDRAWAL,21399,SUCCESS,
9450,2025-11-26 13:04:42,4128,,INTEREST CREDIT,23190,SUCCESS,
9451,2025-10-11 04:37:52,302,,INTEREST CREDIT,11469,SUCCESS,
9452,2025-11-04 06:28:15,552,2578,UPI,4979,SUCCESS,
9453,2025-11-20 12:27:31,1412,672,UPI,5800,SUCCESS,
9454,2025-12-15 20:22:02,1361,4099,FUND TRANSFER,876441,SUCCESS,
9455,2025-09-04 16:02:11,4465,4778,NEFT,315893,SUCCESS,
9456,2025-02-16 11:32:13,1835,,ATM WITHDRAWAL,207,SUCCESS,
9457,2025-04-29 02:46:18,2609,4058,FUND TRANSFER,198186,SUCCESS,
9458,2025-05-06 23:02:05,1936,1558,FUND TRANSFER,982392,SUCCESS,
9459,2025-04-16 18:25:35,2679,965,FUND TRANSFER,762110,SUCCESS,
9460,2025-03-26 08:35:48,3846,3785,FUND TRANSFER,727885,SUCCESS,
9461,2025-09-22 21:52:49,594,1218,UPI,584,SUCCESS,
9462,2025-01-29 04:07:00,3550,3215,UPI,5742,SUCCESS,
9463,2025-02-24 01:20:54,860,,ATM WITHDRAWAL,6207,SUCCESS,
9464,2025-01-03 08:19:06,1808,,DEPOSIT,24280,SUCCESS,
9465,2025-10-02 19:34:13,775,1726,UPI,9059,SUCCESS,
9466,2025-07-24 15:36:20,1167,1654,FUND TRANSFER,694423,SUCCESS,
9467,2025-06-07 21:22:01,2001,,ATM WITHDRAWAL,750,SUCCESS,
9468,2025-12-01 13:04:53,2361,,DEPOSIT,65731,FAILED,Insufficient Balance
9469,2025-09-29 05:03:44,4618,2920,FUND TRANSFER,378165,SUCCESS,
9470,2025-06-21 16:51:33,2631,1692,NEFT,181804,SUCCESS,
9471,2025-07-19 11:32:27,3026,4514,FUND TRANSFER,491207,SUCCESS,
9472,2025-08-20 08:48:03,1987,1537,UPI,5324,SUCCESS,
9473,2025-09-26 23:46:19,429,2852,NEFT,274554,FAILED,Invalid Account
9474,2025-12-14 13:01:41,3564,,DEPOSIT,40061,SUCCESS,
9475,2025-05-21 17:25:28,1086,890,UPI,5832,SUCCESS,
9476,2025-10-29 15:01:14,846,4217,UPI,4863,SUCCESS,
9477,2025-12-23 21:59:01,3175,,INTEREST CREDIT,7285,SUCCESS,
9478,2025-07-11 16:33:08,4138,,ATM WITHDRAWAL,5636,SUCCESS,
9479,2025-04-20 12:17:33,769,,DEPOSIT,38579,SUCCESS,
9480,2025-05-25 11:57:01,4317,2117,FUND TRANSFER,519076,FAILED,Invalid Account
9481,2025-06-14 17:12:34,1162,1684,UPI,1457,SUCCESS,
9482,2025-04-26 17:00:51,4901,,ATM WITHDRAWAL,7512,SUCCESS,
9483,2025-07-26 10:00:16,3043,3705,UPI,6017,SUCCESS,
9484,2025-07-29 09:57:09,2524,3954,IMPS,71856,SUCCESS,
9485,2025-09-20 07:10:46,4338,,ATM WITHDRAWAL,3822,SUCCESS,
9486,2025-11-03 10:25:39,3425,4273,FUND TRANSFER,126727,SUCCESS,
9487,2025-09-13 06:51:16,3692,473,IMPS,120739,SUCCESS,
9488,2025-08-21 08:51:40,3442,,WITHDRAWAL,44100,SUCCESS,
9489,2025-01-26 20:16:36,558,3141,UPI,6332,SUCCESS,
9490,2025-09-30 23:47:55,3714,2652,UPI,4191,SUCCESS,
9491,2025-01-27 08:42:29,1329,1110,NEFT,113806,SUCCESS,
9492,2025-09-12 07:28:28,2270,3127,FUND TRANSFER,735857,SUCCESS,
9493,2025-10-19 10:49:38,3661,658,FUND TRANSFER,680018,SUCCESS,
9494,2025-10-29 14:50:10,2330,913,UPI,9137,SUCCESS,
9495,2025-06-02 12:32:47,3593,942,FUND TRANSFER,214397,SUCCESS,
9496,2025-03-28 22:40:06,1811,1138,NEFT,335929,SUCCESS,
9497,2025-11-01 11:45:09,1050,4505,UPI,5901,SUCCESS,
9498,2025-11-15 06:29:50,539,1657,FUND TRANSFER,831279,SUCCESS,
9499,2025-04-16 06:05:42,2319,2997,UPI,215,SUCCESS,
9500,2025-12-10 02:46:22,1737,,ATM WITHDRAWAL,6367,SUCCESS,
9501,2025-07-20 13:15:24,3656,202,FUND TRANSFER,957690,SUCCESS,
9502,2025-08-25 07:24:40,882,,DEPOSIT,3430,SUCCESS,
9503,2025-04-28 01:43:51,2549,,WITHDRAWAL,36265,SUCCESS,
9504,2025-09-03 02:33:29,130,3855,UPI,7027,SUCCESS,
9505,2025-06-09 03:39:29,625,2376,FUND TRANSFER,485669,SUCCESS,
9506,2025-12-04 19:11:40,4488,919,IMPS,43632,SUCCESS,
9507,2025-09-25 01:26:11,751,3710,IMPS,98347,SUCCESS,
9508,2025-12-19 04:27:00,1227,2667,IMPS,141355,SUCCESS,
9509,2025-12-15 01:46:10,1877,4501,NEFT,250532,SUCCESS,
9510,2025-10-26 07:54:59,845,636,UPI,6438,SUCCESS,
9511,2025-10-07 15:15:34,1433,2177,FUND TRANSFER,496625,SUCCESS,
9512,2025-07-29 09:37:02,3006,,ATM WITHDRAWAL,4651,SUCCESS,
9513,2025-12-09 10:40:33,984,4370,FUND TRANSFER,376497,SUCCESS,
9514,2025-03-02 09:43:11,3899,2134,UPI,9704,SUCCESS,
9515,2025-12-23 19:42:32,1393,,ATM WITHDRAWAL,7816,FAILED,Daily Limit Exceeded
9516,2025-05-11 13:38:00,2737,101,UPI,9565,SUCCESS,
9517,2025-08-29 19:26:35,1416,1171,FUND TRANSFER,849603,SUCCESS,
9518,2025-01-13 16:12:33,677,,ATM WITHDRAWAL,2329,SUCCESS,
9519,2025-09-27 02:08:33,1175,,ATM WITHDRAWAL,5947,SUCCESS,
9520,2025-02-23 17:18:14,166,1564,IMPS,142587,SUCCESS,
9521,2025-10-26 06:15:33,3318,1667,UPI,2939,SUCCESS,
9522,2025-04-29 06:36:04,4938,,ATM WITHDRAWAL,7221,SUCCESS,
9523,2025-05-01 14:36:11,1410,4205,UPI,8118,SUCCESS,
9524,2025-02-26 10:13:18,4663,2991,UPI,4194,FAILED,Beneficiary Not Found
9525,2025-12-10 15:04:32,988,1119,IMPS,126181,SUCCESS,
9526,2025-07-11 22:41:51,988,,INTEREST CREDIT,7514,SUCCESS,
9527,2025-03-03 10:18:31,4970,,WITHDRAWAL,20452,SUCCESS,
9528,2025-02-22 08:54:08,4243,,ATM WITHDRAWAL,7271,SUCCESS,
9529,2025-06-16 15:55:31,3149,3291,NEFT,187140,SUCCESS,
9530,2025-12-29 14:22:35,1726,,ATM WITHDRAWAL,2311,SUCCESS,
9531,2025-09-21 23:59:06,1430,1618,IMPS,197896,SUCCESS,
9532,2025-10-14 05:14:22,4468,,ATM WITHDRAWAL,9688,SUCCESS,
9533,2025-03-21 04:35:09,1081,,WITHDRAWAL,15461,SUCCESS,
9534,2025-07-26 19:11:18,3480,,WITHDRAWAL,10768,SUCCESS,
9535,2025-03-18 20:39:15,911,2979,FUND TRANSFER,686486,FAILED,Invalid Account
9536,2025-12-22 19:09:18,2032,2268,UPI,9129,SUCCESS,
9537,2025-02-20 01:40:23,122,2698,FUND TRANSFER,743076,SUCCESS,
9538,2025-05-22 04:12:27,825,964,IMPS,43322,SUCCESS,
9539,2025-11-22 03:36:52,2649,,WITHDRAWAL,37937,SUCCESS,
9540,2025-06-24 21:21:16,3310,489,FUND TRANSFER,832020,FAILED,Invalid Account
9541,2025-09-08 12:57:23,2195,,WITHDRAWAL,49020,SUCCESS,
9542,2025-04-10 23:32:03,1071,,WITHDRAWAL,38753,SUCCESS,
9543,2025-07-11 04:13:29,1854,1288,UPI,4207,SUCCESS,
9544,2025-01-18 00:36:05,3896,,INTEREST CREDIT,8194,SUCCESS,
9545,2025-11-13 19:19:27,72,562,UPI,5681,SUCCESS,
9546,2025-02-23 07:57:44,2090,,DEPOSIT,40375,SUCCESS,
9547,2025-10-23 22:07:52,1440,1390,FUND TRANSFER,70632,SUCCESS,
9548,2025-05-11 19:54:12,4333,,WITHDRAWAL,24596,SUCCESS,
9549,2025-01-24 20:01:21,4783,4126,UPI,3885,SUCCESS,
9550,2025-09-21 09:14:59,111,,ATM WITHDRAWAL,2600,SUCCESS,
9551,2025-06-20 01:14:07,2764,,WITHDRAWAL,20801,SUCCESS,
9552,2025-07-30 15:21:11,4012,,WITHDRAWAL,11288,FAILED,Account Blocked
9553,2025-04-01 20:06:29,4533,2379,UPI,1958,SUCCESS,
9554,2025-12-21 08:08:58,1396,4820,NEFT,265784,FAILED,Invalid Account
9555,2025-04-23 12:33:52,3558,4377,FUND TRANSFER,205934,SUCCESS,
9556,2025-05-03 13:07:23,4934,4428,FUND TRANSFER,258971,SUCCESS,
9557,2025-11-19 19:48:29,1145,3841,NEFT,351251,SUCCESS,
9558,2025-11-03 00:27:37,4523,4188,UPI,6197,SUCCESS,
9559,2025-03-07 15:32:01,4947,3504,UPI,9230,SUCCESS,
9560,2025-07-21 22:30:43,2378,1124,NEFT,196833,SUCCESS,
9561,2025-10-21 03:05:55,3373,1616,FUND TRANSFER,578914,SUCCESS,
9562,2025-12-07 19:05:55,1386,4335,IMPS,63957,SUCCESS,
9563,2025-08-04 11:59:25,4442,,ATM WITHDRAWAL,2128,SUCCESS,
9564,2025-05-16 22:18:06,2599,726,NEFT,69593,SUCCESS,
9565,2025-07-09 02:18:41,4844,4539,FUND TRANSFER,50192,SUCCESS,
9566,2025-07-12 20:50:16,906,1814,IMPS,194817,SUCCESS,
9567,2025-10-14 02:10:47,1967,,ATM WITHDRAWAL,1144,SUCCESS,
9568,2025-07-03 14:36:23,374,,WITHDRAWAL,14723,SUCCESS,
9569,2025-11-13 08:21:17,3432,,ATM WITHDRAWAL,4912,SUCCESS,
9570,2025-08-25 18:31:44,1987,2563,UPI,3339,SUCCESS,
9571,2025-12-03 10:07:02,3088,395,UPI,634,SUCCESS,
9572,2025-10-04 16:22:52,825,,DEPOSIT,47482,FAILED,Beneficiary Not Found
9573,2025-03-24 19:34:03,51,,ATM WITHDRAWAL,5132,SUCCESS,
9574,2025-07-25 16:19:44,2576,2361,UPI,1093,SUCCESS,
9575,2025-06-26 05:46:52,4283,2423,UPI,259,SUCCESS,
9576,2025-04-25 13:25:19,432,285,NEFT,69366,SUCCESS,
9577,2025-10-10 18:15:05,1318,2238,UPI,6830,SUCCESS,
9578,2025-12-30 07:56:41,828,2596,FUND TRANSFER,837897,SUCCESS,
9579,2025-10-15 18:07:43,3690,,WITHDRAWAL,24240,SUCCESS,
9580,2025-07-07 05:25:32,1400,1466,FUND TRANSFER,148294,SUCCESS,
9581,2025-07-10 05:05:17,3455,1022,UPI,8283,SUCCESS,
9582,2025-05-06 22:31:06,3520,,DEPOSIT,9551,SUCCESS,
9583,2025-12-07 16:41:53,1406,,WITHDRAWAL,35660,SUCCESS,
9584,2025-10-02 23:36:29,4286,1110,IMPS,130350,SUCCESS,
9585,2025-03-07 15:20:24,3924,1902,UPI,701,SUCCESS,
9586,2025-08-10 04:33:07,2938,3881,IMPS,25455,SUCCESS,
9587,2025-06-20 15:12:39,160,,DEPOSIT,35540,SUCCESS,
9588,2025-09-10 09:43:36,1445,,WITHDRAWAL,22255,SUCCESS,
9589,2025-03-25 13:00:06,1920,2805,FUND TRANSFER,242535,SUCCESS,
9590,2025-04-12 22:04:03,261,,ATM WITHDRAWAL,142,SUCCESS,
9591,2025-01-31 00:16:58,161,2664,UPI,1924,SUCCESS,
9592,2025-06-18 12:17:17,2241,,DEPOSIT,39368,SUCCESS,
9593,2025-06-08 20:17:31,2766,,ATM WITHDRAWAL,265,SUCCESS,
9594,2025-10-17 23:25:09,3784,,DEPOSIT,74994,SUCCESS,
9595,2025-09-05 01:33:46,3668,,WITHDRAWAL,44571,SUCCESS,
9596,2025-06-08 14:08:36,4016,,ATM WITHDRAWAL,1328,SUCCESS,
9597,2025-07-17 03:19:41,3926,,ATM WITHDRAWAL,9997,SUCCESS,
9598,2025-01-24 00:03:03,2608,2404,UPI,4069,SUCCESS,
9599,2025-03-13 08:12:24,3545,451,UPI,6727,FAILED,Beneficiary Not Found
9600,2025-12-28 10:37:59,3102,3754,UPI,4461,SUCCESS,
9601,2025-11-18 07:17:57,2630,278,UPI,7358,SUCCESS,
9602,2025-09-29 00:53:15,1442,,DEPOSIT,899,SUCCESS,
9603,2025-04-05 05:35:52,3708,,INTEREST CREDIT,17667,SUCCESS,
9604,2025-04-23 03:04:04,2988,,INTEREST CREDIT,20229,SUCCESS,
9605,2025-03-27 07:57:33,4820,2666,NEFT,264678,SUCCESS,
9606,2025-04-12 07:16:50,1247,1180,NEFT,160871,SUCCESS,
9607,2025-04-21 03:00:07,3737,,WITHDRAWAL,22672,SUCCESS,
9608,2025-08-26 19:47:17,173,,ATM WITHDRAWAL,4066,SUCCESS,
9609,2025-11-25 10:53:19,1336,4051,UPI,3136,SUCCESS,
9610,2025-11-30 02:47:41,956,2156,NEFT,148884,SUCCESS,
9611,2025-03-14 19:20:09,3841,,WITHDRAWAL,42692,SUCCESS,
9612,2025-08-31 14:23:17,3861,,DEPOSIT,4907,SUCCESS,
9613,2025-10-21 20:39:11,3462,2,IMPS,180398,SUCCESS,
9614,2025-05-13 16:50:22,4895,,DEPOSIT,48553,SUCCESS,
9615,2025-03-02 04:07:46,3824,3753,UPI,6108,SUCCESS,
9616,2025-03-13 23:49:29,530,,DEPOSIT,51521,FAILED,Network Timeout
9617,2025-10-08 22:21:07,789,,ATM WITHDRAWAL,178,SUCCESS,
9618,2025-04-14 04:42:22,2438,19,UPI,2708,SUCCESS,
9619,2025-04-01 22:55:04,4261,3997,IMPS,159454,SUCCESS,
9620,2025-08-05 21:11:36,1099,4196,UPI,2638,SUCCESS,
9621,2025-04-26 04:45:33,3982,,DEPOSIT,97078,SUCCESS,
9622,2025-12-31 13:42:40,1317,,ATM WITHDRAWAL,1761,SUCCESS,
9623,2025-12-15 20:28:41,2518,1370,IMPS,129863,SUCCESS,
9624,2025-06-26 06:31:10,4985,,ATM WITHDRAWAL,2723,SUCCESS,
9625,2025-08-01 00:25:58,3729,,WITHDRAWAL,22821,SUCCESS,
9626,2025-03-15 04:52:16,2514,1303,UPI,1578,SUCCESS,
9627,2025-10-15 11:12:35,4514,4048,FUND TRANSFER,54413,SUCCESS,
9628,2025-10-25 19:31:03,4326,,ATM WITHDRAWAL,8151,SUCCESS,
9629,2025-02-18 23:12:22,2898,4551,FUND TRANSFER,192152,SUCCESS,
9630,2025-05-02 12:40:54,4459,,WITHDRAWAL,15763,SUCCESS,
9631,2025-05-29 12:17:56,476,1433,NEFT,491580,SUCCESS,
9632,2025-11-23 18:00:17,765,,WITHDRAWAL,24824,SUCCESS,
9633,2025-09-01 23:22:09,1299,4929,FUND TRANSFER,589378,SUCCESS,
9634,2025-03-18 16:52:49,3837,,WITHDRAWAL,1468,SUCCESS,
9635,2025-08-11 23:28:10,4252,,DEPOSIT,31508,SUCCESS,
9636,2025-04-15 14:56:15,1086,,DEPOSIT,17556,SUCCESS,
9637,2025-09-08 23:47:00,788,3740,FUND TRANSFER,361541,SUCCESS,
9638,2025-07-18 00:07:33,1396,,WITHDRAWAL,37436,SUCCESS,
9639,2025-01-16 19:41:03,1204,,WITHDRAWAL,26343,SUCCESS,
9640,2025-10-09 22:08:41,546,1165,NEFT,193282,SUCCESS,
9641,2025-04-19 03:56:40,4026,,WITHDRAWAL,17203,SUCCESS,
9642,2025-04-11 09:04:19,3745,3248,NEFT,58819,SUCCESS,
9643,2025-03-31 15:34:30,3139,4747,FUND TRANSFER,968582,SUCCESS,
9644,2025-10-15 13:37:32,3778,,DEPOSIT,73615,SUCCESS,
9645,2025-05-10 19:09:55,3047,2175,IMPS,158148,SUCCESS,
9646,2025-08-20 23:19:58,615,2705,FUND TRANSFER,971267,SUCCESS,
9647,2025-07-21 04:57:03,239,,DEPOSIT,98768,SUCCESS,
9648,2025-09-23 13:27:19,4773,,ATM WITHDRAWAL,1823,SUCCESS,
9649,2025-06-29 03:53:38,4005,3561,UPI,4781,SUCCESS,
9650,2025-02-24 08:15:19,3838,,ATM WITHDRAWAL,4348,SUCCESS,
9651,2025-10-20 13:43:01,4870,,DEPOSIT,24762,SUCCESS,
9652,2025-02-16 13:32:49,4342,4744,FUND TRANSFER,146450,SUCCESS,
9653,2025-05-16 19:02:32,2622,,DEPOSIT,47089,FAILED,Beneficiary Not Found
9654,2025-11-10 19:10:50,4571,4532,IMPS,154958,SUCCESS,
9655,2025-03-20 06:34:45,4319,,DEPOSIT,60487,SUCCESS,
9656,2025-06-22 17:50:18,354,,WITHDRAWAL,45052,SUCCESS,
9657,2025-08-11 13:16:54,1878,,ATM WITHDRAWAL,1235,SUCCESS,
9658,2025-01-16 04:27:55,68,,ATM WITHDRAWAL,5767,SUCCESS,
9659,2025-06-13 04:51:21,3475,1569,FUND TRANSFER,842565,SUCCESS,
9660,2025-12-08 09:19:36,962,567,IMPS,18219,SUCCESS,
9661,2025-12-30 12:10:22,4869,3175,NEFT,254615,SUCCESS,
9662,2025-07-26 07:17:37,3863,,WITHDRAWAL,21211,SUCCESS,
9663,2025-10-25 04:37:04,4701,2908,IMPS,97355,SUCCESS,
9664,2025-06-03 02:51:03,1798,4280,FUND TRANSFER,537979,SUCCESS,
9665,2025-04-19 19:10:32,2040,3863,IMPS,175939,SUCCESS,
9666,2025-08-18 11:51:07,2907,3566,NEFT,248087,SUCCESS,
9667,2025-10-01 12:51:41,3564,4303,UPI,1449,SUCCESS,
9668,2025-01-20 01:33:04,1697,,DEPOSIT,58203,SUCCESS,
9669,2025-01-02 16:04:59,3590,1787,UPI,2119,SUCCESS,
9670,2025-01-27 22:41:33,2411,2410,UPI,4223,SUCCESS,
9671,2025-07-12 03:08:59,3458,,WITHDRAWAL,40534,SUCCESS,
9672,2025-04-05 18:25:11,1927,1438,UPI,1436,SUCCESS,
9673,2025-08-28 09:42:10,4973,,WITHDRAWAL,2652,SUCCESS,
9674,2025-03-03 06:50:35,4819,,ATM WITHDRAWAL,897,SUCCESS,
9675,2025-03-13 03:58:29,3966,,ATM WITHDRAWAL,6599,SUCCESS,
9676,2025-06-22 23:55:14,1061,4316,FUND TRANSFER,358014,SUCCESS,
9677,2025-10-26 23:19:17,3171,2946,UPI,4678,SUCCESS,
9678,2025-05-06 07:26:43,1204,,WITHDRAWAL,21201,SUCCESS,
9679,2025-08-23 07:09:22,3182,,ATM WITHDRAWAL,1516,SUCCESS,
9680,2025-01-01 04:43:15,116,756,UPI,8219,SUCCESS,
9681,2025-07-23 18:54:46,1727,2321,IMPS,31234,SUCCESS,
9682,2025-01-02 09:21:45,2267,1230,FUND TRANSFER,626180,SUCCESS,
9683,2025-06-11 01:01:09,1566,,ATM WITHDRAWAL,4741,SUCCESS,
9684,2025-02-08 19:06:13,3775,1081,UPI,9626,SUCCESS,
9685,2025-11-21 05:24:19,173,2889,FUND TRANSFER,277079,SUCCESS,
9686,2025-06-27 12:02:31,2024,4215,NEFT,370908,SUCCESS,
9687,2025-03-26 18:05:41,2727,2814,FUND TRANSFER,818406,SUCCESS,
9688,2025-01-08 02:40:36,2001,,ATM WITHDRAWAL,4094,SUCCESS,
9689,2025-06-15 21:15:21,1261,3679,UPI,1157,SUCCESS,
9690,2025-10-27 15:21:30,2026,,DEPOSIT,779,SUCCESS,
9691,2025-08-28 03:28:28,1570,229,IMPS,177379,FAILED,Daily Limit Exceeded
9692,2025-05-02 13:58:46,111,1929,NEFT,374402,SUCCESS,
9693,2025-09-23 05:53:38,3356,4565,UPI,5043,SUCCESS,
9694,2025-12-18 06:43:22,2475,1841,UPI,1660,SUCCESS,
9695,2025-11-07 09:29:28,358,3187,FUND TRANSFER,710142,SUCCESS,
9696,2025-09-21 11:25:59,3576,,ATM WITHDRAWAL,5759,SUCCESS,
9697,2025-05-24 22:13:56,512,2040,NEFT,378211,SUCCESS,
9698,2025-11-10 07:26:41,3691,,WITHDRAWAL,17906,SUCCESS,
9699,2025-09-21 06:23:45,3284,2479,UPI,785,SUCCESS,
9700,2025-07-05 16:27:05,4309,299,UPI,7105,SUCCESS,
9701,2025-12-18 19:06:48,4916,1812,UPI,9500,SUCCESS,
9702,2025-04-25 15:24:37,2425,,DEPOSIT,65029,SUCCESS,
9703,2025-06-07 21:17:24,2302,721,UPI,2588,SUCCESS,
9704,2025-08-18 15:25:00,4694,353,UPI,9111,SUCCESS,
9705,2025-11-10 18:36:20,2173,,ATM WITHDRAWAL,1556,SUCCESS,
9706,2025-02-11 21:58:11,1924,2853,UPI,2018,SUCCESS,
9707,2025-11-06 09:42:42,3584,2318,UPI,6630,SUCCESS,
9708,2025-08-12 00:38:24,1066,,WITHDRAWAL,36106,SUCCESS,
9709,2025-08-13 13:23:43,2487,,WITHDRAWAL,20100,SUCCESS,
9710,2025-10-11 15:59:59,2560,4426,IMPS,126565,SUCCESS,
9711,2025-06-24 07:45:01,2235,,DEPOSIT,86076,SUCCESS,
9712,2025-04-18 23:54:04,3540,,ATM WITHDRAWAL,4178,SUCCESS,
9713,2025-08-27 21:35:59,2273,,ATM WITHDRAWAL,4842,SUCCESS,
9714,2025-01-26 11:17:08,4802,4588,UPI,1475,SUCCESS,
9715,2025-03-26 14:47:08,4899,3936,UPI,5117,SUCCESS,
9716,2025-07-11 19:24:21,429,1754,IMPS,79882,SUCCESS,
9717,2025-06-22 15:14:00,4988,,INTEREST CREDIT,11368,SUCCESS,
9718,2025-10-14 01:27:58,935,1804,FUND TRANSFER,497499,SUCCESS,
9719,2025-08-03 03:12:30,1800,1765,IMPS,153039,SUCCESS,
9720,2025-12-03 06:26:06,4473,,ATM WITHDRAWAL,8485,SUCCESS,
9721,2025-01-20 05:42:57,356,1452,UPI,5705,SUCCESS,
9722,2025-03-06 10:04:34,4890,3425,UPI,4193,SUCCESS,
9723,2025-07-28 15:24:39,3692,,ATM WITHDRAWAL,9162,SUCCESS,
9724,2025-04-04 02:53:42,3189,2077,UPI,5289,SUCCESS,
9725,2025-10-17 00:38:48,1230,1128,IMPS,183954,SUCCESS,
9726,2025-11-01 07:57:35,729,1206,NEFT,219571,SUCCESS,
9727,2025-04-11 10:39:15,4094,334,FUND TRANSFER,75608,SUCCESS,
9728,2025-11-01 08:13:01,3301,,ATM WITHDRAWAL,6211,SUCCESS,
9729,2025-09-18 02:59:44,3376,3535,IMPS,70810,FAILED,Insufficient Balance
9730,2025-05-20 05:19:12,2932,,WITHDRAWAL,39061,SUCCESS,
9731,2025-03-04 16:41:28,1469,698,IMPS,79846,SUCCESS,
9732,2025-02-05 20:48:24,2076,,DEPOSIT,27634,SUCCESS,
9733,2025-11-22 14:37:13,4041,3290,NEFT,225725,SUCCESS,
9734,2025-05-07 10:14:07,3485,,DEPOSIT,91820,SUCCESS,
9735,2025-06-20 07:39:23,3763,1061,UPI,4457,SUCCESS,
9736,2025-05-11 18:03:18,2645,,WITHDRAWAL,22071,SUCCESS,
9737,2025-03-21 14:26:14,2297,1147,IMPS,101473,SUCCESS,
9738,2025-05-28 14:01:56,3306,3637,FUND TRANSFER,180268,SUCCESS,
9739,2025-06-14 12:27:30,811,1071,NEFT,351397,SUCCESS,
9740,2025-01-04 13:31:03,1575,384,UPI,7197,SUCCESS,
9741,2025-12-03 00:41:27,3449,4770,FUND TRANSFER,660290,FAILED,Invalid Account
9742,2025-06-20 18:52:46,2993,3069,FUND TRANSFER,1253,SUCCESS,
9743,2025-07-04 06:32:42,436,,WITHDRAWAL,44863,SUCCESS,
9744,2025-04-30 12:12:40,3036,2704,UPI,3968,SUCCESS,
9745,2025-02-19 08:03:38,4964,962,FUND TRANSFER,65224,SUCCESS,
9746,2025-11-06 09:41:37,946,3395,FUND TRANSFER,258958,SUCCESS,
9747,2025-03-04 15:10:24,1169,,DEPOSIT,74568,SUCCESS,
9748,2025-06-29 03:39:09,1317,2502,UPI,682,SUCCESS,
9749,2025-03-03 03:06:42,3621,700,FUND TRANSFER,286186,SUCCESS,
9750,2025-08-15 15:49:03,3530,,DEPOSIT,56693,SUCCESS,
9751,2025-03-02 08:40:34,2059,3806,UPI,2772,SUCCESS,
9752,2025-01-27 21:17:51,510,4509,UPI,9631,SUCCESS,
9753,2025-06-01 22:58:45,3662,1069,FUND TRANSFER,660155,SUCCESS,
9754,2025-07-23 06:14:21,4407,4531,NEFT,26358,SUCCESS,
9755,2025-05-25 08:37:53,4656,3468,UPI,7821,SUCCESS,
9756,2025-05-22 19:27:00,300,965,IMPS,199040,SUCCESS,
9757,2025-01-24 12:30:42,3207,,ATM WITHDRAWAL,9842,SUCCESS,
9758,2025-02-25 23:51:29,2378,,DEPOSIT,41116,SUCCESS,
9759,2025-10-10 15:42:16,236,3237,FUND TRANSFER,169519,SUCCESS,
9760,2025-11-07 15:43:28,4813,4933,FUND TRANSFER,591959,SUCCESS,
9761,2025-01-05 12:24:05,224,,ATM WITHDRAWAL,3439,SUCCESS,
9762,2025-07-13 17:41:53,554,1077,FUND TRANSFER,140475,SUCCESS,
9763,2025-05-16 01:24:43,2538,2509,FUND TRANSFER,902250,SUCCESS,
9764,2025-06-13 15:17:44,528,,WITHDRAWAL,2570,SUCCESS,
9765,2025-04-14 01:13:26,748,3821,FUND TRANSFER,495632,SUCCESS,
9766,2025-12-31 01:23:30,1056,4323,UPI,9734,SUCCESS,
9767,2025-12-15 19:45:31,931,,WITHDRAWAL,13472,SUCCESS,
9768,2025-11-24 07:33:15,1309,32,FUND TRANSFER,809633,SUCCESS,
9769,2025-07-06 21:20:47,4660,,ATM WITHDRAWAL,9595,SUCCESS,
9770,2025-06-30 12:44:20,1686,2583,FUND TRANSFER,254495,SUCCESS,
9771,2025-10-28 12:01:46,637,,ATM WITHDRAWAL,9769,SUCCESS,
9772,2025-12-02 13:56:27,2265,,WITHDRAWAL,27207,SUCCESS,
9773,2025-10-12 14:21:19,741,,DEPOSIT,9810,SUCCESS,
9774,2025-10-08 01:30:21,279,,ATM WITHDRAWAL,4541,SUCCESS,
9775,2025-11-05 10:35:23,4747,3048,UPI,3147,SUCCESS,
9776,2025-09-09 20:01:05,3027,180,FUND TRANSFER,254803,SUCCESS,
9777,2025-01-27 04:32:07,3752,4077,UPI,3137,SUCCESS,
9778,2025-09-19 03:37:27,274,,DEPOSIT,38415,SUCCESS,
9779,2025-07-27 12:09:45,4061,906,UPI,1071,SUCCESS,
9780,2025-06-09 03:52:46,3828,,ATM WITHDRAWAL,9402,SUCCESS,
9781,2025-05-05 02:56:31,604,1573,NEFT,79587,SUCCESS,
9782,2025-10-22 02:26:34,980,1651,FUND TRANSFER,198221,FAILED,Daily Limit Exceeded
9783,2025-12-28 22:58:16,1933,3228,IMPS,59712,SUCCESS,
9784,2025-01-07 05:46:10,1942,,WITHDRAWAL,41605,SUCCESS,
9785,2025-02-24 09:11:19,4056,4845,UPI,4021,SUCCESS,
9786,2025-05-15 05:02:06,356,3079,UPI,9616,SUCCESS,
9787,2025-09-16 07:16:27,591,3433,NEFT,460752,SUCCESS,
9788,2025-07-28 08:33:15,1924,1247,FUND TRANSFER,348635,SUCCESS,
9789,2025-08-02 18:24:29,3170,,ATM WITHDRAWAL,5500,SUCCESS,
9790,2025-10-13 07:41:01,3723,4824,UPI,7415,SUCCESS,
9791,2025-04-15 06:23:07,3573,68,UPI,8011,SUCCESS,
9792,2025-03-28 23:41:25,3395,,DEPOSIT,15401,SUCCESS,
9793,2025-10-10 11:25:35,2810,545,UPI,829,SUCCESS,
9794,2025-05-22 02:22:50,1099,4787,UPI,7152,SUCCESS,
9795,2025-09-18 10:06:20,1056,2686,FUND TRANSFER,724153,SUCCESS,
9796,2025-07-10 23:33:24,3641,,DEPOSIT,74727,SUCCESS,
9797,2025-12-05 14:13:18,2175,4800,IMPS,128801,SUCCESS,
9798,2025-01-17 11:07:54,3158,3512,FUND TRANSFER,742800,SUCCESS,
9799,2025-07-02 03:34:21,122,3649,UPI,9701,SUCCESS,
9800,2025-10-30 15:04:48,3321,,ATM WITHDRAWAL,8178,SUCCESS,
9801,2025-10-10 22:03:22,766,,WITHDRAWAL,38244,SUCCESS,
9802,2025-10-16 07:42:34,2700,1277,NEFT,427635,SUCCESS,
9803,2025-12-15 19:18:26,912,,ATM WITHDRAWAL,9769,SUCCESS,
9804,2025-08-05 13:58:04,4821,436,IMPS,199667,SUCCESS,
9805,2025-12-12 18:29:00,3104,4193,FUND TRANSFER,276595,SUCCESS,
9806,2025-09-04 05:12:34,4053,,ATM WITHDRAWAL,8161,SUCCESS,
9807,2025-01-12 23:32:31,886,,WITHDRAWAL,45127,SUCCESS,
9808,2025-03-03 21:17:50,1343,,WITHDRAWAL,17265,SUCCESS,
9809,2025-12-24 22:56:38,3358,,WITHDRAWAL,13417,SUCCESS,
9810,2025-05-03 03:54:54,3636,,ATM WITHDRAWAL,2113,SUCCESS,
9811,2025-04-27 00:02:43,1579,2428,UPI,7788,SUCCESS,
9812,2025-10-20 09:04:14,2878,1999,FUND TRANSFER,35267,SUCCESS,
9813,2025-09-11 07:04:43,1284,,WITHDRAWAL,37681,SUCCESS,
9814,2025-12-28 22:45:59,458,,INTEREST CREDIT,2000,SUCCESS,
9815,2025-09-16 07:19:11,1952,,WITHDRAWAL,11483,SUCCESS,
9816,2025-09-18 15:57:04,4146,4082,UPI,923,SUCCESS,
9817,2025-12-13 01:59:42,4368,4070,FUND TRANSFER,243911,SUCCESS,
9818,2025-01-29 01:56:01,32,3056,UPI,8831,SUCCESS,
9819,2025-02-13 04:26:03,2924,2993,FUND TRANSFER,273769,SUCCESS,
9820,2025-12-14 10:27:57,2481,2745,FUND TRANSFER,280776,SUCCESS,
9821,2025-03-23 10:02:32,3959,674,NEFT,83798,SUCCESS,
9822,2025-03-19 04:04:08,758,,DEPOSIT,4936,SUCCESS,
9823,2025-04-13 11:24:18,989,,INTEREST CREDIT,13322,SUCCESS,
9824,2025-01-06 22:59:56,2779,3736,UPI,2942,SUCCESS,
9825,2025-12-11 15:20:02,2334,,DEPOSIT,49555,SUCCESS,
9826,2025-03-20 00:27:11,4337,,INTEREST CREDIT,14404,SUCCESS,
9827,2025-02-13 01:02:29,3289,2413,FUND TRANSFER,960982,FAILED,Network Timeout
9828,2025-06-23 19:02:47,2244,,DEPOSIT,87335,SUCCESS,
9829,2025-08-21 20:35:53,3104,2167,IMPS,45522,SUCCESS,
9830,2025-11-08 07:36:39,806,4073,NEFT,308281,SUCCESS,
9831,2025-08-07 13:01:37,1867,998,UPI,9043,SUCCESS,
9832,2025-06-09 11:55:08,3564,,DEPOSIT,61697,SUCCESS,
9833,2025-12-31 05:42:22,2129,3541,UPI,4227,SUCCESS,
9834,2025-03-12 05:02:02,1916,,WITHDRAWAL,7568,SUCCESS,
9835,2025-06-07 06:18:12,2072,1004,UPI,4090,SUCCESS,
9836,2025-03-03 02:26:21,305,,ATM WITHDRAWAL,393,SUCCESS,
9837,2025-07-17 21:58:22,1890,3746,IMPS,105479,SUCCESS,
9838,2025-12-04 14:15:02,4399,2771,NEFT,467768,SUCCESS,
9839,2025-11-12 10:15:37,2090,121,IMPS,34322,SUCCESS,
9840,2025-06-10 19:36:03,191,180,IMPS,104381,SUCCESS,
9841,2025-09-18 09:26:52,507,,ATM WITHDRAWAL,3051,SUCCESS,
9842,2025-02-23 07:36:57,2967,1234,IMPS,30031,SUCCESS,
9843,2025-07-03 09:07:41,3299,,WITHDRAWAL,44683,SUCCESS,
9844,2025-09-26 17:41:31,336,,ATM WITHDRAWAL,3217,SUCCESS,
9845,2025-12-25 17:38:59,4768,,WITHDRAWAL,19768,SUCCESS,
9846,2025-07-13 05:55:45,3949,,DEPOSIT,44434,SUCCESS,
9847,2025-01-04 19:27:07,4383,,ATM WITHDRAWAL,5390,SUCCESS,
9848,2025-05-20 12:00:07,4084,3839,UPI,7642,SUCCESS,
9849,2025-11-26 18:14:52,2030,712,FUND TRANSFER,576321,SUCCESS,
9850,2025-05-01 02:51:33,4813,4695,FUND TRANSFER,260315,SUCCESS,
9851,2025-01-03 16:48:39,4601,,ATM WITHDRAWAL,1862,SUCCESS,
9852,2025-06-03 01:05:14,1984,,WITHDRAWAL,34564,SUCCESS,
9853,2025-02-08 21:17:31,3247,3540,NEFT,55017,SUCCESS,
9854,2025-09-22 03:00:12,1493,2157,UPI,5598,SUCCESS,
9855,2025-10-21 06:05:23,1014,1623,UPI,5312,SUCCESS,
9856,2025-01-20 03:07:35,4276,2288,UPI,9935,SUCCESS,
9857,2025-09-29 02:16:02,900,715,FUND TRANSFER,164097,SUCCESS,
9858,2025-01-29 05:27:12,2456,4501,UPI,1350,SUCCESS,
9859,2025-08-15 11:44:14,4789,2218,IMPS,152809,SUCCESS,
9860,2025-03-24 04:03:54,3654,,DEPOSIT,50088,SUCCESS,
9861,2025-03-03 10:36:38,4967,2807,UPI,6116,SUCCESS,
9862,2025-10-17 13:09:10,3047,2617,UPI,2898,SUCCESS,
9863,2025-08-05 02:38:13,1746,2118,IMPS,82122,SUCCESS,
9864,2025-08-05 20:39:21,4741,,ATM WITHDRAWAL,7105,SUCCESS,
9865,2025-11-10 02:13:52,2262,,DEPOSIT,4957,SUCCESS,
9866,2025-08-04 19:48:00,280,2767,NEFT,44788,SUCCESS,
9867,2025-10-14 04:08:23,3364,,WITHDRAWAL,45707,SUCCESS,
9868,2025-01-17 23:01:55,3446,,DEPOSIT,98035,SUCCESS,
9869,2025-09-04 03:54:09,1122,,WITHDRAWAL,8082,SUCCESS,
9870,2025-04-07 04:24:53,2795,,DEPOSIT,16099,SUCCESS,
9871,2025-01-18 12:38:10,666,3143,FUND TRANSFER,147864,SUCCESS,
9872,2025-01-20 00:14:13,1996,,DEPOSIT,42285,SUCCESS,
9873,2025-12-11 03:00:25,1347,591,UPI,3642,SUCCESS,
9874,2025-11-22 16:38:03,993,,WITHDRAWAL,16369,SUCCESS,
9875,2025-02-07 19:49:21,414,1255,FUND TRANSFER,234102,SUCCESS,
9876,2025-09-22 01:47:43,277,3979,IMPS,159105,SUCCESS,
9877,2025-08-28 13:42:34,1284,4243,UPI,2911,SUCCESS,
9878,2025-01-12 18:29:05,1308,,ATM WITHDRAWAL,8481,SUCCESS,
9879,2025-02-19 17:34:42,3332,,ATM WITHDRAWAL,4273,SUCCESS,
9880,2025-12-05 12:03:53,3569,,INTEREST CREDIT,10823,SUCCESS,
9881,2025-01-22 18:26:14,56,628,UPI,5041,SUCCESS,
9882,2025-07-04 07:39:28,3850,,DEPOSIT,22890,SUCCESS,
9883,2025-02-15 06:58:46,640,4406,FUND TRANSFER,752891,SUCCESS,
9884,2025-11-08 20:15:08,2659,475,FUND TRANSFER,668706,SUCCESS,
9885,2025-04-21 01:01:35,94,,DEPOSIT,26229,SUCCESS,
9886,2025-09-27 12:37:46,2066,937,FUND TRANSFER,765458,SUCCESS,
9887,2025-06-19 23:49:41,619,1296,UPI,5153,SUCCESS,
9888,2025-08-21 02:07:27,2591,,WITHDRAWAL,11084,SUCCESS,
9889,2025-06-10 03:41:52,2081,3210,NEFT,3918,SUCCESS,
9890,2025-12-10 16:15:54,4309,,WITHDRAWAL,31457,SUCCESS,
9891,2025-09-10 17:33:04,3725,2314,UPI,201,SUCCESS,
9892,2025-03-31 05:31:58,1828,1977,FUND TRANSFER,653683,SUCCESS,
9893,2025-02-17 22:45:21,718,3732,FUND TRANSFER,385362,SUCCESS,
9894,2025-11-06 10:49:09,2424,,INTEREST CREDIT,14120,SUCCESS,
9895,2025-12-03 15:13:41,352,2537,FUND TRANSFER,796033,FAILED,Insufficient Balance
9896,2025-08-03 09:56:38,3782,1657,IMPS,110858,SUCCESS,
9897,2025-02-10 00:25:49,256,1878,NEFT,219368,SUCCESS,
9898,2025-07-05 01:49:42,2741,1000,FUND TRANSFER,311932,SUCCESS,
9899,2025-09-20 18:04:41,557,1762,UPI,6266,SUCCESS,
9900,2025-09-10 04:26:52,4340,,WITHDRAWAL,31848,SUCCESS,
9901,2025-03-24 09:04:58,3481,4753,UPI,8691,SUCCESS,
9902,2025-10-12 02:00:00,2756,2363,IMPS,83151,SUCCESS,
9903,2025-08-01 05:33:02,2269,4007,FUND TRANSFER,218544,SUCCESS,
9904,2025-01-02 20:29:37,2104,,ATM WITHDRAWAL,283,SUCCESS,
9905,2025-06-02 21:32:52,4987,3922,FUND TRANSFER,991273,SUCCESS,
9906,2025-01-23 18:40:56,1433,,ATM WITHDRAWAL,4378,SUCCESS,
9907,2025-05-06 19:16:33,1276,3878,UPI,153,SUCCESS,
9908,2025-05-23 05:30:38,453,1047,IMPS,154370,SUCCESS,
9909,2025-10-30 12:12:38,877,,WITHDRAWAL,42325,SUCCESS,
9910,2025-03-03 06:44:06,2763,4389,FUND TRANSFER,661379,SUCCESS,
9911,2025-08-03 12:52:56,4385,2778,UPI,8922,SUCCESS,
9912,2025-10-13 08:01:12,1121,3782,UPI,5942,SUCCESS,
9913,2025-10-21 18:33:20,4601,26,UPI,6516,SUCCESS,
9914,2025-05-25 13:43:14,1113,,ATM WITHDRAWAL,7792,SUCCESS,
9915,2025-01-23 23:49:13,560,,WITHDRAWAL,33789,SUCCESS,
9916,2025-07-07 22:55:24,3627,2814,FUND TRANSFER,185462,SUCCESS,
9917,2025-11-07 00:08:33,1099,4997,FUND TRANSFER,18507,SUCCESS,
9918,2025-08-28 10:52:28,251,773,UPI,3203,SUCCESS,
9919,2025-03-11 20:31:58,1184,1085,FUND TRANSFER,828826,SUCCESS,
9920,2025-03-29 15:41:24,4554,3851,FUND TRANSFER,582442,SUCCESS,
9921,2025-05-05 10:55:00,4180,,DEPOSIT,13765,SUCCESS,
9922,2025-06-19 22:54:46,101,2110,FUND TRANSFER,820066,SUCCESS,
9923,2025-02-25 14:23:44,256,372,UPI,6525,SUCCESS,
9924,2025-03-31 23:48:49,498,1988,IMPS,47253,SUCCESS,
9925,2025-01-10 23:31:15,1773,,ATM WITHDRAWAL,2903,SUCCESS,
9926,2025-10-12 20:42:47,2747,,ATM WITHDRAWAL,3471,SUCCESS,
9927,2025-10-24 12:42:01,554,1182,FUND TRANSFER,178590,SUCCESS,
9928,2025-02-05 16:04:21,4589,2126,FUND TRANSFER,642257,SUCCESS,
9929,2025-06-30 04:33:55,877,1096,FUND TRANSFER,970925,SUCCESS,
9930,2025-10-31 14:26:48,1375,15,FUND TRANSFER,235816,FAILED,Invalid Account
9931,2025-08-02 19:23:36,100,3955,IMPS,76897,SUCCESS,
9932,2025-05-26 01:42:51,3546,829,UPI,8126,SUCCESS,
9933,2025-05-18 09:38:36,1929,,WITHDRAWAL,7703,SUCCESS,
9934,2025-05-22 10:52:15,3223,,DEPOSIT,7377,SUCCESS,
9935,2025-09-28 02:08:33,321,1176,FUND TRANSFER,759266,SUCCESS,
9936,2025-04-09 05:12:53,3704,,WITHDRAWAL,22401,SUCCESS,
9937,2025-06-04 23:55:27,4794,,WITHDRAWAL,5749,SUCCESS,
9938,2025-05-06 07:41:20,685,213,UPI,1621,SUCCESS,
9939,2025-01-21 13:05:12,2636,,DEPOSIT,41955,SUCCESS,
9940,2025-06-22 13:12:06,34,4827,FUND TRANSFER,488118,SUCCESS,
9941,2025-11-21 05:34:15,1499,,ATM WITHDRAWAL,1687,SUCCESS,
9942,2025-11-21 21:16:26,4986,,DEPOSIT,75684,SUCCESS,
9943,2025-03-06 18:58:29,2569,3018,NEFT,128285,SUCCESS,
9944,2025-04-30 00:47:46,2701,1944,UPI,1492,SUCCESS,
9945,2025-09-07 08:58:31,4178,,ATM WITHDRAWAL,5091,SUCCESS,
9946,2025-05-27 08:41:43,2857,,WITHDRAWAL,42566,SUCCESS,
9947,2025-01-09 08:10:09,1383,1165,UPI,9331,SUCCESS,
9948,2025-07-20 15:56:00,3540,2233,IMPS,196748,SUCCESS,
9949,2025-06-20 04:16:20,3175,4293,IMPS,56345,SUCCESS,
9950,2025-10-30 06:34:30,3560,42,IMPS,91597,SUCCESS,
9951,2025-12-20 16:14:57,853,1898,NEFT,268441,SUCCESS,
9952,2025-04-22 15:52:25,3615,1310,FUND TRANSFER,952210,SUCCESS,
9953,2025-08-11 22:54:58,931,1864,UPI,3162,SUCCESS,
9954,2025-10-07 04:50:43,2885,,INTEREST CREDIT,20525,SUCCESS,
9955,2025-08-27 10:33:49,3259,3451,UPI,3326,SUCCESS,
9956,2025-01-24 00:50:12,4892,,ATM WITHDRAWAL,1767,SUCCESS,
9957,2025-12-04 18:20:33,4002,,WITHDRAWAL,8583,SUCCESS,
9958,2025-11-10 14:54:18,3969,,DEPOSIT,85273,SUCCESS,
9959,2025-12-27 22:39:33,35,4852,FUND TRANSFER,934423,SUCCESS,
9960,2025-07-08 15:24:35,4955,2976,FUND TRANSFER,65969,SUCCESS,
9961,2025-12-04 23:16:05,2598,4334,IMPS,196289,SUCCESS,
9962,2025-05-23 09:12:54,3458,,ATM WITHDRAWAL,5346,SUCCESS,
9963,2025-06-27 00:51:57,1822,1008,FUND TRANSFER,632564,SUCCESS,
9964,2025-04-11 17:28:23,937,,ATM WITHDRAWAL,7266,SUCCESS,
9965,2025-09-10 17:08:56,3920,2092,IMPS,157480,SUCCESS,
9966,2025-06-25 15:53:52,4650,3045,NEFT,266458,SUCCESS,
9967,2025-10-07 15:36:55,2467,2454,UPI,2873,SUCCESS,
9968,2025-07-01 13:48:54,4805,,ATM WITHDRAWAL,6663,SUCCESS,
9969,2025-08-28 01:42:31,2220,865,NEFT,116309,SUCCESS,
9970,2025-07-29 16:56:32,1419,,ATM WITHDRAWAL,5841,SUCCESS,
9971,2025-03-29 20:37:04,2788,673,UPI,5805,SUCCESS,
9972,2025-01-24 10:13:06,4444,4214,UPI,4438,SUCCESS,
9973,2025-02-09 23:07:38,2726,,DEPOSIT,94084,SUCCESS,
9974,2025-11-28 01:24:58,4782,1794,IMPS,128439,SUCCESS,
9975,2025-02-22 17:09:03,4641,4617,UPI,6544,SUCCESS,
9976,2025-11-30 05:58:37,3440,1648,UPI,5014,SUCCESS,
9977,2025-06-18 05:58:22,3689,3229,NEFT,60317,SUCCESS,
9978,2025-07-25 00:59:51,3347,,DEPOSIT,30169,SUCCESS,
9979,2025-06-05 19:28:11,4680,,ATM WITHDRAWAL,9166,SUCCESS,
9980,2025-02-25 00:20:20,4107,1196,UPI,9643,SUCCESS,
9981,2025-10-11 23:49:05,165,,DEPOSIT,82035,SUCCESS,
9982,2025-03-01 19:23:19,2153,657,IMPS,158202,SUCCESS,
9983,2025-04-28 23:58:53,49,242,UPI,3412,SUCCESS,
9984,2025-06-10 05:45:05,2905,4235,UPI,5423,SUCCESS,
9985,2025-05-31 23:09:40,68,122,UPI,4383,SUCCESS,
9986,2025-08-30 17:29:24,3671,2316,FUND TRANSFER,470674,SUCCESS,
9987,2025-02-24 01:20:41,3760,,DEPOSIT,60186,SUCCESS,
9988,2025-01-01 11:27:45,3567,,WITHDRAWAL,41892,SUCCESS,
9989,2025-06-29 23:25:48,1480,2454,IMPS,46108,SUCCESS,
9990,2025-02-06 23:36:23,496,,ATM WITHDRAWAL,4492,SUCCESS,
9991,2025-11-23 13:57:29,1659,3867,UPI,1564,SUCCESS,
9992,2025-05-18 04:07:37,2824,,ATM WITHDRAWAL,9019,SUCCESS,
9993,2025-01-15 03:08:42,1516,,ATM WITHDRAWAL,2183,SUCCESS,
9994,2025-09-20 21:15:00,4976,,WITHDRAWAL,17050,SUCCESS,
9995,2025-12-28 10:16:35,755,3179,UPI,3522,SUCCESS,
9996,2025-06-06 14:58:00,2787,4007,UPI,9249,SUCCESS,
9997,2025-03-24 11:09:14,3510,737,UPI,6999,SUCCESS,
9998,2025-09-22 02:25:20,612,,DEPOSIT,21096,SUCCESS,
9999,2025-06-28 18:46:13,731,431,UPI,665,FAILED,Beneficiary Not Found
10000,2025-05-19 19:03:45,2289,3030,FUND TRANSFER,584405,SUCCESS,
